modality	feature	canonical_component	loading
RNA-seq	CLEC3A	CV1	-0.064314
RNA-seq	CPB1	CV1	0.005867
RNA-seq	SCGB2A2	CV1	-0.110429
RNA-seq	SCGB1D2	CV1	0.111949
RNA-seq	TFF1	CV1	-0.13332
RNA-seq	PIP	CV1	0.026478
RNA-seq	GSTM1	CV1	0.012027
RNA-seq	MUCL1	CV1	0.022542
RNA-seq	S100A7	CV1	-0.118102
RNA-seq	ANKRD30A	CV1	-0.021862
RNA-seq	CYP2B7P1	CV1	0.080687
RNA-seq	AGR3	CV1	0.27465
RNA-seq	PRAME	CV1	-0.156012
RNA-seq	MUC6	CV1	0.026448
RNA-seq	CYP4Z1	CV1	0.104696
RNA-seq	HMGCS2	CV1	0.15129
RNA-seq	DHRS2	CV1	-0.119013
RNA-seq	KCNJ3	CV1	0.057002
RNA-seq	TFAP2B	CV1	-0.008354
RNA-seq	SERPINA6	CV1	-0.000802
RNA-seq	TAT	CV1	-0.004721
RNA-seq	UGT2B11	CV1	-0.114307
RNA-seq	C4orf7	CV1	-0.10069
RNA-seq	SLC30A8	CV1	0.050636
RNA-seq	VSTM2A	CV1	0.005138
RNA-seq	COL2A1	CV1	0.067121
RNA-seq	CALML5	CV1	-0.035409
RNA-seq	ADIPOQ	CV1	0.013253
RNA-seq	ADH1B	CV1	0.033298
RNA-seq	KRT14	CV1	-0.058022
RNA-seq	GP2	CV1	-0.003534
RNA-seq	GRIA2	CV1	0.009621
RNA-seq	MYBPC1	CV1	-0.024327
RNA-seq	CEACAM5	CV1	0.043524
RNA-seq	TFF3	CV1	0.337467
RNA-seq	C1orf64	CV1	0.283226
RNA-seq	GABRP	CV1	0.057584
RNA-seq	SOX10	CV1	-0.130563
RNA-seq	KRT5	CV1	0.094765
RNA-seq	MUC5B	CV1	0.058164
RNA-seq	FABP7	CV1	-0.109249
RNA-seq	GSTT1	CV1	-0.003156
RNA-seq	LTF	CV1	-0.021443
RNA-seq	CRABP1	CV1	-0.173224
RNA-seq	KRT6B	CV1	-0.055022
RNA-seq	SYT13	CV1	0.017482
RNA-seq	CGA	CV1	-0.067638
RNA-seq	KLK11	CV1	0.046651
RNA-seq	STAC2	CV1	0.177596
RNA-seq	CEACAM6	CV1	-0.014124
RNA-seq	HOXB13	CV1	0.064402
RNA-seq	SLC5A8	CV1	-0.041375
RNA-seq	C20orf114	CV1	-0.113838
RNA-seq	BMPR1B	CV1	-0.019975
RNA-seq	BPIL1	CV1	0.101929
RNA-seq	PVALB	CV1	0.086111
RNA-seq	CYP4F8	CV1	-0.006303
RNA-seq	NPY1R	CV1	0.021655
RNA-seq	LRP2	CV1	-0.107843
RNA-seq	AGR2	CV1	0.139787
RNA-seq	CST9	CV1	0.162451
RNA-seq	OBP2B	CV1	-0.13148
RNA-seq	KCNC2	CV1	-0.041325
RNA-seq	TCN1	CV1	0.136796
RNA-seq	MUC16	CV1	-0.194701
RNA-seq	ABCC11	CV1	-0.00927
RNA-seq	GFRA1	CV1	0.103737
RNA-seq	OLFM4	CV1	-0.110681
RNA-seq	CYP2A6	CV1	0.067033
RNA-seq	CP	CV1	-0.088372
RNA-seq	CLCA2	CV1	0.083238
RNA-seq	FAM5C	CV1	0.002549
RNA-seq	CRISP3	CV1	0.038368
RNA-seq	KRT81	CV1	-0.197148
RNA-seq	PGR	CV1	0.078967
RNA-seq	KRT6A	CV1	-0.0804
RNA-seq	SLC34A2	CV1	0.06881
RNA-seq	KLK5	CV1	0.126277
RNA-seq	KRT16	CV1	-0.064666
RNA-seq	PROM1	CV1	0.144276
RNA-seq	MUC2	CV1	0.088876
RNA-seq	DSG3	CV1	-0.011325
RNA-seq	LBP	CV1	0.048324
RNA-seq	PTPRT	CV1	0.03016
RNA-seq	MSLN	CV1	-0.032565
RNA-seq	CARTPT	CV1	0.051381
RNA-seq	PIGR	CV1	0.050704
RNA-seq	KRT17	CV1	0.057789
RNA-seq	NLRP2	CV1	-0.05632
RNA-seq	A2ML1	CV1	-0.215043
RNA-seq	CBLN2	CV1	0.013525
RNA-seq	SLITRK6	CV1	-0.070772
RNA-seq	KLK6	CV1	-0.105928
RNA-seq	SERPINA11	CV1	0.14772
RNA-seq	TUSC5	CV1	-0.037502
RNA-seq	CST1	CV1	0.011568
RNA-seq	KIF1A	CV1	-0.003423
RNA-seq	AQP5	CV1	-0.067048
RNA-seq	KLK10	CV1	-0.047345
RNA-seq	ELF5	CV1	0.027722
miRNA	MIMAT0005923	CV1	-0.035302
miRNA	MIMAT0000454	CV1	-0.000252
miRNA	MIMAT0000226	CV1	0.026632
miRNA	MIMAT0000266	CV1	0.00453
miRNA	MIMAT0000262	CV1	-0.072505
miRNA	MIMAT0000728	CV1	0.223954
miRNA	MIMAT0000267	CV1	-0.276613
miRNA	MIMAT0000441	CV1	-0.099626
miRNA	MIMAT0019814	CV1	-0.097013
miRNA	MIMAT0000102	CV1	-0.139831
miRNA	MIMAT0000281	CV1	-0.153741
miRNA	MIMAT0000264	CV1	-0.009148
miRNA	MIMAT0000758	CV1	-0.385657
miRNA	MIMAT0000451	CV1	0.046434
miRNA	MIMAT0026480	CV1	0.164681
miRNA	MIMAT0000450	CV1	0.159944
miRNA	MIMAT0017985	CV1	0.222586
miRNA	MIMAT0003242	CV1	-0.396932
miRNA	MIMAT0001635	CV1	-0.040357
miRNA	MIMAT0004784	CV1	-0.336341
miRNA	MIMAT0003882	CV1	0.028764
miRNA	MIMAT0022721	CV1	0.046073
miRNA	MIMAT0001541	CV1	0.040556
miRNA	MIMAT0004929	CV1	0.388358
miRNA	MIMAT0000434	CV1	-0.254935
miRNA	MIMAT0001413	CV1	0.091347
miRNA	MIMAT0006790	CV1	0.051739
miRNA	MIMAT0004809	CV1	0.21462
miRNA	MIMAT0022472	CV1	0.023509
miRNA	MIMAT0025477	CV1	0.000209
RNA-seq	CLEC3A	CV2	-0.042358
RNA-seq	CPB1	CV2	0.010794
RNA-seq	SCGB2A2	CV2	-0.173266
RNA-seq	SCGB1D2	CV2	0.193652
RNA-seq	TFF1	CV2	0.144658
RNA-seq	PIP	CV2	0.035601
RNA-seq	GSTM1	CV2	0.000265
RNA-seq	MUCL1	CV2	0.073537
RNA-seq	S100A7	CV2	0.042337
RNA-seq	ANKRD30A	CV2	-0.052938
RNA-seq	CYP2B7P1	CV2	-0.035566
RNA-seq	AGR3	CV2	-0.074209
RNA-seq	PRAME	CV2	-0.118207
RNA-seq	MUC6	CV2	-0.023199
RNA-seq	CYP4Z1	CV2	0.031795
RNA-seq	HMGCS2	CV2	0.070707
RNA-seq	DHRS2	CV2	0.062668
RNA-seq	KCNJ3	CV2	-0.087209
RNA-seq	TFAP2B	CV2	0.098129
RNA-seq	SERPINA6	CV2	-0.013123
RNA-seq	TAT	CV2	-0.071615
RNA-seq	UGT2B11	CV2	-0.045242
RNA-seq	C4orf7	CV2	0.216727
RNA-seq	SLC30A8	CV2	-0.012635
RNA-seq	VSTM2A	CV2	-0.042641
RNA-seq	COL2A1	CV2	0.033236
RNA-seq	CALML5	CV2	0.061117
RNA-seq	ADIPOQ	CV2	-0.148547
RNA-seq	ADH1B	CV2	0.457968
RNA-seq	KRT14	CV2	-0.00784
RNA-seq	GP2	CV2	0.034966
RNA-seq	GRIA2	CV2	-0.082877
RNA-seq	MYBPC1	CV2	0.049788
RNA-seq	CEACAM5	CV2	-0.031168
RNA-seq	TFF3	CV2	-0.016159
RNA-seq	C1orf64	CV2	-0.04286
RNA-seq	GABRP	CV2	-0.023281
RNA-seq	SOX10	CV2	0.0875
RNA-seq	KRT5	CV2	0.456314
RNA-seq	MUC5B	CV2	-0.00105
RNA-seq	FABP7	CV2	-0.188107
RNA-seq	GSTT1	CV2	-0.008994
RNA-seq	LTF	CV2	0.02366
RNA-seq	CRABP1	CV2	-0.071164
RNA-seq	KRT6B	CV2	-0.223824
RNA-seq	SYT13	CV2	-0.02766
RNA-seq	CGA	CV2	0.025539
RNA-seq	KLK11	CV2	0.107811
RNA-seq	STAC2	CV2	0.103388
RNA-seq	CEACAM6	CV2	-0.01679
RNA-seq	HOXB13	CV2	0.03493
RNA-seq	SLC5A8	CV2	0.009999
RNA-seq	C20orf114	CV2	-0.023459
RNA-seq	BMPR1B	CV2	-0.1318
RNA-seq	BPIL1	CV2	-0.053176
RNA-seq	PVALB	CV2	0.058251
RNA-seq	CYP4F8	CV2	-0.007545
RNA-seq	NPY1R	CV2	0.067158
RNA-seq	LRP2	CV2	-0.010454
RNA-seq	AGR2	CV2	0.033848
RNA-seq	CST9	CV2	-0.027254
RNA-seq	OBP2B	CV2	-0.03922
RNA-seq	KCNC2	CV2	-0.042633
RNA-seq	TCN1	CV2	0.021062
RNA-seq	MUC16	CV2	0.022714
RNA-seq	ABCC11	CV2	-0.041933
RNA-seq	GFRA1	CV2	0.00982
RNA-seq	OLFM4	CV2	0.059051
RNA-seq	CYP2A6	CV2	0.02174
RNA-seq	CP	CV2	0.034326
RNA-seq	CLCA2	CV2	-0.004991
RNA-seq	FAM5C	CV2	-0.044544
RNA-seq	CRISP3	CV2	0.005809
RNA-seq	KRT81	CV2	0.018773
RNA-seq	PGR	CV2	0.026699
RNA-seq	KRT6A	CV2	0.003712
RNA-seq	SLC34A2	CV2	0.017639
RNA-seq	KLK5	CV2	0.070524
RNA-seq	KRT16	CV2	-0.008178
RNA-seq	PROM1	CV2	0.084943
RNA-seq	MUC2	CV2	-0.052976
RNA-seq	DSG3	CV2	-0.036778
RNA-seq	LBP	CV2	0.194505
RNA-seq	PTPRT	CV2	0.135396
RNA-seq	MSLN	CV2	-0.099117
RNA-seq	CARTPT	CV2	-0.094446
RNA-seq	PIGR	CV2	0.054651
RNA-seq	KRT17	CV2	-0.035323
RNA-seq	NLRP2	CV2	0.045441
RNA-seq	A2ML1	CV2	-0.077556
RNA-seq	CBLN2	CV2	-0.00299
RNA-seq	SLITRK6	CV2	-0.028433
RNA-seq	KLK6	CV2	-0.039933
RNA-seq	SERPINA11	CV2	-0.043405
RNA-seq	TUSC5	CV2	0.224982
RNA-seq	CST1	CV2	-0.070335
RNA-seq	KIF1A	CV2	-0.089405
RNA-seq	AQP5	CV2	0.08581
RNA-seq	KLK10	CV2	-0.046316
RNA-seq	ELF5	CV2	-0.021271
miRNA	MIMAT0005923	CV2	0.015575
miRNA	MIMAT0000454	CV2	0.113524
miRNA	MIMAT0000226	CV2	0.143238
miRNA	MIMAT0000266	CV2	0.325173
miRNA	MIMAT0000262	CV2	0.105073
miRNA	MIMAT0000728	CV2	-0.120853
miRNA	MIMAT0000267	CV2	-0.341968
miRNA	MIMAT0000441	CV2	-0.060342
miRNA	MIMAT0019814	CV2	-0.04711
miRNA	MIMAT0000102	CV2	-0.168408
miRNA	MIMAT0000281	CV2	-0.317909
miRNA	MIMAT0000264	CV2	0.22347
miRNA	MIMAT0000758	CV2	-0.090183
miRNA	MIMAT0000451	CV2	0.398901
miRNA	MIMAT0026480	CV2	-0.037649
miRNA	MIMAT0000450	CV2	-0.185772
miRNA	MIMAT0017985	CV2	0.016051
miRNA	MIMAT0003242	CV2	0.025743
miRNA	MIMAT0001635	CV2	0.444881
miRNA	MIMAT0004784	CV2	-0.129395
miRNA	MIMAT0003882	CV2	0.072034
miRNA	MIMAT0022721	CV2	0.086368
miRNA	MIMAT0001541	CV2	0.007854
miRNA	MIMAT0004929	CV2	0.020947
miRNA	MIMAT0000434	CV2	-0.063024
miRNA	MIMAT0001413	CV2	0.023016
miRNA	MIMAT0006790	CV2	0.245841
miRNA	MIMAT0004809	CV2	-0.124781
miRNA	MIMAT0022472	CV2	0.226218
miRNA	MIMAT0025477	CV2	0.10758
RNA-seq	CLEC3A	CV3	-0.066217
RNA-seq	CPB1	CV3	0.069154
RNA-seq	SCGB2A2	CV3	0.075108
RNA-seq	SCGB1D2	CV3	0.042867
RNA-seq	TFF1	CV3	0.209692
RNA-seq	PIP	CV3	0.018642
RNA-seq	GSTM1	CV3	-0.062566
RNA-seq	MUCL1	CV3	-0.051303
RNA-seq	S100A7	CV3	-0.062403
RNA-seq	ANKRD30A	CV3	-0.009329
RNA-seq	CYP2B7P1	CV3	0.014297
RNA-seq	AGR3	CV3	0.042008
RNA-seq	PRAME	CV3	-0.111115
RNA-seq	MUC6	CV3	0.023914
RNA-seq	CYP4Z1	CV3	-0.010037
RNA-seq	HMGCS2	CV3	-0.049673
RNA-seq	DHRS2	CV3	0.093673
RNA-seq	KCNJ3	CV3	-0.009235
RNA-seq	TFAP2B	CV3	-0.077043
RNA-seq	SERPINA6	CV3	0.004273
RNA-seq	TAT	CV3	0.059098
RNA-seq	UGT2B11	CV3	-0.030546
RNA-seq	C4orf7	CV3	0.187626
RNA-seq	SLC30A8	CV3	-0.073166
RNA-seq	VSTM2A	CV3	-0.018017
RNA-seq	COL2A1	CV3	0.107271
RNA-seq	CALML5	CV3	0.032485
RNA-seq	ADIPOQ	CV3	0.314177
RNA-seq	ADH1B	CV3	0.160198
RNA-seq	KRT14	CV3	0.096096
RNA-seq	GP2	CV3	-0.04564
RNA-seq	GRIA2	CV3	0.07604
RNA-seq	MYBPC1	CV3	-0.004178
RNA-seq	CEACAM5	CV3	-0.188435
RNA-seq	TFF3	CV3	-0.071219
RNA-seq	C1orf64	CV3	-0.097518
RNA-seq	GABRP	CV3	0.229898
RNA-seq	SOX10	CV3	-0.039819
RNA-seq	KRT5	CV3	-0.050663
RNA-seq	MUC5B	CV3	0.011928
RNA-seq	FABP7	CV3	0.117759
RNA-seq	GSTT1	CV3	0.009735
RNA-seq	LTF	CV3	-0.17619
RNA-seq	CRABP1	CV3	0.00292
RNA-seq	KRT6B	CV3	-0.273639
RNA-seq	SYT13	CV3	-0.046751
RNA-seq	CGA	CV3	0.151206
RNA-seq	KLK11	CV3	-0.076827
RNA-seq	STAC2	CV3	-0.043109
RNA-seq	CEACAM6	CV3	0.003886
RNA-seq	HOXB13	CV3	-0.052003
RNA-seq	SLC5A8	CV3	-0.051464
RNA-seq	C20orf114	CV3	-0.100576
RNA-seq	BMPR1B	CV3	0.072251
RNA-seq	BPIL1	CV3	0.070334
RNA-seq	PVALB	CV3	-0.059553
RNA-seq	CYP4F8	CV3	-0.109704
RNA-seq	NPY1R	CV3	0.013684
RNA-seq	LRP2	CV3	0.115049
RNA-seq	AGR2	CV3	-0.026138
RNA-seq	CST9	CV3	0.099849
RNA-seq	OBP2B	CV3	0.023461
RNA-seq	KCNC2	CV3	0.048758
RNA-seq	TCN1	CV3	-0.001391
RNA-seq	MUC16	CV3	-0.101845
RNA-seq	ABCC11	CV3	-0.098801
RNA-seq	GFRA1	CV3	-0.071111
RNA-seq	OLFM4	CV3	-0.002481
RNA-seq	CYP2A6	CV3	0.045309
RNA-seq	CP	CV3	0.001882
RNA-seq	CLCA2	CV3	-0.128136
RNA-seq	FAM5C	CV3	-0.046666
RNA-seq	CRISP3	CV3	-0.027982
RNA-seq	KRT81	CV3	-0.030149
RNA-seq	PGR	CV3	-0.14008
RNA-seq	KRT6A	CV3	-0.189366
RNA-seq	SLC34A2	CV3	-0.105857
RNA-seq	KLK5	CV3	-0.068407
RNA-seq	KRT16	CV3	0.100663
RNA-seq	PROM1	CV3	0.030795
RNA-seq	MUC2	CV3	0.010189
RNA-seq	DSG3	CV3	0.160416
RNA-seq	LBP	CV3	-0.158414
RNA-seq	PTPRT	CV3	0.089372
RNA-seq	MSLN	CV3	0.09397
RNA-seq	CARTPT	CV3	0.066438
RNA-seq	PIGR	CV3	0.082843
RNA-seq	KRT17	CV3	0.00156
RNA-seq	NLRP2	CV3	-0.005885
RNA-seq	A2ML1	CV3	-0.050295
RNA-seq	CBLN2	CV3	-0.043652
RNA-seq	SLITRK6	CV3	-0.03063
RNA-seq	KLK6	CV3	0.179372
RNA-seq	SERPINA11	CV3	-0.057902
RNA-seq	TUSC5	CV3	-0.246761
RNA-seq	CST1	CV3	0.011618
RNA-seq	KIF1A	CV3	-0.081406
RNA-seq	AQP5	CV3	0.082409
RNA-seq	KLK10	CV3	0.176411
RNA-seq	ELF5	CV3	-0.153309
miRNA	MIMAT0005923	CV3	-0.083598
miRNA	MIMAT0000454	CV3	-0.305312
miRNA	MIMAT0000226	CV3	-0.180866
miRNA	MIMAT0000266	CV3	-0.16534
miRNA	MIMAT0000262	CV3	-0.215647
miRNA	MIMAT0000728	CV3	-0.057952
miRNA	MIMAT0000267	CV3	-0.334258
miRNA	MIMAT0000441	CV3	0.015511
miRNA	MIMAT0019814	CV3	0.060072
miRNA	MIMAT0000102	CV3	0.090592
miRNA	MIMAT0000281	CV3	-0.192186
miRNA	MIMAT0000264	CV3	-0.190202
miRNA	MIMAT0000758	CV3	0.268382
miRNA	MIMAT0000451	CV3	0.222319
miRNA	MIMAT0026480	CV3	0.038612
miRNA	MIMAT0000450	CV3	0.18734
miRNA	MIMAT0017985	CV3	0.265541
miRNA	MIMAT0003242	CV3	0.337254
miRNA	MIMAT0001635	CV3	-0.026611
miRNA	MIMAT0004784	CV3	0.104883
miRNA	MIMAT0003882	CV3	-0.088143
miRNA	MIMAT0022721	CV3	-0.078936
miRNA	MIMAT0001541	CV3	-0.000809
miRNA	MIMAT0004929	CV3	0.229138
miRNA	MIMAT0000434	CV3	-0.250319
miRNA	MIMAT0001413	CV3	-0.12797
miRNA	MIMAT0006790	CV3	0.082788
miRNA	MIMAT0004809	CV3	-0.224707
miRNA	MIMAT0022472	CV3	0.141891
miRNA	MIMAT0025477	CV3	0.160722
RNA-seq	CLEC3A	CV4	-0.075996
RNA-seq	CPB1	CV4	-0.157589
RNA-seq	SCGB2A2	CV4	-0.205839
RNA-seq	SCGB1D2	CV4	0.244014
RNA-seq	TFF1	CV4	-0.083275
RNA-seq	PIP	CV4	0.031552
RNA-seq	GSTM1	CV4	0.043981
RNA-seq	MUCL1	CV4	0.030253
RNA-seq	S100A7	CV4	0.013411
RNA-seq	ANKRD30A	CV4	-0.055748
RNA-seq	CYP2B7P1	CV4	-0.120869
RNA-seq	AGR3	CV4	-0.17518
RNA-seq	PRAME	CV4	-0.019856
RNA-seq	MUC6	CV4	-0.045267
RNA-seq	CYP4Z1	CV4	0.014089
RNA-seq	HMGCS2	CV4	0.190701
RNA-seq	DHRS2	CV4	-0.129984
RNA-seq	KCNJ3	CV4	-0.012496
RNA-seq	TFAP2B	CV4	0.039868
RNA-seq	SERPINA6	CV4	-0.029212
RNA-seq	TAT	CV4	0.047855
RNA-seq	UGT2B11	CV4	-0.050591
RNA-seq	C4orf7	CV4	-0.010658
RNA-seq	SLC30A8	CV4	0.014706
RNA-seq	VSTM2A	CV4	-0.052472
RNA-seq	COL2A1	CV4	-0.137132
RNA-seq	CALML5	CV4	0.029882
RNA-seq	ADIPOQ	CV4	0.095623
RNA-seq	ADH1B	CV4	-0.070045
RNA-seq	KRT14	CV4	0.175295
RNA-seq	GP2	CV4	-0.000265
RNA-seq	GRIA2	CV4	0.26074
RNA-seq	MYBPC1	CV4	0.0375
RNA-seq	CEACAM5	CV4	0.08726
RNA-seq	TFF3	CV4	0.031655
RNA-seq	C1orf64	CV4	0.051611
RNA-seq	GABRP	CV4	0.227276
RNA-seq	SOX10	CV4	-0.0353
RNA-seq	KRT5	CV4	-0.328517
RNA-seq	MUC5B	CV4	0.10192
RNA-seq	FABP7	CV4	-0.022207
RNA-seq	GSTT1	CV4	0.030218
RNA-seq	LTF	CV4	0.110755
RNA-seq	CRABP1	CV4	0.12686
RNA-seq	KRT6B	CV4	0.059445
RNA-seq	SYT13	CV4	0.186618
RNA-seq	CGA	CV4	-0.03817
RNA-seq	KLK11	CV4	-0.038287
RNA-seq	STAC2	CV4	-0.022923
RNA-seq	CEACAM6	CV4	0.063115
RNA-seq	HOXB13	CV4	0.003686
RNA-seq	SLC5A8	CV4	0.117298
RNA-seq	C20orf114	CV4	0.151145
RNA-seq	BMPR1B	CV4	0.151906
RNA-seq	BPIL1	CV4	0.065562
RNA-seq	PVALB	CV4	-0.013089
RNA-seq	CYP4F8	CV4	0.148162
RNA-seq	NPY1R	CV4	-0.010123
RNA-seq	LRP2	CV4	-0.010802
RNA-seq	AGR2	CV4	-0.052662
RNA-seq	CST9	CV4	0.058479
RNA-seq	OBP2B	CV4	-0.052049
RNA-seq	KCNC2	CV4	-0.075122
RNA-seq	TCN1	CV4	0.096935
RNA-seq	MUC16	CV4	0.084048
RNA-seq	ABCC11	CV4	0.128059
RNA-seq	GFRA1	CV4	-0.04293
RNA-seq	OLFM4	CV4	0.025855
RNA-seq	CYP2A6	CV4	0.084892
RNA-seq	CP	CV4	-0.071212
RNA-seq	CLCA2	CV4	0.071204
RNA-seq	FAM5C	CV4	-0.046982
RNA-seq	CRISP3	CV4	-0.092478
RNA-seq	KRT81	CV4	0.043419
RNA-seq	PGR	CV4	0.053848
RNA-seq	KRT6A	CV4	-0.121849
RNA-seq	SLC34A2	CV4	0.013933
RNA-seq	KLK5	CV4	0.177511
RNA-seq	KRT16	CV4	0.201347
RNA-seq	PROM1	CV4	-0.111349
RNA-seq	MUC2	CV4	0.080824
RNA-seq	DSG3	CV4	-0.056651
RNA-seq	LBP	CV4	-0.092337
RNA-seq	PTPRT	CV4	0.03195
RNA-seq	MSLN	CV4	0.058878
RNA-seq	CARTPT	CV4	0.015564
RNA-seq	PIGR	CV4	-0.116427
RNA-seq	KRT17	CV4	-0.012759
RNA-seq	NLRP2	CV4	-0.104596
RNA-seq	A2ML1	CV4	-0.015829
RNA-seq	CBLN2	CV4	-0.082502
RNA-seq	SLITRK6	CV4	-0.06198
RNA-seq	KLK6	CV4	-0.106563
RNA-seq	SERPINA11	CV4	-0.042999
RNA-seq	TUSC5	CV4	-0.079852
RNA-seq	CST1	CV4	-0.085212
RNA-seq	KIF1A	CV4	-0.088082
RNA-seq	AQP5	CV4	0.120987
RNA-seq	KLK10	CV4	0.0073
RNA-seq	ELF5	CV4	-0.117325
miRNA	MIMAT0005923	CV4	-0.02984
miRNA	MIMAT0000454	CV4	0.400339
miRNA	MIMAT0000226	CV4	-0.325204
miRNA	MIMAT0000266	CV4	-0.013907
miRNA	MIMAT0000262	CV4	0.242783
miRNA	MIMAT0000728	CV4	0.255631
miRNA	MIMAT0000267	CV4	-0.266917
miRNA	MIMAT0000441	CV4	-0.108102
miRNA	MIMAT0019814	CV4	0.057136
miRNA	MIMAT0000102	CV4	-0.129573
miRNA	MIMAT0000281	CV4	0.08265
miRNA	MIMAT0000264	CV4	-0.013433
miRNA	MIMAT0000758	CV4	0.341135
miRNA	MIMAT0000451	CV4	-0.303597
miRNA	MIMAT0026480	CV4	0.367442
miRNA	MIMAT0000450	CV4	-0.211674
miRNA	MIMAT0017985	CV4	-0.056817
miRNA	MIMAT0003242	CV4	-0.006044
miRNA	MIMAT0001635	CV4	0.016818
miRNA	MIMAT0004784	CV4	0.193719
miRNA	MIMAT0003882	CV4	0.107826
miRNA	MIMAT0022721	CV4	-0.038844
miRNA	MIMAT0001541	CV4	-0.043576
miRNA	MIMAT0004929	CV4	0.109839
miRNA	MIMAT0000434	CV4	0.01804
miRNA	MIMAT0001413	CV4	0.03613
miRNA	MIMAT0006790	CV4	0.024999
miRNA	MIMAT0004809	CV4	-0.10062
miRNA	MIMAT0022472	CV4	0.128824
miRNA	MIMAT0025477	CV4	0.128266
RNA-seq	CLEC3A	CV5	0.031997
RNA-seq	CPB1	CV5	0.022803
RNA-seq	SCGB2A2	CV5	0.024794
RNA-seq	SCGB1D2	CV5	-0.011925
RNA-seq	TFF1	CV5	-0.135081
RNA-seq	PIP	CV5	-0.003141
RNA-seq	GSTM1	CV5	0.032163
RNA-seq	MUCL1	CV5	0.108653
RNA-seq	S100A7	CV5	-0.015771
RNA-seq	ANKRD30A	CV5	-0.016492
RNA-seq	CYP2B7P1	CV5	-0.013964
RNA-seq	AGR3	CV5	-0.317318
RNA-seq	PRAME	CV5	0.043168
RNA-seq	MUC6	CV5	0.000396
RNA-seq	CYP4Z1	CV5	0.024818
RNA-seq	HMGCS2	CV5	-0.049442
RNA-seq	DHRS2	CV5	-0.077435
RNA-seq	KCNJ3	CV5	0.064563
RNA-seq	TFAP2B	CV5	-0.048614
RNA-seq	SERPINA6	CV5	0.073573
RNA-seq	TAT	CV5	0.095273
RNA-seq	UGT2B11	CV5	0.049323
RNA-seq	C4orf7	CV5	0.01095
RNA-seq	SLC30A8	CV5	-0.028998
RNA-seq	VSTM2A	CV5	0.065661
RNA-seq	COL2A1	CV5	-0.099121
RNA-seq	CALML5	CV5	-0.019461
RNA-seq	ADIPOQ	CV5	-0.335154
RNA-seq	ADH1B	CV5	0.531194
RNA-seq	KRT14	CV5	-0.013203
RNA-seq	GP2	CV5	-0.063307
RNA-seq	GRIA2	CV5	0.088615
RNA-seq	MYBPC1	CV5	-0.133234
RNA-seq	CEACAM5	CV5	0.076348
RNA-seq	TFF3	CV5	0.136196
RNA-seq	C1orf64	CV5	-0.08812
RNA-seq	GABRP	CV5	0.16859
RNA-seq	SOX10	CV5	-0.070671
RNA-seq	KRT5	CV5	-0.143609
RNA-seq	MUC5B	CV5	0.09621
RNA-seq	FABP7	CV5	-0.004977
RNA-seq	GSTT1	CV5	0.007344
RNA-seq	LTF	CV5	-0.099019
RNA-seq	CRABP1	CV5	-0.073362
RNA-seq	KRT6B	CV5	0.011746
RNA-seq	SYT13	CV5	-0.017716
RNA-seq	CGA	CV5	0.021058
RNA-seq	KLK11	CV5	-0.019624
RNA-seq	STAC2	CV5	-0.044863
RNA-seq	CEACAM6	CV5	-0.080364
RNA-seq	HOXB13	CV5	-0.047507
RNA-seq	SLC5A8	CV5	0.06501
RNA-seq	C20orf114	CV5	-0.10122
RNA-seq	BMPR1B	CV5	0.019756
RNA-seq	BPIL1	CV5	0.023886
RNA-seq	PVALB	CV5	-0.011081
RNA-seq	CYP4F8	CV5	-0.013747
RNA-seq	NPY1R	CV5	0.034212
RNA-seq	LRP2	CV5	0.040592
RNA-seq	AGR2	CV5	0.137569
RNA-seq	CST9	CV5	-0.063489
RNA-seq	OBP2B	CV5	-0.064521
RNA-seq	KCNC2	CV5	0.045521
RNA-seq	TCN1	CV5	-0.014931
RNA-seq	MUC16	CV5	0.002281
RNA-seq	ABCC11	CV5	-0.015236
RNA-seq	GFRA1	CV5	0.037931
RNA-seq	OLFM4	CV5	0.031755
RNA-seq	CYP2A6	CV5	0.055069
RNA-seq	CP	CV5	-0.074022
RNA-seq	CLCA2	CV5	0.084294
RNA-seq	FAM5C	CV5	-0.046665
RNA-seq	CRISP3	CV5	0.02982
RNA-seq	KRT81	CV5	-0.013507
RNA-seq	PGR	CV5	-0.170133
RNA-seq	KRT6A	CV5	0.08789
RNA-seq	SLC34A2	CV5	-0.087371
RNA-seq	KLK5	CV5	-0.095466
RNA-seq	KRT16	CV5	-0.207869
RNA-seq	PROM1	CV5	0.019962
RNA-seq	MUC2	CV5	0.096592
RNA-seq	DSG3	CV5	-0.049369
RNA-seq	LBP	CV5	0.070223
RNA-seq	PTPRT	CV5	0.012255
RNA-seq	MSLN	CV5	0.059861
RNA-seq	CARTPT	CV5	0.048707
RNA-seq	PIGR	CV5	0.059709
RNA-seq	KRT17	CV5	0.017698
RNA-seq	NLRP2	CV5	0.000164
RNA-seq	A2ML1	CV5	0.106497
RNA-seq	CBLN2	CV5	0.09887
RNA-seq	SLITRK6	CV5	-0.109976
RNA-seq	KLK6	CV5	0.089578
RNA-seq	SERPINA11	CV5	0.023598
RNA-seq	TUSC5	CV5	0.2428
RNA-seq	CST1	CV5	0.020578
RNA-seq	KIF1A	CV5	0.010143
RNA-seq	AQP5	CV5	-0.131499
RNA-seq	KLK10	CV5	0.035468
RNA-seq	ELF5	CV5	0.019556
miRNA	MIMAT0005923	CV5	-0.01996
miRNA	MIMAT0000454	CV5	-0.09779
miRNA	MIMAT0000226	CV5	-0.181966
miRNA	MIMAT0000266	CV5	-0.249382
miRNA	MIMAT0000262	CV5	-0.025892
miRNA	MIMAT0000728	CV5	0.193878
miRNA	MIMAT0000267	CV5	0.153808
miRNA	MIMAT0000441	CV5	0.17314
miRNA	MIMAT0019814	CV5	0.101904
miRNA	MIMAT0000102	CV5	0.233197
miRNA	MIMAT0000281	CV5	-0.175435
miRNA	MIMAT0000264	CV5	-0.031994
miRNA	MIMAT0000758	CV5	-0.320845
miRNA	MIMAT0000451	CV5	0.381533
miRNA	MIMAT0026480	CV5	0.18709
miRNA	MIMAT0000450	CV5	-0.097625
miRNA	MIMAT0017985	CV5	-0.128691
miRNA	MIMAT0003242	CV5	-0.095803
miRNA	MIMAT0001635	CV5	0.457246
miRNA	MIMAT0004784	CV5	-0.03291
miRNA	MIMAT0003882	CV5	-0.143751
miRNA	MIMAT0022721	CV5	-0.087177
miRNA	MIMAT0001541	CV5	-0.022741
miRNA	MIMAT0004929	CV5	-0.140159
miRNA	MIMAT0000434	CV5	-0.225305
miRNA	MIMAT0001413	CV5	0.043681
miRNA	MIMAT0006790	CV5	0.152196
miRNA	MIMAT0004809	CV5	0.338321
miRNA	MIMAT0022472	CV5	0.145627
miRNA	MIMAT0025477	CV5	-0.167449
