sample_id	z1	z2	z3	z4	z5	z6	z7	z8	z9	z10
TCGA-3C-AAAU-01	1.432561	1.158270	-0.650629	-0.193306	0.923209	0.173490	-0.690959	3.530688	-1.758728	-0.584748
TCGA-3C-AALI-01	-0.101325	1.531686	2.292641	-1.248240	-0.884799	-2.034865	1.594035	1.101481	-0.520836	-0.007339
TCGA-3C-AALJ-01	-0.082530	0.809156	0.635692	0.223351	0.007624	-2.794591	-0.452035	0.652702	-0.908319	-0.456707
TCGA-3C-AALK-01	0.601844	-0.770315	0.436462	0.786323	-1.111740	-0.890361	0.584278	-0.780609	-0.182289	-1.162954
TCGA-4H-AAAK-01	1.055884	-0.758256	-0.746074	0.442689	-0.489966	0.592612	-0.837243	-1.178640	-0.121491	0.506991
TCGA-5L-AAT0-01	1.498469	-1.157233	-0.175712	1.242355	-0.777777	0.710235	-0.525189	-0.830358	-0.451902	0.601899
TCGA-5T-A9QA-01	-0.121629	1.025717	-1.759015	0.894079	0.904687	-3.043925	-0.029903	-1.687427	0.054994	-1.090584
TCGA-A1-A0SB-01	0.450741	0.461048	-0.492193	-2.005115	0.833424	3.922150	-2.293061	-1.187428	1.590398	1.723715
TCGA-A1-A0SF-01	0.085663	-1.379947	0.726867	0.625399	-1.044848	-0.180079	0.598996	0.533295	-0.010266	-0.401632
TCGA-A1-A0SG-01	0.922334	-1.251784	1.193457	-1.128741	0.323594	1.007043	1.120537	1.630168	-1.485861	0.178851
TCGA-A1-A0SI-01	-1.270141	0.416955	0.351457	-0.280726	-1.477849	1.738204	1.368210	-0.378605	0.422250	0.307481
TCGA-A1-A0SN-01	-0.385677	-0.007710	0.463392	0.197219	-0.370862	-1.473508	1.475926	-1.076603	0.201303	-1.218949
TCGA-A1-A0SQ-01	2.022607	1.041452	-1.193812	1.092830	-0.881372	-0.207632	0.078558	2.010812	-2.020416	-1.685367
TCGA-A2-A0CK-01	0.643495	-2.271443	-0.539288	1.617813	-0.356878	-0.092654	-1.766551	-0.010562	-0.730249	-1.607677
TCGA-A2-A0CO-01	-0.586817	-1.511502	1.306197	1.580682	-2.071015	-0.009871	-0.437005	-0.199976	-0.116240	-1.116910
TCGA-A2-A0CR-01	0.558756	-1.078466	1.552615	1.303686	-0.968491	-0.537196	-1.052645	-1.377572	1.263050	0.089222
TCGA-A2-A0EP-01	-0.941049	-1.310794	1.512547	-0.380983	-0.217735	0.434506	-1.963428	0.280246	1.942190	-0.505418
TCGA-A2-A1FV-01	-0.388469	-1.770336	0.122783	0.651915	-0.824032	-2.491883	0.332933	0.657213	-3.085764	-2.778437
TCGA-A2-A1FW-01	-0.344016	0.557945	0.808889	-1.306280	-0.088690	-2.128983	0.877196	1.452659	-0.930724	-2.680252
TCGA-A2-A1FX-01	0.184597	-0.292215	-0.587863	0.664752	0.079970	-1.491973	-0.497932	0.985471	-2.092565	-0.730166
TCGA-A2-A1FZ-01	-0.744939	-1.062123	-0.528266	1.195004	-0.808377	0.651928	-0.795181	0.615262	0.617815	-1.899228
TCGA-A2-A1G0-01	0.919561	-1.901419	0.905820	-0.633197	-0.008803	1.939226	-1.012940	1.250760	-1.811899	-0.123127
TCGA-A2-A1G1-01	-1.041671	1.424724	0.843073	-2.386097	1.608160	-0.619772	-0.172749	-0.396535	0.622313	0.588589
TCGA-A2-A1G4-01	-0.278170	-1.121274	-0.987943	-0.017200	2.007344	-0.848686	-0.603095	-0.388478	-0.122720	-3.707763
TCGA-A2-A1G6-01	0.959962	-0.012241	0.516999	0.056167	-1.276095	2.917927	-2.623531	-0.398673	0.952819	0.558439
TCGA-A2-A259-01	2.122376	-1.703858	0.269170	-0.308354	-0.040905	1.440022	-1.340546	0.526275	0.129470	0.028544
TCGA-A2-A25A-01	0.665874	-0.998812	1.049228	0.706432	-2.464529	0.288463	0.001948	-1.426053	-0.533779	0.225243
TCGA-A2-A25B-01	-0.044475	2.182298	0.318504	-1.548566	1.038958	-0.576913	2.048421	1.479767	-1.846714	-1.339785
TCGA-A2-A25C-01	0.150503	1.008469	0.385378	-0.106314	0.534497	1.610396	-0.233392	1.754950	-0.143189	-2.727146
TCGA-A2-A25D-01	0.832434	-1.438051	0.771399	-0.391872	0.127717	-0.970075	-0.107658	-0.761105	0.146156	-0.742978
TCGA-A2-A25E-01	0.262178	0.344490	0.550622	-0.933761	1.218989	0.447594	0.483513	1.954551	-2.311941	-1.248861
TCGA-A2-A25F-01	-0.557562	-0.433459	1.846801	-2.307102	1.693637	-0.229249	-3.114758	0.296207	0.962596	-0.321435
TCGA-A2-A3KC-01	0.015285	-0.863355	-0.377091	0.827700	-1.452897	-0.688140	-0.718772	-1.093573	0.623995	-1.165391
TCGA-A2-A3KD-01	1.050471	0.280095	0.087217	1.815374	-0.501336	1.562778	-1.985604	0.216807	-0.896076	0.450333
TCGA-A2-A3XS-01	-1.222302	-0.643100	1.393021	-2.105072	0.932640	-0.872523	-0.273876	-1.480846	1.493981	2.800325
TCGA-A2-A3XT-01	-0.870274	0.650869	1.401494	-0.925455	2.540154	-0.400417	-1.754904	-0.644579	-0.079930	0.887794
TCGA-A2-A3XU-01	0.208810	1.464909	-1.441912	-0.012347	2.742542	1.076717	-0.891273	-0.705109	2.308721	3.066649
TCGA-A2-A3XV-01	-3.604822	1.234543	0.679971	-2.077365	-1.094046	-2.561882	2.242019	-1.064011	1.920720	-0.117710
TCGA-A2-A3XW-01	1.378982	0.492278	1.290517	0.401411	-1.174902	0.249003	-2.153010	0.181130	0.621667	1.733874
TCGA-A2-A3XX-01	-0.395513	-0.678329	1.397340	-2.427952	1.541882	0.127906	-1.243090	-0.986963	1.273694	2.291345
TCGA-A2-A3XY-01	-1.068794	-0.850436	1.384652	-2.306298	0.513492	-0.228472	-1.831175	-1.022440	1.240829	2.059438
TCGA-A2-A3XZ-01	1.037785	0.404404	1.266430	-0.265158	-0.366190	0.453193	-0.216118	-0.147110	2.355372	-0.161094
TCGA-A2-A3Y0-01	0.368506	1.589476	1.797686	-1.649109	2.004013	0.353749	-0.297170	0.917600	1.504826	2.126038
TCGA-A2-A4RW-01	0.746957	-1.129891	0.039119	0.191202	-0.925505	-1.597395	-0.630764	-1.183649	0.846207	-0.755205
TCGA-A2-A4RX-01	0.199753	0.806301	0.372990	-1.180394	-0.114599	0.564959	-2.219502	-1.509806	1.336989	1.321260
TCGA-A2-A4RY-01	0.515690	-0.808206	0.414154	0.767868	-2.039315	0.734180	-1.585558	-1.732409	0.586513	0.849175
TCGA-A2-A4S0-01	2.577546	1.322413	-2.228020	1.044215	1.051708	2.323852	-2.482583	2.441777	-2.497381	0.561340
TCGA-A2-A4S1-01	-1.579118	1.428851	-0.099348	-1.966002	1.498709	-1.482274	-1.597029	1.510498	-1.193575	3.047538
TCGA-A2-A4S2-01	-0.068113	-0.570499	-0.667459	1.957473	-0.871168	-0.091612	-0.167410	-0.770001	0.285950	-0.300109
TCGA-A2-A4S3-01	1.029862	0.276752	1.141693	-1.271416	-0.101088	0.016589	-0.078388	2.064640	-0.026757	1.113847
TCGA-A7-A13D-01	-0.655548	1.395197	-0.124968	-1.792728	1.686247	-0.059480	-0.194644	-0.665515	0.878100	2.190469
TCGA-A7-A13E-01	-1.767885	1.499107	-1.180031	-0.543012	2.469025	-1.531304	-0.563540	-2.903339	0.646833	1.287308
TCGA-A7-A13F-01	0.009005	0.410128	-1.467909	1.219838	0.007784	-0.999055	0.932326	0.041244	-1.536372	-1.781966
TCGA-A7-A13G-01	0.470434	-1.214025	-2.833335	2.341074	-1.304905	3.027079	-0.267589	1.074213	0.876173	-0.756126
TCGA-A7-A13H-01	0.539718	-0.778677	0.454694	1.150337	-1.041882	0.693486	-0.487465	-0.662920	0.396703	-0.009429
TCGA-A7-A26E-01	-0.576101	-1.518480	-0.631747	-0.043824	-1.681352	-0.225317	0.674647	-0.344236	-0.059646	-1.883726
TCGA-A7-A26F-01	-1.785632	1.604657	0.847122	-2.043498	0.265765	-0.932599	1.266080	-0.631739	1.721115	0.213729
TCGA-A7-A26G-01	-0.212740	1.192649	0.437538	-2.137795	0.641901	1.786435	-1.545539	-0.689065	1.191418	-0.112069
TCGA-A7-A26H-01	-0.054726	-0.215956	-0.699033	0.400887	-1.824001	-0.633895	1.320063	-0.340315	-0.144301	0.319017
TCGA-A7-A26I-01	0.100991	1.438530	-0.296726	-2.339972	1.976610	2.108865	-0.892735	0.825374	1.348181	1.699098
TCGA-A7-A26J-01	0.225872	0.209076	0.328049	0.153930	-0.791272	-0.831247	1.244824	1.250613	-1.738415	-1.265509
TCGA-A7-A2KD-01	0.502439	0.485740	-0.127061	-0.541933	-0.076276	0.784752	1.464753	1.122891	-0.167720	1.002792
TCGA-A7-A3IY-01	1.013899	1.521446	0.149065	1.304412	0.506599	2.592400	-1.791244	0.449414	-0.139032	0.989188
TCGA-A7-A3IZ-01	0.592253	-0.755367	-2.793791	1.649711	-0.017193	-0.990275	0.441539	-0.566581	-2.530719	-1.512740
TCGA-A7-A3J0-01	2.395703	1.934700	-0.216130	1.039735	0.711428	2.523886	-2.059374	2.269346	-2.175175	1.587137
TCGA-A7-A3J1-01	0.140055	-1.881250	0.370254	2.016581	-0.841838	0.595559	-0.542353	0.331463	0.253224	0.042618
TCGA-A7-A3RF-01	0.894948	1.969144	-1.133815	1.919587	1.028113	0.906376	-1.313801	2.493380	-3.213350	0.309351
TCGA-A7-A425-01	-0.587803	-0.329813	0.966513	1.865481	-2.677748	0.540316	-0.321010	-0.364111	0.060205	1.389885
TCGA-A7-A426-01	0.840550	-1.352294	0.936702	1.283176	-2.479776	0.318491	-0.535411	-1.315167	-0.873763	0.897724
TCGA-A7-A4SA-01	0.069467	-1.267727	1.595686	0.608628	-1.016509	0.500485	-0.884231	1.180648	-0.985682	0.863906
TCGA-A7-A4SB-01	1.459379	-0.313341	-0.249315	1.268184	-1.354394	0.381559	-0.363696	0.325713	-1.933225	1.356673
TCGA-A7-A4SC-01	-1.252660	-1.011140	0.216993	0.616997	-2.324007	-0.329754	0.069503	-1.810027	1.314341	-0.664139
TCGA-A7-A4SD-01	0.210071	1.577956	1.597159	-1.499661	1.018188	0.633641	-0.400131	0.190611	-0.383617	2.305575
TCGA-A7-A4SE-01	-0.318182	0.710808	0.600512	-1.587356	0.391775	0.495609	-1.319091	-0.466161	0.587382	2.478590
TCGA-A7-A4SF-01	0.963479	1.252115	-0.225347	0.876163	-1.040934	-1.131264	3.115471	1.230177	-1.598211	1.675973
TCGA-A7-A56D-01	0.388659	0.372777	0.391705	0.817565	-0.735979	-1.923867	0.337587	-0.887712	-0.364519	1.580593
TCGA-A7-A5ZV-01	-1.668635	0.449679	-0.210868	-0.823312	1.925959	-2.788197	-0.567147	-1.980646	1.425082	2.006234
TCGA-A7-A5ZW-01	1.346361	-1.156977	-0.482511	0.423476	-0.895991	0.994073	-0.882127	-1.195472	1.073581	0.509518
TCGA-A7-A5ZX-01	1.187671	-0.602586	-0.913852	1.281343	-2.292090	0.691069	-0.596891	-2.191159	0.699771	0.781990
TCGA-A7-A6VV-01	0.122181	1.143273	-0.172807	-1.313023	0.551073	0.757172	-1.308838	-1.196470	1.194259	1.298606
TCGA-A7-A6VW-01	-0.173740	1.266305	0.832502	-0.953910	0.148860	-0.783345	-0.234895	-1.642249	2.076079	2.111549
TCGA-A7-A6VX-01	-0.238184	-0.806870	-1.377635	-0.322472	-0.539823	-0.380109	2.169472	-0.375917	0.032447	1.204776
TCGA-A7-A6VY-01	-0.496156	1.138085	0.402483	-0.785623	0.503008	-0.763097	-0.744060	-1.972713	1.525316	0.977402
TCGA-AC-A23C-01	-0.786200	-0.364174	1.191227	0.212510	-1.212488	-0.544972	1.882046	0.602314	0.699976	-1.172812
TCGA-AC-A23E-01	-1.297684	-0.402444	-1.002710	-0.852214	-0.866849	0.395144	1.781800	0.630278	-0.580381	-1.068378
TCGA-AC-A23G-01	-0.499501	-0.339144	-0.235189	0.187715	-0.554315	0.331619	-1.056915	-0.964179	0.702362	0.438416
TCGA-AC-A23H-01	-1.533692	1.645869	0.194615	-1.263157	0.109359	-2.173630	2.757080	-0.202170	0.394368	-1.211144
TCGA-AC-A2B8-01	-1.188554	-1.408811	0.286512	0.128891	-1.148892	-0.257882	0.661357	0.868994	-0.335484	-0.424244
TCGA-AC-A2BK-01	0.739853	1.802978	-1.604323	-1.652741	5.630223	-0.220392	-0.723150	-0.528422	-0.884574	2.292426
TCGA-AC-A2BM-01	0.897244	-0.656551	-1.333012	0.612156	1.109077	-1.203056	-0.385342	0.788896	-2.233596	-0.499320
TCGA-AC-A2FB-01	0.965172	-1.002681	1.296596	0.412494	-0.437554	0.917890	-0.967490	-0.556609	1.091930	-1.215583
TCGA-AC-A2FE-01	-0.488678	-1.582062	0.103674	0.076924	-0.686378	-1.270399	-0.749888	-1.122090	1.284077	-0.852755
TCGA-AC-A2FF-01	0.665803	-1.566830	0.709042	-0.635337	-0.731633	1.073970	-2.110934	-0.125566	0.628320	-0.547361
TCGA-AC-A2FG-01	-0.072512	-1.070941	0.812815	1.375218	-2.303285	2.682333	-0.514455	-0.464169	-0.709384	0.900865
TCGA-AC-A2FK-01	1.247928	-0.330875	1.049948	-0.305045	-1.864589	2.330899	-1.796460	-0.895365	1.631191	0.853524
TCGA-AC-A2FM-01	0.220355	-1.101295	-0.826240	-0.031087	-0.591808	-3.370903	-0.576673	-0.810543	0.019001	-2.141074
TCGA-AC-A2FO-01	0.212012	-1.912303	1.681914	0.009866	-1.215236	-0.491607	-0.410338	-0.132570	-0.726122	-0.937897
TCGA-AC-A2QH-01	-0.942449	-1.587943	-2.710055	-3.224079	1.784640	-0.804994	-2.729138	1.190343	-0.401353	2.331953
TCGA-AC-A2QI-01	-0.518117	-1.211658	-0.255708	1.260508	-1.084441	0.900769	0.166574	0.156418	-2.049964	1.307655
TCGA-AC-A2QJ-01	-0.728137	0.883466	0.733002	-1.232103	0.901750	0.010500	-1.986284	1.372336	0.286111	3.022888
TCGA-AC-A3BB-01	-0.104898	-2.362223	0.701223	0.599140	-1.074264	-0.267547	-0.452267	-0.186733	1.067173	-0.405424
TCGA-AC-A3EH-01	-1.558992	-1.313932	-1.588560	0.450289	0.417579	-0.719903	2.231267	-0.961083	0.406189	-0.302168
TCGA-AC-A3HN-01	0.118708	-1.450361	0.013449	0.556787	-1.581578	0.446447	-1.315630	-0.207640	1.261765	-0.228697
TCGA-AC-A3OD-01	0.312509	-1.101944	0.127560	0.984818	-1.194033	-0.944350	-0.518228	-1.115883	1.475029	-1.588513
TCGA-AC-A3QP-01	0.570269	-1.055217	0.191463	0.960795	-0.766278	1.543303	-0.949704	-1.053007	0.327098	1.080096
TCGA-AC-A3QQ-01	-0.162671	-1.138488	1.037804	1.686078	-0.739938	-0.475633	0.437610	-0.165152	-1.627017	0.585631
TCGA-AC-A3TM-01	0.650744	-1.509355	-0.587186	1.870511	-0.086616	0.234423	-0.427257	-1.169376	0.826655	0.573721
TCGA-AC-A3TN-01	-0.389331	-2.316490	-1.930646	2.244866	-1.466157	0.006910	0.525613	-0.316935	-0.498819	-1.345355
TCGA-AC-A3W5-01	-2.064056	-0.002360	1.080140	-1.359127	-0.684766	-0.288278	2.378436	-0.004121	0.932594	0.567645
TCGA-AC-A3W6-01	-0.809604	-1.586078	-0.188671	0.481659	-0.952840	-0.135856	-0.288338	-0.435859	1.296314	-0.222650
TCGA-AC-A3W7-01	-0.365331	-0.944094	-0.936432	1.785772	-2.127053	1.039736	0.049980	-1.404145	1.566139	-0.173243
TCGA-AC-A3YI-01	-0.015996	-0.435845	-0.064037	0.193619	-0.935052	0.691851	-1.476884	-1.213106	1.004880	0.365809
TCGA-AC-A3YJ-01	1.480929	0.018589	-2.079135	3.256205	-0.952749	1.083465	0.673385	1.340520	-1.035353	0.320119
TCGA-AC-A4ZE-01	-0.741647	-0.934043	-2.356468	1.979582	-0.733645	-1.613186	0.193227	-1.087234	-1.578555	-1.765480
TCGA-AC-A5EH-01	-1.724402	1.214469	0.940166	-1.107899	-1.097818	-0.984299	1.665238	0.426150	-0.658665	0.858600
TCGA-AC-A5XS-01	-0.614184	-0.310358	2.092999	1.603732	-2.129469	-1.238531	-0.096690	0.980018	-0.200867	0.705025
TCGA-AC-A5XU-01	0.294466	-0.187027	-0.166094	0.884722	0.710091	-3.071992	0.090684	0.118650	-0.925822	-0.602659
TCGA-AC-A62V-01	-1.227516	0.450148	-0.422280	0.174460	-0.051364	-3.470019	0.803007	-0.062127	-2.464953	0.560796
TCGA-AC-A62X-01	-0.394898	0.897215	-1.259484	-0.380761	1.394630	-0.771983	-0.648173	-2.858014	2.511030	2.004334
TCGA-AC-A62Y-01	0.123378	0.381399	-0.930110	2.944418	0.002905	1.456975	-0.938379	1.531040	-0.049127	0.411426
TCGA-AC-A6IV-01	-0.520370	-0.543622	0.546391	0.528189	-1.107770	-0.793774	-1.998420	0.204482	-0.515575	-0.124228
TCGA-AC-A6IW-01	0.252222	0.503806	1.443258	-0.942055	2.214656	-0.931397	-2.090217	-1.571498	0.868237	0.862097
TCGA-AC-A6IX-01	-0.378239	-1.134971	-0.039768	0.455137	-1.568185	-1.760849	-0.719586	-0.428204	1.341239	-1.206234
TCGA-AC-A6NO-01	0.218182	-1.551148	-0.006130	0.588279	0.460063	2.429049	0.555543	-0.564144	-1.250066	1.249894
TCGA-AC-A7VB-01	-1.532608	0.550798	-1.483963	1.120894	0.467180	-4.033463	1.748215	-0.565128	-1.572652	-0.772217
TCGA-AC-A7VC-01	-0.437034	0.484372	-0.993905	-1.977226	1.906339	0.155523	-2.920708	2.026212	-0.743224	2.930246
TCGA-AC-A8OP-01	-0.890575	-0.480673	1.372445	0.325736	-1.577520	-1.965824	0.499494	-0.366811	-1.542517	-0.713427
TCGA-AC-A8OQ-01	-0.726572	-0.232532	2.510720	-1.675269	0.807720	0.492561	-1.750136	-0.375325	-0.451736	2.086287
TCGA-AC-A8OR-01	2.556691	2.257392	-1.264217	1.961238	1.515121	2.141029	-1.668095	0.195535	-1.076981	1.281100
TCGA-AC-A8OS-01	-0.977969	-1.202115	0.980605	0.888397	-2.862340	-0.282171	0.522997	-0.662485	0.617436	0.309043
TCGA-AO-A12B-01	1.904405	0.680557	-2.224427	2.344119	1.038805	1.806255	-0.128881	2.076120	-3.119339	-0.508255
TCGA-AO-A1KO-01	-0.105097	0.321033	0.713326	-0.416766	-0.786531	3.571964	-2.565051	-0.736393	1.353483	0.198695
TCGA-AO-A1KP-01	0.047021	-1.505156	-1.307073	-0.270953	0.755508	-1.141940	1.466961	0.840332	-1.042720	-1.469161
TCGA-AO-A1KQ-01	0.036662	0.740819	1.007788	-1.189050	1.053280	0.456415	0.432903	2.955486	-2.349049	0.500183
TCGA-AO-A1KR-01	-2.116987	0.955479	0.097258	-0.409921	2.925304	-0.442493	-0.090332	-1.045842	1.932430	0.770544
TCGA-AO-A1KS-01	-0.210648	-0.943472	-0.475211	-1.197673	1.328704	-1.028155	1.597921	0.777032	0.216904	-1.018024
TCGA-AO-A1KT-01	-0.872262	0.815915	-1.241497	0.163320	0.510641	-0.713256	0.974012	1.429266	-0.338499	0.401330
TCGA-AQ-A0Y5-01	0.118325	0.969002	-1.036370	-0.324413	-0.878663	-0.567545	1.317072	-0.341947	1.221290	0.437644
TCGA-AQ-A1H2-01	-0.266814	1.190458	-2.695271	1.622454	0.898687	-0.011294	2.314578	2.998086	-0.689434	-0.563520
TCGA-AQ-A1H3-01	-1.260629	-1.121740	-0.872372	0.821120	-0.130624	0.685095	-0.271005	-1.094447	1.375314	-2.220742
TCGA-AQ-A54N-01	0.592011	1.623744	-1.218436	0.401606	2.945002	0.805232	-1.490439	-1.662756	1.846778	2.546212
TCGA-AQ-A54O-01	2.213878	-0.349415	-0.897541	2.057446	0.167353	0.690895	-0.171018	1.830086	0.353852	0.309706
TCGA-AQ-A7U7-01	0.231292	-0.966914	0.699330	0.141661	-0.327478	-1.034385	-0.717089	-0.943359	0.955862	-0.646024
TCGA-AR-A1AI-01	0.668625	1.631066	1.091295	-2.162333	3.148835	0.455244	-0.903528	-0.358699	0.800520	0.274157
TCGA-AR-A1AJ-01	-1.164849	0.730646	1.347159	-1.906544	1.534879	0.386828	-2.024227	-0.049737	1.874532	0.193941
TCGA-AR-A1AK-01	0.294001	-0.877190	-0.116043	1.262527	0.001345	0.601940	-1.185776	-0.134307	0.601281	-1.830944
TCGA-AR-A1AL-01	-0.442376	-1.100424	0.755715	0.782561	-1.442468	2.357111	-0.898690	-0.584252	-0.272932	-0.349177
TCGA-AR-A1AM-01	0.238563	-0.924545	1.192132	0.332134	-1.282528	2.278059	-0.383088	0.116687	-0.350749	1.320737
TCGA-AR-A1AN-01	-1.358561	-0.423897	-0.987512	0.297485	-0.488240	2.544206	-0.733670	1.248896	0.643132	-0.593279
TCGA-AR-A1AO-01	-0.688325	0.699592	2.158189	-1.411899	-0.423604	1.792101	-1.404272	0.438037	1.461666	0.528306
TCGA-AR-A1AP-01	-0.818915	0.357198	-1.104796	0.872455	0.175368	-0.492127	0.547586	-0.442161	1.615954	-1.182896
TCGA-AR-A1AQ-01	-0.443221	0.934474	0.484133	-1.287751	2.283462	-0.266170	-1.481618	-1.163936	2.381987	0.119502
TCGA-AR-A1AR-01	-1.452289	1.375703	-0.545176	-1.747152	2.406242	0.166267	-2.185694	-0.600962	2.251203	-0.825903
TCGA-AR-A1AS-01	-1.113185	1.098019	-0.863189	1.305454	-0.174017	1.857092	3.169633	0.544783	-1.412631	0.084404
TCGA-AR-A1AT-01	-1.316508	-0.258190	0.214646	-0.180967	1.349791	-0.332132	1.453010	-1.620552	1.272404	-1.146475
TCGA-AR-A1AU-01	0.816410	-0.663841	-0.081042	0.308017	-0.366612	0.082790	-1.841298	1.140010	-0.040161	-1.006483
TCGA-AR-A1AV-01	-1.078144	0.751663	-2.243791	0.904883	-0.791037	-1.761196	1.621523	-0.272311	0.049984	-2.229295
TCGA-AR-A1AW-01	-0.484131	-1.320086	0.646519	-0.812488	2.138148	-1.051088	-0.758610	-0.971761	1.634640	-2.222652
TCGA-AR-A1AX-01	1.254855	-0.761501	0.737284	-0.681222	-0.383625	0.706705	-0.600899	-0.229677	1.840441	-0.111328
TCGA-AR-A1AY-01	-0.600614	0.801619	-1.328098	-1.378174	1.435609	-0.282835	-1.819341	-2.416640	2.418860	0.747257
TCGA-AR-A24H-01	-0.687493	2.180149	-1.130741	-1.220753	2.680133	-1.644407	2.308737	0.913564	-0.141277	-0.797538
TCGA-AR-A24K-01	1.646215	-0.275509	-3.804534	0.267463	-0.318913	0.974991	1.977888	-1.818921	0.686705	0.739697
TCGA-AR-A24L-01	0.259571	0.214695	0.004154	-0.718826	0.057782	0.563316	-0.770986	1.867407	-2.465774	-0.457506
TCGA-AR-A24M-01	0.763997	0.532066	-0.570495	0.834877	-2.137377	2.446619	1.395155	-0.174414	-0.221469	-0.611959
TCGA-AR-A24N-01	-1.415504	-0.283657	-1.843022	0.260206	0.915909	-0.099052	1.733033	-1.432479	0.174544	-1.873768
TCGA-AR-A24O-01	-0.505673	-0.779067	1.083586	0.795542	-2.342819	1.670298	-0.589481	1.160040	-0.270182	-0.403368
TCGA-AR-A24P-01	-0.715056	-0.112022	-1.979972	0.461200	0.462763	1.702390	-0.146502	-0.940875	1.019201	-0.857074
TCGA-AR-A24Q-01	0.495957	0.016300	0.536132	-2.408057	1.545381	0.886769	-1.880809	-1.059414	-0.240801	1.478608
TCGA-AR-A24R-01	-0.758355	0.612098	-0.648491	0.318818	1.789268	-0.747581	1.147662	0.956525	-0.536691	-1.550084
TCGA-AR-A24S-01	-1.528707	-0.724351	0.995887	-1.157445	-0.187883	0.746607	0.673476	2.105265	-1.088473	1.734776
TCGA-AR-A24T-01	0.106631	-0.713780	-0.899109	-0.586088	-1.462820	-1.240390	-0.623339	-1.706942	0.032940	-0.970958
TCGA-AR-A24U-01	-1.840471	0.328510	2.122846	-1.844140	-0.221914	0.313206	0.136788	0.763531	0.665778	-0.666237
TCGA-AR-A24V-01	-0.477465	0.690320	-1.185787	-0.800378	0.176714	-0.308850	0.670640	1.099808	-1.958817	0.035248
TCGA-AR-A24W-01	0.398621	-0.575248	0.446855	0.521903	-1.773790	2.928268	-1.606590	0.374590	0.293871	0.334630
TCGA-AR-A24X-01	-1.072216	-1.177460	-1.567473	0.365250	0.330502	0.925621	0.712890	-1.671542	0.391590	-1.800492
TCGA-AR-A24Z-01	-0.706814	2.560013	0.660205	-0.264390	-0.745835	-0.404125	3.186684	2.563909	-1.109187	-1.335229
TCGA-AR-A250-01	-0.597847	0.754410	0.204988	-0.878745	0.127584	-2.109848	1.722948	-0.087064	-0.041226	-1.314368
TCGA-AR-A251-01	-1.175864	-0.216725	1.800508	-3.644088	2.151281	1.236899	-0.569028	0.202019	0.853566	2.256495
TCGA-AR-A252-01	0.466970	0.536304	2.037186	-0.046221	0.367584	0.534355	-2.612874	1.470386	0.366887	-1.932276
TCGA-AR-A254-01	-0.459352	0.275818	-0.864220	-0.439105	1.391806	0.276227	0.630319	-0.744062	1.806923	-1.434729
TCGA-AR-A255-01	-1.175856	-0.639592	0.806375	-0.012148	-0.659897	-1.201486	1.297927	0.485734	-0.958279	-1.250432
TCGA-AR-A256-01	-0.803559	2.178690	-0.214770	-1.016544	2.465872	0.316918	-0.088272	-0.947265	0.059743	1.508827
TCGA-AR-A2LE-01	-0.395160	-0.635958	-1.744912	1.463209	-0.783512	1.002913	-0.031365	0.388924	-1.365779	0.440786
TCGA-AR-A2LH-01	0.232704	-0.457885	2.128186	-0.094020	-1.431899	1.199526	-0.146261	-1.553548	1.646243	0.183416
TCGA-AR-A2LJ-01	0.734088	-1.218430	0.106986	0.561463	-0.463457	0.147780	-2.022243	-0.609333	1.103222	0.156396
TCGA-AR-A2LK-01	0.721571	-0.668257	-2.480468	0.372345	0.107295	-0.861470	1.590292	-0.551291	-0.136093	0.201670
TCGA-AR-A2LM-01	1.141468	-2.047048	-1.022558	-0.301292	-0.930911	1.147074	-0.664797	-1.124210	0.455581	0.035841
TCGA-AR-A2LN-01	-0.379268	-1.820610	0.606313	0.338972	-2.301712	1.159177	-0.385737	-0.331984	0.771199	0.422805
TCGA-AR-A2LO-01	0.857842	-0.909736	0.354687	-0.120843	-1.128757	-0.437150	-1.675484	-1.030732	0.226709	-0.454259
TCGA-AR-A2LQ-01	-0.927058	-0.800599	0.689911	-0.805109	-2.347552	1.155957	-1.064308	-1.051943	1.656790	0.486269
TCGA-AR-A5QM-01	-0.430284	-1.060464	0.730377	1.571112	-2.369178	-1.647808	0.332671	-0.482740	0.285839	-0.672466
TCGA-AR-A5QN-01	-0.305776	-1.181944	0.087664	0.873827	-1.500988	-2.337213	-0.570291	-0.771499	0.858614	-1.794644
TCGA-AR-A5QP-01	-0.050344	-0.454681	-0.702549	1.016894	-1.285217	0.470230	-1.372737	-2.000885	1.220864	-0.057219
TCGA-AR-A5QQ-01	-0.664039	1.175498	1.766851	-1.150890	0.114857	-1.084631	-0.831162	-0.161984	0.663624	0.895002
TCGA-B6-A0I1-01	-0.693868	1.145635	-0.108647	-0.640902	2.373415	0.563591	-0.016727	-0.534556	1.843036	3.677991
TCGA-B6-A1KC-01	0.998379	-0.046408	-1.059998	-0.304102	2.034599	-2.601474	-1.775671	1.550563	-1.963664	-0.922751
TCGA-B6-A1KF-01	-1.844788	0.530137	-0.882857	-2.358440	2.246003	-0.369524	0.613099	-1.311696	2.292600	2.459783
TCGA-B6-A1KI-01	-1.001802	-0.611836	-0.637416	1.597461	-2.559778	2.098129	0.013019	1.377743	-0.138204	-0.267953
TCGA-B6-A1KN-01	-0.468893	-0.163259	0.893869	-0.372888	-0.016644	-2.225716	1.684066	-0.006561	0.004417	-1.033890
TCGA-B6-A2IU-01	0.749901	-1.996768	-0.111300	1.285565	-1.206373	0.718013	0.534652	0.778999	-2.088945	0.243707
TCGA-B6-A3ZX-01	1.195024	-0.065920	2.032476	-1.379483	1.722861	0.097082	-2.920825	-1.006144	1.303671	0.826837
TCGA-B6-A400-01	0.164474	0.398305	0.844853	-1.710819	1.463331	0.309278	-1.652395	-0.813076	0.323425	2.534230
TCGA-B6-A401-01	-0.567967	-0.233811	0.635625	1.047604	-0.313534	0.309763	-0.534379	-0.752053	0.940510	0.747663
TCGA-B6-A402-01	0.315926	0.846701	0.119461	-1.306626	1.731124	1.108078	-1.482321	-1.228199	0.847520	2.721968
TCGA-B6-A408-01	1.583212	-0.198966	-0.097608	0.624168	-0.172012	-0.828987	0.647027	0.791777	-0.426320	0.742751
TCGA-B6-A409-01	-0.315888	0.173924	1.691772	-0.697089	0.518760	0.480711	-1.215213	-1.034938	0.854541	2.721255
TCGA-B6-A40B-01	-1.283064	-0.926531	-0.528472	1.111721	-0.511764	-1.515927	0.978491	-0.494473	0.034851	-0.282392
TCGA-B6-A40C-01	-1.259020	-1.627735	-1.735283	0.913041	0.305609	-0.940725	-0.046914	-0.974880	-0.417259	-0.455682
TCGA-BH-A0AU-01	0.721411	-0.990288	0.114695	-0.906476	0.384719	-0.257199	-0.101101	2.080543	-0.682330	-0.948458
TCGA-BH-A0AZ-01	-0.698182	-0.103440	0.352877	0.435166	-1.673237	0.916220	-0.425184	0.930929	-0.570435	-0.430371
TCGA-BH-A0B5-01	-0.474901	-1.673733	0.588296	0.253965	-0.865975	-0.635161	1.312472	-0.211146	-1.546618	-1.192498
TCGA-BH-A0BF-01	-0.792766	-1.021195	1.026290	-0.674169	0.373087	-0.629949	0.756593	-0.365113	0.371887	-0.582023
TCGA-BH-A0BS-01	-0.043938	-0.088156	-0.980956	1.838466	-1.144739	2.797121	0.939393	1.274937	-1.444915	-0.447932
TCGA-BH-A0BT-01	-0.865501	-0.874990	1.747494	-1.881446	-0.078919	-0.089294	3.071208	0.846446	-1.649690	1.587737
TCGA-BH-A0BZ-01	-0.964610	0.732395	1.087533	-0.737353	-0.215905	-1.989068	0.704401	-0.033239	-1.051075	-0.457342
TCGA-BH-A0C3-01	-1.586051	-0.685217	1.408892	-1.294002	-0.490122	0.813415	-0.752210	1.823906	-1.068568	-0.719085
TCGA-BH-A0DD-01	0.206377	0.382253	-1.635311	-0.276292	1.402482	-1.184402	3.077862	0.312673	-0.877119	-0.544167
TCGA-BH-A0DG-01	0.159812	0.640815	0.774086	0.465471	-0.926453	-0.130187	-0.548946	0.350912	1.250107	-2.104188
TCGA-BH-A0DI-01	-1.269175	-0.750819	-0.295292	-0.609095	-0.934477	-0.926889	-0.803834	-0.919276	1.460275	-0.589826
TCGA-BH-A0DV-01	-1.510147	-1.166830	0.407320	-0.128278	-1.363359	1.526077	-0.831174	-0.093332	0.783939	-0.857775
TCGA-BH-A0E2-01	1.028954	0.037313	-0.353894	0.257838	-0.095502	-1.806966	-0.627294	-0.179774	0.199789	-1.018149
TCGA-BH-A0H3-01	-1.017299	-1.391831	-1.204071	-0.395632	-0.027890	1.791641	-0.825037	-0.935426	1.235392	-1.579662
TCGA-BH-A0HA-01	1.474556	-1.293507	-0.222484	0.660027	-0.208148	0.305329	-0.012626	1.666371	-0.098825	-2.256004
TCGA-BH-A0HN-01	0.073420	-0.452952	-3.602555	2.189594	-0.521294	0.422076	2.059364	0.898683	-1.897050	0.491870
TCGA-BH-A1EN-01	-2.895696	2.362459	-1.341103	-0.576890	-0.666816	-2.722619	2.188275	-1.177602	1.097725	-1.034807
TCGA-BH-A1EO-01	-0.842337	-1.011499	-0.661475	-1.623989	-0.303548	-1.540276	0.621585	-0.747495	-0.843970	-0.914345
TCGA-BH-A1ES-01	1.480603	-1.288025	-1.090601	-0.518725	1.503938	-0.917920	-0.664991	1.017283	-0.816872	-2.797756
TCGA-BH-A1ET-01	-0.218341	-1.031523	0.139139	0.424151	-1.630214	0.752706	1.492045	1.780574	-1.184348	-0.783670
TCGA-BH-A1EU-01	-0.644211	-1.049597	0.463696	0.701664	-0.978095	1.553033	-1.880226	0.729442	0.740990	-1.695211
TCGA-BH-A1EV-01	-2.460336	0.020796	-1.917919	-0.678691	-0.253930	0.892586	2.757392	-0.143852	2.590075	-0.667383
TCGA-BH-A1EW-01	-0.147763	-1.576320	-0.501731	0.054666	0.248147	-0.650835	-0.114494	0.376566	1.540639	-1.503242
TCGA-BH-A1EX-01	-2.241682	0.197729	0.851909	-0.739743	-0.845934	1.159993	2.359955	0.243649	0.216216	0.599260
TCGA-BH-A1EY-01	-1.472355	0.151163	0.457233	0.110957	-0.217946	-0.420890	1.369529	0.490128	1.547144	-1.198537
TCGA-BH-A1F0-01	-1.019187	0.489245	2.383487	-2.047663	0.991386	1.510201	-2.090731	0.335008	0.795555	0.403668
TCGA-BH-A1F2-01	-2.885371	0.576033	0.695655	-1.294890	-1.221123	-1.446881	1.590438	0.784779	-0.524903	-0.634539
TCGA-BH-A1F5-01	1.915426	-1.176674	-0.713072	-0.020610	0.417435	1.049360	1.169460	1.715229	-0.932461	-0.958051
TCGA-BH-A1F6-01	-1.173352	0.190077	1.192030	-2.216813	1.223138	-1.406846	-0.313300	-1.473262	1.393159	1.234534
TCGA-BH-A1F8-01	-0.457356	0.629699	-0.370527	-0.273883	-0.548376	-2.254165	1.858048	0.877441	0.609641	-0.825894
TCGA-BH-A1FB-01	1.136332	-0.734069	0.601419	-0.712393	-0.504097	1.571737	-1.225770	-0.375026	1.053345	-0.152647
TCGA-BH-A1FC-01	-0.806033	0.654998	0.240211	-1.775234	3.719778	-1.826348	-1.295637	-1.635001	1.485088	-0.192735
TCGA-BH-A1FE-01	-0.562403	-1.243965	0.606757	-1.433266	0.119157	0.594525	0.294284	0.363211	0.168548	-1.304305
TCGA-BH-A1FG-01	2.164183	-0.539318	-1.719958	1.201631	-0.145982	0.827975	-0.501053	0.864234	0.376003	-0.595027
TCGA-BH-A1FH-01	0.236640	-0.300744	0.005359	-0.504135	-1.746687	1.673816	-1.849982	-0.017546	0.734339	0.164466
TCGA-BH-A1FJ-01	-0.322346	1.303602	-1.757121	1.884615	-0.526221	0.276007	2.003777	0.240133	-2.411541	-1.876546
TCGA-BH-A1FL-01	-0.842003	-2.505012	-1.431381	0.831316	-0.032476	1.397771	1.328305	-0.915800	-0.503056	-0.948965
TCGA-BH-A1FM-01	-0.447184	2.505682	-1.567324	-0.861372	1.041810	-0.721309	1.179419	2.112041	-0.528112	-0.059484
TCGA-BH-A1FN-01	0.653018	0.466633	-2.108809	-1.483262	1.972192	2.200891	1.036872	1.324609	1.066907	2.102848
TCGA-BH-A1FR-01	1.015745	0.680587	-0.028397	0.409149	0.879099	1.770102	-2.171503	2.489723	-2.629578	-0.483790
TCGA-BH-A1FU-01	-0.608747	0.494409	0.678416	-2.140766	-0.402636	1.504993	-0.280850	-0.085553	1.963543	0.429242
TCGA-BH-A201-01	-0.143772	0.537807	-0.455796	0.533676	-0.585899	2.414951	-1.569236	-0.271041	0.768244	-0.438525
TCGA-BH-A202-01	-1.959600	0.342319	-0.914968	-1.060451	1.322016	-0.345606	1.595260	-0.552881	2.291165	-0.741942
TCGA-BH-A203-01	-0.562643	-0.449115	0.561455	-0.981021	-0.466113	-1.394460	0.989183	-1.126995	2.006567	-0.173953
TCGA-BH-A204-01	-0.794441	0.686456	-0.373329	-0.317545	1.661039	-3.023368	0.976773	1.976748	-2.955305	-1.642806
TCGA-BH-A208-01	-1.069482	0.695415	1.294454	-2.179065	-1.380372	2.549086	0.096548	-0.085737	0.273237	1.957536
TCGA-BH-A209-01	1.237756	-0.044226	0.403357	-0.941650	2.272974	0.776240	-1.252227	0.687838	1.781278	-1.435719
TCGA-BH-A28O-01	0.251165	-0.885044	0.703926	-0.081749	-1.683321	1.938000	-2.018909	-0.955559	1.268726	0.753453
TCGA-BH-A28Q-01	0.710018	-1.421659	-1.861516	0.913449	-0.427690	0.888476	0.263782	-1.296680	0.341715	-1.001965
TCGA-BH-A2L8-01	1.256595	-1.929209	0.051180	-0.108322	-0.028534	0.306683	-0.884602	-0.531272	1.082771	-0.214744
TCGA-BH-A42T-01	-1.051306	-1.518276	-1.823128	1.347381	0.135472	-1.977071	-0.160764	-1.114199	0.213088	-0.417108
TCGA-BH-A42U-01	-0.097996	-0.366007	1.076814	0.906548	-1.748655	0.759141	-1.792412	-1.615370	1.338546	1.285982
TCGA-BH-A42V-01	0.678700	-1.610924	0.438614	1.032715	-0.904761	-0.534366	-2.009538	-0.999204	-0.182213	-0.958835
TCGA-BH-A5IZ-01	0.511821	2.289738	0.297568	-0.637855	0.691891	-0.064270	-1.126640	-2.047237	0.757964	1.747672
TCGA-BH-A5J0-01	-0.187005	-0.274191	0.747080	1.249310	-1.708615	-0.767477	0.393932	0.487782	-0.548556	1.647194
TCGA-BH-A6R8-01	1.534962	-0.067188	0.290519	0.947007	-0.061905	-0.370016	1.712922	1.423152	-2.521580	0.443534
TCGA-BH-A6R9-01	-0.471972	0.594336	-0.440439	-1.292370	0.067692	-0.819398	-2.376332	0.026358	0.358382	0.954781
TCGA-BH-A8FY-01	0.163879	-0.027397	-1.655677	2.891233	-0.820613	-0.785845	1.620293	-0.467026	-2.938423	-1.147742
TCGA-BH-A8FZ-01	1.345755	-1.133096	1.007725	0.406440	-1.765165	0.323745	-0.616945	-1.170257	1.105193	0.454350
TCGA-BH-A8G0-01	0.442873	-1.247742	0.653544	0.403363	-1.134415	0.985630	-1.150153	-0.840418	0.973512	0.112192
TCGA-BH-AB28-01	-0.527159	-0.635868	-0.735023	1.109505	-0.646424	-0.231627	-0.266141	-1.978834	0.939079	-0.609884
TCGA-C8-A1HE-01	-0.699280	-0.686179	-2.272346	2.615887	-1.677343	0.893589	1.116130	-0.183402	1.189760	-2.184281
TCGA-C8-A1HF-01	-0.811266	0.881113	-1.030368	-1.645133	2.384109	-0.215028	1.140442	-0.071280	2.398518	-1.130322
TCGA-C8-A1HG-01	0.212072	0.702539	0.846093	-2.166581	2.131352	-0.278218	-0.446446	3.122029	-0.846998	-0.485735
TCGA-C8-A1HI-01	1.599995	1.201150	1.007591	0.316322	-1.196289	0.248760	-0.993581	1.460787	0.242717	-1.561027
TCGA-C8-A1HJ-01	-0.572553	0.587291	1.125991	-3.171076	3.486949	1.496881	-0.765068	0.241701	0.647391	1.822566
TCGA-C8-A1HK-01	0.050302	2.167101	-0.752977	-2.858378	1.127205	0.972009	2.650498	1.519310	1.668141	-0.904681
TCGA-C8-A1HL-01	0.207793	3.186462	0.363683	0.178210	0.045726	-0.408821	1.086828	2.760563	-1.045956	-1.197967
TCGA-C8-A1HM-01	0.171563	0.868996	0.742435	-1.194001	2.360777	-1.114885	2.550201	1.173064	-0.417637	0.055689
TCGA-C8-A1HN-01	-0.242837	1.310163	-0.965964	-1.576483	1.872023	-1.606909	1.770542	2.317204	-0.454075	-0.021485
TCGA-C8-A1HO-01	-0.427466	0.684883	-1.756207	-0.766090	2.391134	-2.500241	0.158844	1.338500	-0.027713	-2.885769
TCGA-C8-A26V-01	0.665808	1.287045	-1.516228	1.216889	-0.205186	0.312179	2.118567	-0.525998	0.595729	-1.198682
TCGA-C8-A26W-01	0.476856	-1.061893	1.108589	-0.246897	-0.665765	1.491583	0.608426	1.435995	-1.031436	1.831376
TCGA-C8-A26X-01	-1.541137	0.649222	1.723797	-1.485314	-0.604624	-1.272855	1.455430	-0.917771	1.572418	-0.489361
TCGA-C8-A26Y-01	-1.096776	1.430553	2.004708	-2.115425	-0.094057	-0.665395	1.307419	1.080589	0.929495	1.653226
TCGA-C8-A26Z-01	2.032184	0.412042	0.242345	-0.720971	-0.725486	-1.781911	0.904732	2.288697	-2.050893	-0.060146
TCGA-C8-A273-01	1.804392	1.154093	-0.522671	0.080186	-0.941448	-0.877792	0.381378	0.352974	-1.152848	-0.696312
TCGA-C8-A274-01	0.238142	-0.078217	-1.502162	1.465586	-0.845942	-1.276336	3.476384	-1.584860	0.957911	-0.319481
TCGA-C8-A275-01	0.588434	0.141252	1.042621	-1.460109	0.541432	-1.453689	1.724478	-1.191599	2.120796	-0.489973
TCGA-C8-A278-01	-1.374727	0.732208	1.310616	-1.655663	0.940666	-0.730768	1.656209	-0.094989	1.648620	-1.273717
TCGA-C8-A27A-01	0.136253	1.533909	0.678571	-1.171196	2.699352	-2.884205	0.082744	2.820014	-1.544813	-1.245061
TCGA-C8-A27B-01	0.638321	1.849202	0.861155	-1.997144	2.824201	0.268658	-0.743665	-0.763743	0.339832	0.622343
TCGA-C8-A3M7-01	-1.008790	-0.258416	1.013970	0.359411	-2.933753	0.725851	0.618301	-2.050560	1.680066	0.464543
TCGA-C8-A3M8-01	-0.855614	0.474190	-1.104097	0.466700	-0.764251	-2.367392	-0.330827	-0.537957	-0.802780	-1.412254
TCGA-C8-A8HP-01	-0.109403	0.251562	1.806599	-1.022429	-0.533962	0.463672	0.256004	0.456291	1.848476	0.675817
TCGA-C8-A8HQ-01	-0.323426	0.600206	0.474946	0.685860	-0.891651	-2.114531	0.119053	-0.472023	-0.341145	-0.346937
TCGA-C8-A8HR-01	-0.039194	-0.623729	0.977298	-0.116038	-0.552175	0.810461	-1.376614	-0.424282	0.612578	0.592371
TCGA-D8-A1J8-01	-0.557908	0.735461	0.567122	0.278872	-0.296384	-2.025404	1.704864	-1.111300	1.462025	-1.974160
TCGA-D8-A1J9-01	-1.124774	1.530793	0.026992	-0.436146	-0.826162	-1.222982	2.652990	-0.282172	1.310431	-1.766250
TCGA-D8-A1JA-01	-0.183223	3.554603	-1.249085	-1.681893	0.589283	0.695544	3.761623	0.008438	1.714393	-0.843184
TCGA-D8-A1JB-01	1.459550	0.103131	1.187118	-0.166114	-0.406415	0.781864	-1.608310	0.624999	0.644192	-1.581307
TCGA-D8-A1JC-01	-0.144368	0.603706	1.255426	-1.455070	-0.032302	-0.177731	1.611870	2.616155	-1.208154	0.438124
TCGA-D8-A1JD-01	-0.232803	-0.536634	-0.972612	-1.348679	0.277096	0.458552	1.504619	0.897691	-1.594502	0.102268
TCGA-D8-A1JE-01	-0.654713	0.643901	-2.023543	0.947937	-0.400600	1.685568	0.621133	2.186627	-0.801229	-0.643400
TCGA-D8-A1JF-01	-3.400590	1.155814	1.707923	-3.144425	-0.796206	-1.845743	2.315904	0.136839	0.355152	-0.384596
TCGA-D8-A1JG-01	-2.289836	1.426094	1.518774	-2.130300	0.537454	-1.379235	1.998622	0.183128	2.438196	-0.845024
TCGA-D8-A1JH-01	0.384569	-1.266977	-0.390627	0.208579	-0.397950	1.311131	-1.214081	0.658166	0.561328	-1.671139
TCGA-D8-A1JI-01	1.371990	-0.529973	-1.422608	1.904468	0.094611	-0.029696	1.420891	2.508964	-3.903183	-1.199567
TCGA-D8-A1JJ-01	-1.058455	1.299113	-1.178067	-0.185831	-0.533906	-0.111028	1.391844	0.313878	1.576125	-0.826596
TCGA-D8-A1JK-01	-1.954946	2.588023	1.813627	-2.550853	0.007264	0.621036	2.008542	0.794626	-0.358855	1.261181
TCGA-D8-A1JL-01	0.070482	0.692126	0.377225	-1.819586	2.039558	0.878827	-1.709150	-0.431476	1.569725	0.703754
TCGA-D8-A1JN-01	-2.043102	0.141851	-1.581243	1.602145	-3.238626	-0.618224	3.566444	-2.666192	0.851618	-0.109275
TCGA-D8-A1JP-01	-0.501011	-0.721557	-1.674663	-0.945113	0.990248	0.422517	0.237740	0.179979	2.016757	-0.635617
TCGA-D8-A1JS-01	1.135206	0.199018	-3.337204	3.795528	-0.878672	2.561618	1.475083	1.511896	-1.728121	-1.028525
TCGA-D8-A1JT-01	0.259552	1.255848	-2.104181	-0.170939	2.325392	0.546709	2.192666	0.997839	-2.576007	-0.139376
TCGA-D8-A1JU-01	-1.396092	-1.685093	-0.079657	-0.381625	-1.033674	1.792551	-0.928492	0.129295	0.747313	-0.750559
TCGA-D8-A1X5-01	-0.898165	1.352411	-0.577216	-0.049159	-0.164169	-1.740371	2.887822	1.551983	-0.314495	-0.631784
TCGA-D8-A1X6-01	0.126649	0.462832	-2.188747	-0.551145	1.856327	1.287036	1.760230	2.293017	-2.774801	-0.197148
TCGA-D8-A1X7-01	-0.779590	2.116819	-0.527638	0.993783	0.606903	2.881385	0.267056	1.407278	-2.470737	0.215418
TCGA-D8-A1X8-01	1.420635	-0.974830	-0.579736	1.263542	-2.370624	0.327185	0.279421	0.276023	-1.125887	-0.535140
TCGA-D8-A1X9-01	0.986917	1.299055	-1.071427	-0.065700	-0.042621	-1.793087	0.941273	-0.179062	-1.776231	-0.011456
TCGA-D8-A1XA-01	0.273383	0.033237	-0.878423	0.821482	-0.014847	-0.911896	1.985526	1.931000	-1.359275	-0.440149
TCGA-D8-A1XB-01	0.060511	-0.777737	-0.760585	-0.574553	-0.839498	-0.177395	0.614248	-0.371087	-0.278594	-0.712633
TCGA-D8-A1XC-01	1.657543	2.424137	-2.997623	2.898951	0.779540	1.678507	-0.255123	1.386233	-2.399469	-0.032676
TCGA-D8-A1XD-01	1.215552	-0.500268	-1.539076	-1.125630	1.332879	-0.129859	0.133248	1.372775	-0.848063	-1.340978
TCGA-D8-A1XF-01	-0.009861	0.082849	-0.987818	0.240334	1.893463	-3.648094	-0.519679	-1.132747	0.128096	-2.323662
TCGA-D8-A1XG-01	2.050078	1.807403	-1.185673	0.976142	0.249580	2.979125	-1.750839	0.752364	-0.990344	0.941657
TCGA-D8-A1XJ-01	-0.550411	-0.069552	-1.505139	-0.123914	-0.540417	-1.129979	2.793091	-1.981055	2.237139	0.655917
TCGA-D8-A1XK-01	0.688554	1.734934	-0.595280	-1.268020	2.610413	0.209641	-2.368070	-0.587263	1.912201	0.544896
TCGA-D8-A1XL-01	2.648433	-0.906365	-0.576760	-0.427420	1.076592	0.075921	0.084918	0.036804	1.026657	0.543122
TCGA-D8-A1XM-01	0.770455	-1.702459	-0.049772	0.002000	-0.108621	0.931597	-0.738592	0.409885	0.246494	-0.288085
TCGA-D8-A1XO-01	-0.030227	-0.971751	-1.080913	0.643085	-0.574344	2.196522	0.916377	0.320890	0.448917	-0.642701
TCGA-D8-A1XQ-01	-0.275470	0.680624	1.645423	-2.969157	2.492993	-0.079358	0.280001	-0.085093	-1.193741	1.717448
TCGA-D8-A1XR-01	0.178919	0.401659	-1.784965	0.455948	0.128402	3.206057	1.244354	2.512893	-1.940969	1.061068
TCGA-D8-A1XS-01	0.815168	-0.578513	-2.121108	-0.415410	0.163494	1.139625	0.943700	1.071268	-0.901123	0.263410
TCGA-D8-A1XT-01	-2.085600	1.186587	-0.412467	-3.456215	0.637411	-0.929583	0.338053	0.960336	1.465029	0.077884
TCGA-D8-A1XU-01	-0.627821	0.292006	-0.095489	0.984880	-1.820327	-1.226130	1.028668	0.631437	0.251108	-1.531999
TCGA-D8-A1XV-01	0.520654	2.408687	-2.871695	2.596740	0.811218	0.530917	-0.387247	0.600519	-1.690403	-1.509813
TCGA-D8-A1XW-01	0.251438	1.411566	0.225333	-1.705997	1.611137	1.957490	-1.315645	-0.830015	0.688501	1.275381
TCGA-D8-A1XY-01	-0.932319	0.445918	0.320221	-1.666908	-0.450229	1.740036	0.827650	1.621930	-1.881351	1.226458
TCGA-D8-A1XZ-01	-0.478862	0.711997	-0.727629	-1.640437	1.953516	-1.116554	1.293691	1.261680	-0.033242	0.098472
TCGA-D8-A1Y0-01	-0.067630	-1.050907	1.474085	-0.608660	0.175128	-0.121816	0.692423	1.190961	-0.773499	-2.012588
TCGA-D8-A1Y1-01	-0.714263	-0.031863	-1.725151	-0.954935	0.723725	0.001197	2.072449	1.155191	-0.858083	-0.109720
TCGA-D8-A1Y2-01	0.928658	0.105935	-0.369486	0.142729	0.264336	0.298680	-0.945941	1.161187	0.245502	1.139820
TCGA-D8-A1Y3-01	-0.447857	-0.353208	0.141989	-0.819847	2.238837	-3.042029	1.637792	-0.874901	0.442874	-0.095354
TCGA-D8-A27E-01	1.978478	1.015643	-1.333955	1.357949	0.274615	2.562342	-1.783473	2.360514	-2.477097	1.342072
TCGA-D8-A27F-01	0.226767	0.473797	0.554306	-2.465602	1.147915	1.128803	-1.151013	-0.883447	0.408728	2.278526
TCGA-D8-A27G-01	-0.751424	-1.339473	0.263890	-1.007117	-0.752737	-1.685699	1.151739	-1.358145	-0.515768	-0.990861
TCGA-D8-A27H-01	-0.200403	0.470220	0.096218	-2.174584	-0.036542	-0.274229	-1.180716	-1.917976	-0.526891	2.270046
TCGA-D8-A27I-01	0.108146	-1.643929	1.265618	-0.530724	-1.885222	0.659628	-0.489115	-0.430479	-0.380030	0.396290
TCGA-D8-A27K-01	0.343523	-0.815344	-0.772575	0.937793	-0.526633	1.913459	0.585489	-1.734804	1.639336	-0.713211
TCGA-D8-A27L-01	1.232584	-1.054665	0.848812	-0.438687	-1.376769	0.939292	0.304551	0.577828	-0.457343	1.172132
TCGA-D8-A27M-01	-0.025347	0.556051	1.929152	-2.001733	0.692474	0.447110	-1.886356	-0.953923	-0.623618	0.787545
TCGA-D8-A27N-01	-0.159449	1.219037	-0.220619	-0.853251	-0.437929	-0.746838	0.253681	-0.243119	1.015701	-1.106863
TCGA-D8-A27P-01	1.609873	-0.789473	-0.669495	1.149636	-1.701637	3.447334	0.057267	0.460925	-0.309573	1.784455
TCGA-D8-A27R-01	0.644944	-0.257554	1.135061	-1.123166	0.189125	-1.564269	-0.409462	2.104379	0.273983	0.055398
TCGA-D8-A27T-01	-0.670755	-1.689007	-0.002799	0.303257	-1.100653	-0.127995	0.250982	0.914870	-2.235967	0.612920
TCGA-D8-A27V-01	-0.650239	-0.411770	1.303121	0.428100	-1.890946	2.007441	1.322743	-0.658579	-1.785275	0.604596
TCGA-D8-A27W-01	0.751530	-0.036001	0.425016	-0.919592	-0.138115	-2.984342	-1.221140	0.321336	-0.286622	-0.933907
TCGA-D8-A3Z5-01	0.384564	-1.268429	0.295764	2.462394	-1.922216	1.686329	-0.837695	-1.372643	-0.444838	0.721255
TCGA-D8-A3Z6-01	-0.038738	-0.716855	0.147204	1.363084	-1.772531	0.501103	1.985194	0.058517	-0.534207	-0.478367
TCGA-D8-A4Z1-01	1.190677	-0.724634	0.514137	1.141507	-2.435437	1.169845	-1.317216	-1.075469	0.580264	0.872993
TCGA-D8-A73U-01	0.313936	-0.184871	0.868292	1.104474	-0.977343	0.168805	-0.179569	-0.502835	1.671171	-0.165489
TCGA-D8-A73W-01	-0.555967	1.703342	-1.337711	2.714175	-0.089005	0.707164	-0.971844	0.332451	-1.286239	0.478681
TCGA-D8-A73X-01	0.998799	-1.459744	-1.638870	1.090879	-1.261229	-0.048637	-0.039223	-1.639633	0.843383	-0.561977
TCGA-E2-A14N-01	-1.007782	1.038083	0.133931	-1.698102	2.422426	1.130980	-1.719335	-0.615521	1.886627	-0.152143
TCGA-E2-A14U-01	1.374548	-0.685680	0.240259	1.262801	-0.983662	2.433025	-2.310856	-0.482724	0.706845	0.890000
TCGA-E2-A15I-01	0.221071	-1.265915	1.063023	0.380285	-1.366027	2.565372	0.623591	1.689641	-1.259540	0.261554
TCGA-E2-A15J-01	-0.672685	0.928406	-3.494132	1.679808	0.697282	1.384173	1.411857	-0.710056	0.378032	-1.948334
TCGA-E2-A15K-01	-0.668434	-0.057475	1.445044	-0.131544	-0.441719	0.808108	1.489875	2.139982	-2.090862	0.897206
TCGA-E2-A1AZ-01	-0.217312	0.887533	0.507879	-1.937504	2.113590	0.580778	-1.346778	0.107032	1.456194	0.608336
TCGA-E2-A1B0-01	-1.796820	0.778801	1.147651	-2.660266	0.201975	0.526454	1.112864	0.056865	0.336694	1.011558
TCGA-E2-A1B1-01	0.719754	0.169612	0.891389	-0.791492	-1.110531	1.561718	-1.336164	0.720152	1.228251	-0.213468
TCGA-E2-A1B4-01	0.882318	-1.861146	-0.892032	0.996133	-1.025672	2.021227	1.547989	1.125328	-1.277920	-0.350651
TCGA-E2-A1B5-01	-0.480806	0.210686	2.102354	0.442535	0.037858	0.078477	-1.617220	0.334894	1.706726	-1.720455
TCGA-E2-A1B6-01	0.494805	0.166611	2.528196	-0.975930	1.500849	0.679112	-2.898301	-0.544263	1.215054	0.622496
TCGA-E2-A1BC-01	-2.198314	-1.346462	-0.751963	-0.286378	-1.691529	0.477877	-0.237185	0.338767	0.235511	-1.728971
TCGA-E2-A1BD-01	-1.174698	-1.352766	-2.066818	0.702853	-0.855396	-0.218978	1.269881	-1.121440	0.865541	-0.957935
TCGA-E2-A1IE-01	-0.212907	-0.876302	-0.674379	0.742135	-0.044156	-1.397980	-0.077154	1.757677	-2.015663	-2.349475
TCGA-E2-A1IF-01	-1.105762	0.129988	0.934952	0.826972	-1.181079	2.714446	-0.561076	0.488152	0.707772	0.725354
TCGA-E2-A1IG-01	0.359721	1.468121	-1.086179	-0.230295	-0.310709	-0.996153	0.483732	1.582202	-0.936622	-1.026947
TCGA-E2-A1IH-01	-1.122034	-0.942837	0.447271	-1.182331	-0.647779	-0.783886	-0.258005	1.625604	0.120841	-0.982734
TCGA-E2-A1II-01	1.067981	1.196868	0.817310	-1.788606	3.281559	-0.440643	-2.004092	-0.779443	0.647688	-0.370727
TCGA-E2-A1IJ-01	-0.732699	-0.291590	0.411400	0.492004	-1.246306	1.219557	0.192016	-0.383284	0.722542	-0.546044
TCGA-E2-A1IK-01	0.911110	1.170949	0.725628	1.124456	-0.030009	2.719021	-2.018544	2.047373	-1.809127	1.087838
TCGA-E2-A1IL-01	-0.224617	-1.484048	-0.565185	1.256169	-2.149720	1.931555	0.430818	1.584290	-0.084540	-0.002323
TCGA-E2-A1IN-01	0.331552	-0.395590	-1.029874	-1.182131	-0.341929	1.286105	1.874425	1.184136	-0.266116	0.524169
TCGA-E2-A1IO-01	-0.103911	-1.522579	0.457403	-1.288494	-0.235017	0.998542	0.126916	1.162816	-0.418800	-0.907746
TCGA-E2-A1IU-01	0.825499	-0.103360	0.325619	1.777693	-1.862439	1.691289	0.402409	0.918880	-1.696330	0.046458
TCGA-E2-A1L6-01	0.595310	-0.903499	0.067859	1.576712	-1.104910	2.217122	-0.787037	0.775614	-0.324692	-1.469251
TCGA-E2-A1L7-01	-0.992777	-0.975611	-1.419102	-1.077044	2.766891	-1.067010	-0.053752	-0.051603	1.922547	-2.415133
TCGA-E2-A1L8-01	-2.100254	-0.769880	-0.288137	0.595300	-0.455412	1.156390	0.987760	1.723652	-1.409958	-0.440898
TCGA-E2-A1L9-01	-1.187698	0.104595	-0.886072	-0.323117	0.554939	2.425174	0.834270	0.900875	0.110191	-0.365564
TCGA-E2-A1LA-01	-0.208965	0.482121	1.277762	-0.564396	-0.180034	-0.092004	0.180924	1.548283	-1.917424	0.772386
TCGA-E2-A1LB-01	-2.780791	1.753792	0.006895	-2.123055	-1.293060	-0.223396	1.868225	-0.465851	3.045577	-1.403333
TCGA-E2-A1LE-01	-1.362102	-0.208718	0.836315	-1.362953	-0.887209	-1.628856	0.979492	-1.059602	1.418454	-0.150646
TCGA-E2-A1LG-01	1.454584	2.578825	1.249666	-1.861357	0.440293	2.772757	0.787018	-0.262098	-0.745386	2.922219
TCGA-E2-A1LH-01	-0.366051	0.002315	2.462579	-1.950366	0.701646	-0.265433	-1.595852	-0.977332	0.121061	1.902097
TCGA-E2-A1LI-01	-0.466700	0.345916	1.221757	-2.013190	2.720883	0.208408	-1.288087	-0.843943	0.960812	0.794918
TCGA-E2-A1LK-01	-1.864902	0.898876	-0.373909	-1.508692	1.978233	-2.721847	0.248654	-1.987190	1.601765	2.335353
TCGA-E2-A1LL-01	-1.854434	1.564943	1.468317	-1.686171	-0.184992	-0.265948	0.339053	0.145571	-0.397331	1.400242
TCGA-E2-A1LS-01	-0.577089	1.720332	-0.633605	-1.110421	1.156319	1.791663	-0.684192	-2.005184	1.537268	1.128337
TCGA-E2-A2P5-01	-0.968805	-1.061433	-0.521104	-0.222849	-0.682432	-1.547927	2.094947	-1.561317	-0.823170	0.501771
TCGA-E2-A2P6-01	0.614735	-0.742722	-1.676218	2.620589	-2.377156	-0.610123	1.208922	-1.173719	-0.143428	-0.779306
TCGA-E2-A3DX-01	0.333680	-1.651535	0.891471	0.095037	-1.117919	0.960417	-1.062365	-0.271433	1.442171	-0.368260
TCGA-E2-A56Z-01	1.881442	0.108903	0.004560	2.102419	-0.453811	-2.327608	-1.491944	1.361176	-1.526718	-0.612297
TCGA-E2-A570-01	0.663695	-1.225071	-1.058674	0.618075	-0.171917	1.175678	0.366768	-0.441442	0.728175	0.584493
TCGA-E2-A572-01	1.421129	-0.274538	-0.820519	3.542043	-1.017719	-0.472412	-1.045146	0.221376	-2.058225	0.597481
TCGA-E2-A573-01	0.500093	0.689052	1.799375	-1.674574	1.405090	0.242354	-1.387139	-0.973107	1.459817	1.709675
TCGA-E2-A574-01	-0.514911	1.460507	0.336549	-1.518126	1.471120	-0.259065	0.136455	-1.288921	-0.976757	3.775442
TCGA-E2-A576-01	0.126275	-1.357335	-0.399699	1.277556	-0.172794	-3.343100	0.805320	-1.674255	0.092181	-0.447833
TCGA-E2-A9RU-01	-1.136684	-0.288065	-1.331471	0.430197	0.217853	-2.418273	1.681656	-1.983306	1.175519	0.147378
TCGA-E9-A1N3-01	1.418334	0.866394	-0.725774	1.203900	0.019972	1.676050	-2.093934	3.545171	-2.743928	-0.371633
TCGA-E9-A1N4-01	0.324848	-0.769176	-0.473901	1.486341	-1.452300	1.941290	-0.478925	1.297309	-1.802048	2.017630
TCGA-E9-A1N5-01	0.473648	-1.273512	-0.776102	0.052922	0.051914	-0.025740	-0.128686	0.952241	-0.923922	-0.965054
TCGA-E9-A1N6-01	-1.846734	1.073961	-0.419196	-2.051601	0.690575	-0.269728	1.432095	1.230481	0.998138	0.043146
TCGA-E9-A1N8-01	1.346246	1.338526	-1.823698	-1.134463	2.314261	1.563625	-2.414774	-1.903046	1.724965	2.092795
TCGA-E9-A1N9-01	-0.120276	-0.992622	-0.683542	-2.991149	1.529145	0.070815	0.615689	1.226092	1.699423	-0.199949
TCGA-E9-A1NA-01	-1.085117	1.234162	-1.288193	-0.683738	0.643197	-2.148382	0.678310	-0.939432	0.795791	-1.009943
TCGA-E9-A1ND-01	-0.355436	1.615287	1.230283	-1.646920	1.377393	-0.577982	-0.184245	-0.852683	1.995918	0.609099
TCGA-E9-A1NE-01	0.825781	-0.420208	1.426621	-0.388085	0.645144	1.139551	-1.448119	1.164966	0.078336	-1.360850
TCGA-E9-A1NF-01	-1.817475	1.245192	-0.691363	0.017135	-1.006187	-0.036762	1.239607	0.419914	1.590089	-0.599541
TCGA-E9-A1NG-01	-0.757424	1.526550	0.100693	-0.412186	-0.724679	2.247675	0.263736	0.867508	-0.280122	0.908378
TCGA-E9-A1NH-01	-1.225673	0.074766	-1.501586	0.817943	-0.144635	2.164164	1.006925	-0.179488	0.726085	-0.918091
TCGA-E9-A1NI-01	-1.355464	0.184771	0.456093	-0.107212	-0.514402	-0.728783	2.841912	1.935501	-1.029558	-0.671066
TCGA-E9-A1QZ-01	-0.332280	-0.720357	2.276120	0.109616	-0.413277	1.268896	-1.826596	1.131363	-1.036352	-0.029771
TCGA-E9-A1R0-01	0.273147	-1.785773	0.491593	0.710835	-0.897750	-0.060034	-0.779039	0.301481	-1.920056	-0.525681
TCGA-E9-A1R2-01	1.183434	-1.696005	-0.170439	0.053070	1.042896	-0.034562	-0.575081	1.400555	-0.243291	-1.573722
TCGA-E9-A1R3-01	1.621306	0.391994	-0.487577	0.977285	-0.906749	2.340473	0.864654	0.622580	-0.067215	2.161978
TCGA-E9-A1R4-01	-0.040036	0.267575	0.883285	-0.565423	1.235767	0.429011	0.693160	1.694430	0.420089	-1.269173
TCGA-E9-A1R5-01	-1.928709	0.007355	-2.019024	-0.433055	-0.114415	-1.545496	0.533449	-0.104960	0.774985	-0.593045
TCGA-E9-A1R6-01	0.395857	-0.368038	-1.557643	-0.177329	1.125278	-1.634521	1.510101	0.412178	-1.832370	-1.091552
TCGA-E9-A1R7-01	-1.008221	1.548980	-0.038992	0.440223	-0.417150	-1.347560	0.547504	1.338855	0.454123	-1.898658
TCGA-E9-A1RA-01	-0.495027	-0.646126	-1.112052	0.195763	1.733357	2.211286	-0.230133	0.112325	1.272476	-1.579539
TCGA-E9-A1RB-01	1.399417	0.499027	-1.524272	-0.184758	0.739325	2.260775	0.813121	0.847088	0.036181	2.431572
TCGA-E9-A1RC-01	-1.841505	-0.992073	-3.337397	-0.010218	0.855569	-0.452654	1.461465	-0.410591	1.923359	-0.616680
TCGA-E9-A1RD-01	2.252214	-0.737924	-1.756901	1.537309	-2.251970	1.571316	1.778059	-0.037470	0.432630	0.422222
TCGA-E9-A1RE-01	-0.954877	-0.496997	-0.769108	-1.020954	1.065533	-3.005002	1.560082	0.231457	-0.789201	-1.535806
TCGA-E9-A1RF-01	-1.429497	1.076746	0.732012	-1.357172	0.522590	-1.550158	0.958589	1.293406	-0.500121	-0.671337
TCGA-E9-A1RG-01	0.500030	0.382312	0.688946	-1.433452	0.492011	0.889849	1.150623	3.057940	-0.937636	1.462844
TCGA-E9-A1RH-01	-2.545373	1.746475	1.180802	-2.833294	0.565397	-1.068071	1.674995	1.111723	0.269777	1.331625
TCGA-E9-A1RI-01	0.675000	-1.075171	-0.964447	-0.254915	0.133186	0.917363	-0.404895	0.376399	-0.304264	-1.526886
TCGA-E9-A226-01	0.804989	0.480367	-1.240391	-0.420971	-1.018713	1.548091	1.144498	0.411822	-0.910734	2.268877
TCGA-E9-A227-01	-0.446643	-0.447642	0.344911	0.640856	-0.495358	2.831507	-0.621980	1.944538	-1.107814	0.786065
TCGA-E9-A228-01	-0.258822	0.877812	-0.940372	-0.587122	1.891625	-2.730671	-0.539568	0.994640	-0.054774	-1.580404
TCGA-E9-A229-01	0.172836	-0.492924	-0.025589	-0.535812	-0.166585	1.286121	0.219624	1.988994	-1.015674	-0.946532
TCGA-E9-A22A-01	0.794563	-0.055897	-0.103086	-0.493398	0.097777	-1.205754	-0.958088	0.010064	0.361232	0.231488
TCGA-E9-A22B-01	-0.389505	-0.376809	-0.211019	0.035432	0.329953	-1.826007	-0.940394	0.928018	0.165477	-1.676605
TCGA-E9-A22D-01	0.963141	0.592539	0.790839	-0.037126	1.986888	-0.418973	-0.600338	-0.050854	0.999163	-2.801133
TCGA-E9-A22E-01	-1.283912	1.205210	-0.226632	-0.698962	-0.272114	1.914250	0.817845	2.320195	0.271166	0.728706
TCGA-E9-A22G-01	0.562199	1.451010	-0.020515	-2.555844	3.783246	0.165163	-0.771733	-1.010858	-0.060396	1.723925
TCGA-E9-A22H-01	1.280744	-0.063380	0.147215	0.569959	-0.053012	1.674924	2.011883	2.137100	-0.909449	-2.043244
TCGA-E9-A243-01	0.041226	1.871836	1.952009	-1.789706	1.044773	1.828309	-0.853128	-0.411833	0.581072	-0.410430
TCGA-E9-A244-01	-0.368597	1.067772	0.405653	-1.852778	1.715063	1.065541	-1.398263	-1.049706	0.213535	1.137679
TCGA-E9-A245-01	1.838128	0.310750	-0.272957	1.030234	-0.594374	1.667594	-2.186469	2.708116	-2.571817	0.690057
TCGA-E9-A247-01	-0.423585	-0.203490	-0.728302	0.682794	0.437483	-2.077247	0.664444	-0.156219	0.415813	-1.410374
TCGA-E9-A248-01	-0.446840	0.903655	2.385036	-2.807168	0.710251	1.953317	0.010907	1.546718	0.542314	0.168801
TCGA-E9-A249-01	-0.268799	-0.381159	-2.698359	0.846551	1.879655	2.480485	1.067307	-0.359482	0.203709	-0.597712
TCGA-E9-A24A-01	0.392631	0.988678	-1.746092	0.920559	0.129754	3.674987	0.822815	1.788261	0.194536	0.345737
TCGA-E9-A295-01	0.364856	-0.697606	0.325806	0.385244	-1.038417	-2.005658	0.716025	-0.178547	-0.183601	-0.447796
TCGA-E9-A2JS-01	-0.081406	-0.476995	-0.116872	-0.677896	0.182379	-3.366834	0.179388	-0.341499	0.617746	-1.094622
TCGA-E9-A2JT-01	0.421919	-1.747634	1.868534	-0.696681	-0.052783	-0.432428	-2.010075	-0.121787	1.586479	-0.907941
TCGA-E9-A3Q9-01	-0.158569	0.427063	-0.355356	2.759829	-1.283969	1.373946	-1.718340	2.610879	-3.514691	0.277206
TCGA-E9-A3QA-01	0.587493	0.486280	1.904382	-1.287624	1.983008	0.000913	-2.331168	-0.566275	0.989641	0.727318
TCGA-E9-A3X8-01	0.222478	-1.152594	0.637221	1.329436	-0.637091	0.300181	-0.880910	-0.584432	1.041413	0.900946
TCGA-E9-A54X-01	1.836932	1.730028	-1.336475	0.274420	1.549476	2.848513	-0.742378	2.004470	-1.468322	0.612154
TCGA-E9-A54Y-01	-0.028464	0.548622	-0.452071	1.235045	0.785622	-2.159249	2.416241	-0.646576	-2.579806	0.492859
TCGA-E9-A5FK-01	0.587199	-1.795481	1.386537	1.510601	-1.332278	-1.068814	-0.381237	-1.211136	1.310802	-0.171984
TCGA-E9-A5FL-01	-0.988017	1.173330	1.794364	-1.214893	-1.282652	0.324253	-1.705996	1.319263	1.105928	3.306169
TCGA-E9-A5UO-01	0.933237	1.962889	-2.892312	1.959760	0.951010	-2.075445	1.413967	0.013455	-2.886950	-1.188067
TCGA-E9-A5UP-01	1.260665	1.597899	-3.427187	2.759654	1.729723	0.199773	0.513968	-2.027173	0.093145	0.275867
TCGA-E9-A6HE-01	-0.245583	-1.718828	-0.786283	0.989937	-0.559297	-0.853199	-0.159369	-1.122912	-0.186399	-0.728090
TCGA-EW-A1IW-01	-1.152819	-0.995055	-0.289477	-0.009605	-0.710784	-1.277246	0.052953	-1.147362	1.208965	-1.289507
TCGA-EW-A1IX-01	0.096558	-1.282977	-0.019745	-0.371506	-0.483342	1.860851	-0.498918	1.940937	-1.125287	-0.456313
TCGA-EW-A1IY-01	0.122465	0.391981	-0.258367	-0.193630	0.194468	1.686322	0.158753	-0.601356	1.892566	-1.434002
TCGA-EW-A1IZ-01	0.538549	-0.328684	1.956621	0.430765	0.760419	-1.478329	-0.553500	-0.378157	0.617143	-1.286177
TCGA-EW-A1J1-01	2.342109	0.190069	-0.571659	-0.702357	0.250666	1.300656	0.253929	3.504679	-2.869330	0.072992
TCGA-EW-A1J2-01	-0.694277	-1.329310	-0.281341	0.455792	-0.702213	1.568372	-0.268982	-0.498639	0.146616	-1.766812
TCGA-EW-A1J3-01	0.396693	-1.779395	-0.673183	0.836829	-0.133055	1.948403	0.507912	0.185167	-0.305530	-1.320405
TCGA-EW-A1J5-01	0.115002	-0.942190	0.766153	0.553995	-0.045082	-0.579418	1.231779	0.391893	-1.461591	-1.289626
TCGA-EW-A1J6-01	1.957042	0.692301	-0.736631	-0.559757	1.409940	-0.005989	0.311329	2.547117	0.152896	0.562218
TCGA-EW-A1OV-01	-0.297384	-0.036204	1.457993	-1.382689	1.445248	-0.991270	0.572291	-0.167926	0.669371	-1.159182
TCGA-EW-A1OW-01	-0.126057	0.357333	0.220142	-2.677631	1.276952	0.712484	-1.291555	-1.013777	0.586903	2.081437
TCGA-EW-A1OX-01	1.313105	3.343535	-2.434683	0.889316	1.346215	-2.771845	0.661327	0.301876	-1.829436	-1.192242
TCGA-EW-A1OY-01	0.482603	0.443773	0.078532	-1.789348	1.215802	0.524730	1.551290	2.724364	-1.223416	1.345564
TCGA-EW-A1OZ-01	-1.443245	-0.183727	-0.190956	-1.690173	0.864151	-2.476044	1.774080	-0.884855	-0.581435	-1.095462
TCGA-EW-A1P0-01	0.140541	1.915391	-1.773734	-0.585866	3.057448	1.173696	0.084083	2.133359	-1.266896	-0.616899
TCGA-EW-A1P1-01	-1.152017	0.565318	1.450763	-0.551572	-1.460602	1.584650	-1.786597	0.117757	1.172677	0.106278
TCGA-EW-A1P3-01	0.118522	-1.065830	0.354742	1.161051	-0.653350	0.356897	0.400856	0.865781	-0.944503	-0.715417
TCGA-EW-A1P4-01	0.423387	1.779972	0.434384	-1.418823	1.551379	0.400961	-1.663762	-0.710399	1.098534	0.659874
TCGA-EW-A1P5-01	1.222555	1.054333	-0.982902	1.009305	0.784341	1.239959	0.860925	0.687162	-0.287525	-1.918389
TCGA-EW-A1P6-01	0.923126	-0.634257	0.009522	-1.820141	0.614226	1.645371	1.873423	1.618485	-0.630470	0.561347
TCGA-EW-A1P7-01	0.084680	0.313334	2.215281	-1.392852	0.659805	1.478533	-2.522029	-0.507288	0.882681	0.533630
TCGA-EW-A1P8-01	0.176508	1.508049	-0.168596	-1.510112	2.695249	1.353912	-1.602845	-0.433686	2.046108	0.886613
TCGA-EW-A1PA-01	0.760785	-1.161089	0.429499	0.601002	0.001472	-1.477812	-0.616439	0.412420	-0.075864	-1.315201
TCGA-EW-A1PB-01	0.182968	1.852212	1.637346	-1.050688	2.171899	-1.126796	-0.973900	-0.429035	1.346973	0.776316
TCGA-EW-A1PC-01	-1.185427	0.866141	-1.245648	-0.605044	2.156092	-2.368885	3.346800	0.503874	-0.074182	1.820506
TCGA-EW-A1PD-01	-0.694952	0.005835	-1.129684	-0.192676	-0.055057	-0.026644	-1.339527	0.422560	0.893168	-2.157125
TCGA-EW-A1PE-01	0.263247	0.176987	0.154117	2.036154	-1.462099	1.701593	1.578789	1.295951	0.622272	-0.821576
TCGA-EW-A1PF-01	0.297104	-0.187154	0.557689	0.014375	-1.315338	-0.238403	-0.581762	1.317455	0.395782	-1.172089
TCGA-EW-A1PG-01	0.120066	0.241298	0.662271	0.025870	-0.632354	2.130390	-1.187793	-0.707831	0.235063	-0.001725
TCGA-EW-A1PH-01	-0.042293	0.232906	1.522177	-3.238839	0.884167	0.011334	0.419738	-0.394062	-0.298242	3.832970
TCGA-EW-A2FR-01	-0.074751	0.872767	0.317405	-1.329622	-0.866183	1.033238	0.203800	0.626794	1.692546	0.740889
TCGA-EW-A2FS-01	0.200434	0.135410	1.382329	0.593646	-0.490010	-1.322565	-0.867409	0.381831	-0.565462	-1.174921
TCGA-EW-A2FV-01	0.354206	0.633015	1.890576	0.180845	-0.749781	-0.064968	-0.002586	0.998346	-0.651605	-0.932447
TCGA-EW-A2FW-01	0.939280	0.533259	-1.686043	-0.121759	1.021195	0.592001	-0.589468	2.608284	-1.275907	-1.676395
TCGA-EW-A3E8-01	0.310454	-2.363268	0.614400	0.865447	-0.463983	-1.488705	-0.471185	-1.390657	0.321378	-1.261632
TCGA-EW-A3U0-01	-0.381615	-0.711922	2.036311	-2.190817	1.342402	0.332402	-2.245689	-0.630164	0.675966	1.579696
TCGA-EW-A423-01	0.339985	1.135227	-1.269740	3.288856	-1.163753	-1.299709	2.155215	-1.184463	0.348430	-0.026475
TCGA-EW-A424-01	0.165851	-1.305284	-1.526693	0.762373	-0.905003	-1.002787	-0.622816	-2.400565	0.892697	-0.093838
TCGA-EW-A6S9-01	1.845157	0.401275	-0.529088	-0.226385	-0.684053	-0.169685	0.213671	-0.464805	0.437980	0.248034
TCGA-EW-A6SA-01	-0.180061	1.137366	-2.553702	0.513267	1.329462	-3.167605	1.502781	-1.567995	-1.998710	-0.876268
TCGA-EW-A6SB-01	0.967025	0.671165	1.648416	-1.048980	2.078864	-1.406904	-1.545679	-2.209220	1.171700	0.523267
TCGA-EW-A6SC-01	0.670084	-1.791763	1.204580	-0.017921	-0.556922	-0.161313	0.343339	1.849735	-2.266843	0.280029
TCGA-EW-A6SD-01	1.708054	1.578545	0.318139	-1.252396	-0.059244	1.050483	1.507273	-0.615983	2.491672	0.677361
TCGA-GI-A2C8-01	-0.402498	-0.455959	-0.326360	-0.962862	-0.838968	-1.542085	1.083771	-1.172922	-0.023929	-0.337882
TCGA-GI-A2C9-01	-0.203747	0.689205	-0.326702	-1.162759	1.072150	-0.639946	-1.424667	-2.009760	0.390389	2.113551
TCGA-GM-A2D9-01	-0.728369	-1.111873	-0.398589	1.246623	-1.995207	-0.768893	1.272751	-0.944223	-0.339264	-0.516468
TCGA-GM-A2DA-01	-0.642231	-1.071550	1.384986	0.505793	-2.560122	0.158245	0.325219	0.816696	-1.026649	2.187755
TCGA-GM-A2DB-01	-1.388950	0.510823	2.515091	-1.943548	-0.684467	-0.311074	1.607146	0.327016	0.964235	1.618356
TCGA-GM-A2DC-01	0.622650	-1.140213	-0.861843	1.253637	0.379976	-1.798915	-0.893164	0.252202	-2.075279	-0.858645
TCGA-GM-A2DD-01	-2.015869	0.157165	2.368485	-2.025472	-1.508712	-1.512562	1.392693	-0.305554	0.184426	0.806402
TCGA-GM-A2DF-01	-0.911631	-0.104602	2.141892	-1.940465	0.676448	-1.314513	-1.241301	-1.147516	0.393457	1.542870
TCGA-GM-A2DH-01	0.160767	-1.410125	0.558632	-1.847481	1.457060	-1.070729	0.576280	-0.316153	2.025747	-0.351714
TCGA-GM-A2DI-01	1.239999	-1.189561	1.296299	-0.191888	0.072834	0.823870	-1.549137	0.344607	0.694994	-0.225333
TCGA-GM-A2DK-01	0.467362	-1.017831	0.760893	0.885545	-1.020381	-0.748255	-1.775152	1.078766	-0.001058	-0.102550
TCGA-GM-A2DL-01	-1.084385	-0.599239	-0.623033	-0.223695	-1.183422	-1.206657	0.281625	-0.578519	-0.137202	0.058291
TCGA-GM-A2DM-01	1.940592	0.416415	-2.811102	1.486157	0.600917	1.862314	-1.665654	1.194116	-1.429068	0.973645
TCGA-GM-A2DN-01	0.263145	-0.246133	0.627678	1.027735	-0.393631	1.006302	0.267472	-1.418373	1.820153	-0.549028
TCGA-GM-A2DO-01	1.400023	-1.294345	2.395883	-0.190532	1.425656	-0.911882	-1.325271	-0.261661	-0.292718	-0.664521
TCGA-GM-A3NW-01	0.476913	-1.953847	-0.507215	1.616578	-1.244487	-1.362036	-0.620048	-0.662854	-1.205773	-1.671665
TCGA-GM-A3NY-01	-0.534146	-1.242821	-0.859369	2.514455	-1.667793	0.133026	0.673477	-0.894253	0.691929	-0.405029
TCGA-GM-A3XG-01	1.520125	-0.087260	0.398549	1.157245	-1.367078	2.227011	-2.466436	-0.991513	1.048598	1.530602
TCGA-GM-A3XL-01	-0.153338	0.875292	0.653853	-0.436981	2.040250	-0.517563	-1.337151	-1.190813	2.474823	0.873420
TCGA-GM-A3XN-01	-0.464325	-1.636110	0.289863	1.008391	0.028050	0.896100	-1.363829	-0.277927	0.428555	0.345392
TCGA-GM-A4E0-01	-1.525467	-0.678295	0.945730	1.515381	-1.774912	-0.193494	-1.581409	-0.352881	0.392256	0.187432
TCGA-GM-A5PV-01	1.819824	-1.444713	0.589649	2.012119	-1.601960	1.836734	-0.183424	-0.153148	-1.376214	1.314199
TCGA-GM-A5PX-01	-0.561275	-1.858441	-0.725012	1.412001	-1.292326	0.272584	-0.407169	-0.822701	-0.327887	0.971369
TCGA-HN-A2NL-01	0.843567	-0.352190	-0.780903	-2.091756	3.565453	-0.913729	-1.820695	-1.850630	0.108428	0.973557
TCGA-HN-A2OB-01	0.672460	-1.544292	-0.336185	0.477081	-1.672293	0.577187	-1.039284	-1.240083	-0.128224	0.245762
TCGA-JL-A3YW-01	-2.079223	0.669246	1.084994	-1.650904	-0.697532	-1.677801	0.975614	-0.554246	1.454015	0.696708
TCGA-JL-A3YX-01	-0.494742	-1.882066	0.106949	0.044671	-0.333443	-0.534894	1.615101	-0.242465	-0.088922	1.405144
TCGA-LD-A66U-01	1.254160	-1.519738	0.282329	1.723247	-1.025130	-0.222143	-0.766546	-1.033017	0.003832	0.407355
TCGA-LD-A74U-01	-0.661454	-0.429401	0.005392	0.863924	-2.370952	0.081944	-0.139534	-1.605273	1.023683	0.338277
TCGA-LD-A7W5-01	0.077035	-1.486940	1.707195	0.118584	-0.417554	-1.673488	-0.175884	-0.760298	-0.393368	-0.873040
TCGA-LD-A7W6-01	1.176014	-1.344666	-0.639961	2.388351	-1.713144	0.347958	-0.483843	-0.508132	-1.112999	-0.392391
TCGA-LD-A9QF-01	-0.496457	0.458588	1.250934	-0.554602	-0.687026	0.550451	-0.752852	-0.708279	1.856581	0.310238
TCGA-LL-A440-01	-0.342486	-0.535473	0.732236	0.544826	-1.504966	0.804726	-2.427814	-0.557315	0.594289	0.500547
TCGA-LL-A441-01	-0.022060	-0.505080	1.268979	-0.999047	0.828409	0.650920	-2.324259	-1.435915	1.536062	0.592776
TCGA-LL-A442-01	2.554615	0.646350	-2.465160	2.138264	0.453448	1.559419	1.457718	2.254258	-2.766277	1.341370
TCGA-LL-A50Y-01	0.662074	-1.447266	-1.966552	3.202579	-1.304046	0.329181	0.783780	-0.780496	0.114238	-0.460688
TCGA-LL-A5YL-01	-0.426529	-0.236489	0.144754	1.531164	-1.099859	-1.279166	0.261238	-2.298252	1.498521	0.310828
TCGA-LL-A5YM-01	-1.215673	0.144400	-2.049209	1.507289	-0.170618	-3.245200	-1.406509	-1.123483	-0.766413	-0.040994
TCGA-LL-A5YN-01	0.436384	-0.872637	2.546211	1.266209	-0.484523	-0.884302	0.615795	0.316161	0.142366	0.835896
TCGA-LL-A5YO-01	0.167105	0.218503	2.187319	-1.211091	-0.003116	0.152573	-0.545532	-0.333782	2.744065	0.542141
TCGA-LL-A5YP-01	-0.154157	0.277084	0.514382	-1.841014	1.304164	0.604469	-2.235478	-0.917124	1.194204	1.487661
TCGA-LL-A6FP-01	0.967696	0.694930	-0.721721	2.336235	-2.460963	-0.563703	3.296384	-0.600670	-3.416762	1.924787
TCGA-LL-A6FQ-01	0.274241	0.447682	-0.738746	2.275217	-1.319465	-1.977720	1.934757	0.625697	-1.743704	0.559816
TCGA-LL-A6FR-01	0.135735	0.821559	0.332981	-0.792405	0.050907	0.524478	-1.013576	-1.209544	0.594016	4.332493
TCGA-LL-A73Y-01	0.526053	0.098581	1.033346	-1.790542	0.804295	0.697928	-3.035460	-1.388606	0.069829	2.003943
TCGA-LL-A73Z-01	-0.521083	0.079989	1.289644	0.413685	-1.877289	0.821504	-0.581477	-1.487425	1.673827	1.790959
TCGA-LL-A740-01	-2.206050	0.695000	0.779694	-1.760540	-1.554381	-2.191813	1.616292	-1.242975	1.093333	0.372659
TCGA-LL-A7SZ-01	0.979618	-1.103159	1.876784	0.807579	1.222778	-1.232431	-0.384684	-0.761431	-0.141005	0.358056
TCGA-LL-A7T0-01	0.682962	-0.424320	0.669394	0.220248	0.146841	-2.256194	0.447872	-0.849949	-0.212294	-0.856742
TCGA-LL-A8F5-01	-0.081179	1.474222	1.002270	-0.650048	1.978061	-1.088185	-1.350819	-0.467546	-0.546223	2.056014
TCGA-LL-A9Q3-01	0.548297	0.245389	0.174452	1.014491	-0.858366	-2.053238	1.054081	-0.426282	-0.239822	0.071386
TCGA-LQ-A4E4-01	-2.162517	-0.199425	-1.245289	1.534118	-2.814110	-2.288490	1.639006	-1.447068	-0.755524	-0.425810
TCGA-MS-A51U-01	0.413777	-1.227718	0.554276	1.469348	-0.797860	1.736470	-0.879096	-0.124094	-0.321503	0.706138
TCGA-OK-A5Q2-01	-0.606126	-0.987426	0.379607	0.646522	-0.989300	-0.807201	-0.574359	-1.809043	1.675988	-0.088877
TCGA-OL-A5D6-01	-2.358450	0.610766	1.133984	-1.292705	-1.443715	-0.889644	1.648401	-1.067260	2.405954	0.347749
TCGA-OL-A5D7-01	-0.793546	0.010667	0.725367	-0.871609	2.586728	-2.360587	-1.528851	-2.382748	2.092447	0.398441
TCGA-OL-A5D8-01	0.338551	-0.806385	-0.507821	1.394843	0.761881	-2.336229	1.264028	-1.457985	-0.019101	-2.065749
TCGA-OL-A5DA-01	1.759825	-1.338523	-1.092381	1.504860	-0.478265	0.264621	-0.707751	-1.884399	0.051836	-0.127865
TCGA-OL-A5RU-01	0.416370	-0.848202	1.089613	1.899915	-1.580009	1.082358	0.331214	0.138268	1.273779	0.197577
TCGA-OL-A5RV-01	1.424300	-0.677084	0.492757	1.378380	-1.504746	2.117733	-0.234726	-0.554924	0.311775	1.364239
TCGA-OL-A5RW-01	0.841458	1.396883	0.414259	-0.163873	0.675306	0.600256	-1.332691	-1.716332	1.618251	3.139648
TCGA-OL-A5RX-01	-0.053778	-0.644094	-0.431779	1.339221	-0.643482	1.683081	-0.924450	-1.853899	1.750739	-0.044185
TCGA-OL-A5RY-01	-0.250743	0.442463	1.657897	-0.675325	-1.059215	0.391346	-0.972964	-0.888464	1.958006	0.411415
TCGA-OL-A5RZ-01	0.716982	1.316681	-0.066361	-1.616828	0.778281	-1.200075	2.253153	0.859903	-0.149016	0.933852
TCGA-OL-A5S0-01	-0.335062	0.069331	1.228433	-1.302860	0.735993	-0.315202	-2.394784	-1.234840	1.265806	1.966707
TCGA-OL-A66H-01	1.427620	0.529071	-0.245501	2.167250	-0.590549	-0.512792	-1.176161	1.791074	-1.202808	0.219852
TCGA-OL-A66I-01	-0.365304	-0.168020	0.866188	-1.170987	0.966939	-1.961236	-2.236503	-2.100951	1.173908	0.698317
TCGA-OL-A66J-01	-1.002021	-0.851892	0.826728	0.468507	-1.065418	-1.395057	-0.444575	0.549419	-2.351455	-0.153903
TCGA-OL-A66K-01	-0.425493	-1.454687	-2.004726	1.370417	-0.446777	-0.498037	0.488247	-1.305630	-0.080101	-0.136581
TCGA-OL-A66L-01	-1.043008	-1.692570	-0.057164	2.280668	-1.224740	-1.362785	-0.668641	-1.355975	0.079741	0.470843
TCGA-OL-A66N-01	0.252805	-0.811104	0.049146	1.027208	-1.249792	-1.076857	0.045866	-2.442231	1.442971	0.582847
TCGA-OL-A66O-01	0.962311	-0.265581	-0.108395	1.619525	-0.025929	-2.299188	0.349843	-1.107258	-2.366899	-0.847284
TCGA-OL-A66P-01	-1.829024	0.472213	2.749810	-1.457922	-0.596478	-1.602037	0.716450	-0.181843	1.095766	0.364300
TCGA-OL-A6VO-01	0.086365	-0.030414	0.565922	-2.236235	2.772731	-0.251488	-0.991081	-1.158639	0.885650	1.345834
TCGA-OL-A6VQ-01	0.735499	-1.705670	0.298845	1.327350	-1.719778	1.047902	-0.315927	-0.462002	-0.506311	0.794450
TCGA-OL-A6VR-01	2.756224	-1.226653	-0.110392	1.415974	0.040551	0.580365	-2.229535	-0.241009	-0.373738	-0.488324
TCGA-OL-A97C-01	0.410861	-1.010775	-0.732648	-0.790247	0.672009	1.736048	-3.148242	0.753069	0.718458	2.161159
TCGA-PE-A5DC-01	-0.154960	0.044501	-0.150373	1.574728	-0.814114	-1.994376	0.273104	0.375534	-0.356367	-0.095189
TCGA-PE-A5DD-01	-0.836776	-1.230896	-0.707903	1.113739	-1.394234	-2.544089	1.667095	-2.094107	0.165055	-1.086283
TCGA-PE-A5DE-01	0.501923	-0.223069	1.340862	2.311410	-1.322511	0.494523	0.309604	0.344654	-0.383532	-0.283666
TCGA-PL-A8LV-01	1.123817	0.749528	1.172987	-1.218316	0.569042	-0.255462	-1.148627	-1.431731	0.791790	1.822428
TCGA-PL-A8LX-01	1.572816	1.350916	-2.624755	2.356324	1.501451	-0.667824	-2.192772	0.392199	-1.662861	-0.013909
TCGA-PL-A8LY-01	1.259766	0.268085	0.970261	0.634974	-0.831505	2.514987	-2.372857	-1.167401	1.691875	1.514880
TCGA-PL-A8LZ-01	-0.473044	0.799878	0.905988	-1.397351	1.523988	0.379652	-2.186193	-0.695776	1.168536	0.091899
TCGA-S3-A6ZF-01	0.662246	-0.540967	0.039982	0.268099	-0.166599	-1.677143	1.142438	0.658055	0.517628	-0.045231
TCGA-S3-A6ZG-01	0.957116	-0.777229	-0.864061	1.092467	-0.488652	-1.398314	0.669896	-2.122731	-0.035904	-1.620722
TCGA-S3-A6ZH-01	1.677248	0.799609	-0.373024	0.733527	-1.171855	-0.736818	1.451446	0.849061	-1.413386	0.602719
TCGA-S3-AA0Z-01	-0.198827	1.565863	-0.699079	-0.551598	1.370628	0.282121	-1.554580	-2.637785	2.089382	0.577872
TCGA-S3-AA10-01	0.892178	1.002730	1.059383	-1.557581	1.854283	-0.382935	-1.856053	-1.554256	-0.206910	1.356022
TCGA-S3-AA11-01	0.711950	-1.430877	0.584848	0.493827	-0.802907	-1.425174	1.447271	-0.048323	-1.724821	-1.138595
TCGA-S3-AA12-01	0.864011	0.392891	-0.762233	-0.359400	0.999442	-1.114477	1.522445	1.282467	-4.486739	0.613033
TCGA-S3-AA14-01	1.484037	-1.621066	-0.175177	0.223636	-1.155480	1.236663	-0.043168	0.193560	-0.806081	-0.137537
TCGA-S3-AA15-01	-0.499062	0.169041	1.752436	-1.136052	0.552172	0.561302	-2.532215	-0.590837	0.944381	0.304425
TCGA-S3-AA17-01	0.463524	-0.489463	0.524970	1.106086	0.494378	-1.988970	-0.214287	-1.368337	1.019204	-1.152551
TCGA-UL-AAZ6-01	0.981385	1.280973	0.849953	1.358340	0.087795	-3.560339	1.382454	0.311870	-0.733590	0.459178
TCGA-UU-A93S-01	-1.672171	1.944508	0.808368	-1.145975	-0.095038	-1.568545	2.784775	-0.644975	-0.859007	1.939797
TCGA-V7-A7HQ-01	2.704639	-1.213106	0.686202	1.804896	-0.225343	0.339190	-0.129502	0.510200	-0.046722	0.634196
TCGA-W8-A86G-01	0.233639	-1.280497	-0.720218	1.433385	-1.441419	1.447666	-1.234809	-1.803443	0.396877	1.067697
TCGA-WT-AB41-01	0.214107	-0.974111	0.838726	1.114479	1.034877	-1.799082	-1.642127	-0.608907	1.032333	-0.328660
TCGA-WT-AB44-01	-1.624978	-0.822485	-0.965285	1.143728	-1.240107	0.415853	0.892419	-1.785440	1.228960	0.616490
TCGA-XX-A899-01	-0.202595	-1.439144	0.443761	0.611359	-0.789932	-0.478158	-1.355250	-0.999148	0.915467	-0.582973
TCGA-XX-A89A-01	-1.540405	-0.640691	1.323222	-0.290611	-2.563836	0.745513	-0.528554	0.790398	-0.002302	2.172052
TCGA-Z7-A8R5-01	0.156932	-0.039707	0.547336	1.367199	-1.386139	1.030111	-0.820069	-1.801869	1.201924	1.044393
TCGA-Z7-A8R6-01	1.164220	-1.254153	-0.240277	0.070220	0.782412	1.461776	1.803844	0.774141	-1.130125	0.309098
