modality	feature	factor	loading
Methylation	cg01682111	Factor1	0.423293
Methylation	cg01682111	Factor2	-0.368299
Methylation	cg01682111	Factor3	0.001712
Methylation	cg01682111	Factor4	0.013207
Methylation	cg01682111	Factor5	0.07634
Methylation	cg27260772	Factor1	-0.163308
Methylation	cg27260772	Factor2	0.481064
Methylation	cg27260772	Factor3	0.111813
Methylation	cg27260772	Factor4	0.257641
Methylation	cg27260772	Factor5	-0.120536
Methylation	cg17882374	Factor1	-0.305607
Methylation	cg17882374	Factor2	0.197048
Methylation	cg17882374	Factor3	-0.022972
Methylation	cg17882374	Factor4	0.057597
Methylation	cg17882374	Factor5	0.069836
Methylation	cg11738485	Factor1	0.192578
Methylation	cg11738485	Factor2	-0.02479
Methylation	cg11738485	Factor3	0.032549
Methylation	cg11738485	Factor4	-0.022937
Methylation	cg11738485	Factor5	0.008088
Methylation	cg27363327	Factor1	0.360996
Methylation	cg27363327	Factor2	0.242285
Methylation	cg27363327	Factor3	0.606158
Methylation	cg27363327	Factor4	-0.024048
Methylation	cg27363327	Factor5	0.092278
Methylation	cg16620382	Factor1	0.3692
Methylation	cg16620382	Factor2	0.234761
Methylation	cg16620382	Factor3	0.566758
Methylation	cg16620382	Factor4	-0.008633
Methylation	cg16620382	Factor5	0.076285
Methylation	cg17463633	Factor1	-0.618665
Methylation	cg17463633	Factor2	0.068262
Methylation	cg17463633	Factor3	0.004546
Methylation	cg17463633	Factor4	0.076676
Methylation	cg17463633	Factor5	0.472165
Methylation	cg14193007	Factor1	-0.271238
Methylation	cg14193007	Factor2	0.190031
Methylation	cg14193007	Factor3	0.081444
Methylation	cg14193007	Factor4	0.096046
Methylation	cg14193007	Factor5	-0.016822
Methylation	cg13251533	Factor1	-0.557686
Methylation	cg13251533	Factor2	0.140278
Methylation	cg13251533	Factor3	0.153981
Methylation	cg13251533	Factor4	-0.048913
Methylation	cg13251533	Factor5	0.123919
Methylation	cg24751154	Factor1	-0.429642
Methylation	cg24751154	Factor2	-0.124021
Methylation	cg24751154	Factor3	0.098994
Methylation	cg24751154	Factor4	0.088838
Methylation	cg24751154	Factor5	0.714617
Methylation	cg21885317	Factor1	-0.278269
Methylation	cg21885317	Factor2	0.086318
Methylation	cg21885317	Factor3	0.105517
Methylation	cg21885317	Factor4	-0.15639
Methylation	cg21885317	Factor5	0.018376
Methylation	cg24506221	Factor1	-0.002387
Methylation	cg24506221	Factor2	0.090531
Methylation	cg24506221	Factor3	0.060585
Methylation	cg24506221	Factor4	-0.007284
Methylation	cg24506221	Factor5	-0.010402
Methylation	cg09557387	Factor1	0.5271
Methylation	cg09557387	Factor2	0.055767
Methylation	cg09557387	Factor3	0.322726
Methylation	cg09557387	Factor4	-0.003052
Methylation	cg09557387	Factor5	-0.002331
Methylation	cg20693607	Factor1	0.57462
Methylation	cg20693607	Factor2	0.182266
Methylation	cg20693607	Factor3	0.19775
Methylation	cg20693607	Factor4	0.134758
Methylation	cg20693607	Factor5	-0.196579
Methylation	cg14715697	Factor1	-0.400426
Methylation	cg14715697	Factor2	-0.021494
Methylation	cg14715697	Factor3	0.202257
Methylation	cg14715697	Factor4	-0.158928
Methylation	cg14715697	Factor5	0.53909
Methylation	cg08435683	Factor1	-0.533888
Methylation	cg08435683	Factor2	0.239577
Methylation	cg08435683	Factor3	0.001124
Methylation	cg08435683	Factor4	-0.093851
Methylation	cg08435683	Factor5	0.054924
Methylation	cg27493151	Factor1	0.374162
Methylation	cg27493151	Factor2	-0.026919
Methylation	cg27493151	Factor3	0.336128
Methylation	cg27493151	Factor4	-0.061929
Methylation	cg27493151	Factor5	0.022438
Methylation	cg04194055	Factor1	-0.263471
Methylation	cg04194055	Factor2	0.187941
Methylation	cg04194055	Factor3	0.085699
Methylation	cg04194055	Factor4	0.10161
Methylation	cg04194055	Factor5	-0.017257
Methylation	cg22348992	Factor1	-0.362268
Methylation	cg22348992	Factor2	-0.008353
Methylation	cg22348992	Factor3	0.14014
Methylation	cg22348992	Factor4	-0.227641
Methylation	cg22348992	Factor5	0.497836
Methylation	cg00467244	Factor1	0.32145
Methylation	cg00467244	Factor2	0.06711
Methylation	cg00467244	Factor3	0.387333
Methylation	cg00467244	Factor4	0.016346
Methylation	cg00467244	Factor5	0.166027
Methylation	cg12036633	Factor1	0.060904
Methylation	cg12036633	Factor2	0.007938
Methylation	cg12036633	Factor3	-0.022731
Methylation	cg12036633	Factor4	-0.034624
Methylation	cg12036633	Factor5	-0.006504
Methylation	cg10342963	Factor1	-0.508756
Methylation	cg10342963	Factor2	0.032711
Methylation	cg10342963	Factor3	0.16696
Methylation	cg10342963	Factor4	-0.215627
Methylation	cg10342963	Factor5	-0.00034
Methylation	cg23357130	Factor1	-0.162602
Methylation	cg23357130	Factor2	0.231032
Methylation	cg23357130	Factor3	0.350632
Methylation	cg23357130	Factor4	-0.178156
Methylation	cg23357130	Factor5	-0.004777
Methylation	cg01893212	Factor1	0.59939
Methylation	cg01893212	Factor2	-0.008962
Methylation	cg01893212	Factor3	0.4701
Methylation	cg01893212	Factor4	-0.017945
Methylation	cg01893212	Factor5	0.000362
Methylation	cg01252526	Factor1	0.0002
Methylation	cg01252526	Factor2	-0.171669
Methylation	cg01252526	Factor3	0.059075
Methylation	cg01252526	Factor4	-0.029278
Methylation	cg01252526	Factor5	0.118686
Methylation	cg27586797	Factor1	0.113073
Methylation	cg27586797	Factor2	-0.090654
Methylation	cg27586797	Factor3	-0.012559
Methylation	cg27586797	Factor4	-0.033792
Methylation	cg27586797	Factor5	0.005441
Methylation	cg01811882	Factor1	-0.339006
Methylation	cg01811882	Factor2	0.018524
Methylation	cg01811882	Factor3	0.014834
Methylation	cg01811882	Factor4	0.22516
Methylation	cg01811882	Factor5	0.591274
Methylation	cg09094964	Factor1	-0.186326
Methylation	cg09094964	Factor2	-0.001894
Methylation	cg09094964	Factor3	-0.015156
Methylation	cg09094964	Factor4	0.254866
Methylation	cg09094964	Factor5	0.190226
Methylation	cg07570470	Factor1	0.653696
Methylation	cg07570470	Factor2	-0.179639
Methylation	cg07570470	Factor3	0.195887
Methylation	cg07570470	Factor4	0.133814
Methylation	cg07570470	Factor5	0.005549
Methylation	cg14262681	Factor1	0.139939
Methylation	cg14262681	Factor2	0.317794
Methylation	cg14262681	Factor3	0.429165
Methylation	cg14262681	Factor4	-0.011382
Methylation	cg14262681	Factor5	0.299902
Methylation	cg09068128	Factor1	-0.327289
Methylation	cg09068128	Factor2	0.222294
Methylation	cg09068128	Factor3	0.246766
Methylation	cg09068128	Factor4	-0.073845
Methylation	cg09068128	Factor5	0.519583
Methylation	cg07813142	Factor1	0.367251
Methylation	cg07813142	Factor2	0.217628
Methylation	cg07813142	Factor3	0.514035
Methylation	cg07813142	Factor4	0.092243
Methylation	cg07813142	Factor5	-0.001079
Methylation	cg27436995	Factor1	0.320112
Methylation	cg27436995	Factor2	-0.12765
Methylation	cg27436995	Factor3	0.219353
Methylation	cg27436995	Factor4	-0.050666
Methylation	cg27436995	Factor5	0.111811
Methylation	cg17219660	Factor1	-0.657143
Methylation	cg17219660	Factor2	0.163144
Methylation	cg17219660	Factor3	0.051998
Methylation	cg17219660	Factor4	-0.101806
Methylation	cg17219660	Factor5	0.054848
Methylation	cg19486070	Factor1	0.223131
Methylation	cg19486070	Factor2	-0.138204
Methylation	cg19486070	Factor3	0.161628
Methylation	cg19486070	Factor4	0.009173
Methylation	cg19486070	Factor5	0.220303
Methylation	cg12680131	Factor1	-0.218652
Methylation	cg12680131	Factor2	-0.18156
Methylation	cg12680131	Factor3	0.098302
Methylation	cg12680131	Factor4	0.105758
Methylation	cg12680131	Factor5	0.632147
Methylation	cg19980771	Factor1	0.517653
Methylation	cg19980771	Factor2	0.107537
Methylation	cg19980771	Factor3	0.334731
Methylation	cg19980771	Factor4	0.003033
Methylation	cg19980771	Factor5	0.083146
Methylation	cg16252110	Factor1	0.142391
Methylation	cg16252110	Factor2	-0.343925
Methylation	cg16252110	Factor3	0.211802
Methylation	cg16252110	Factor4	-0.004391
Methylation	cg16252110	Factor5	0.590349
Methylation	cg14859874	Factor1	0.050913
Methylation	cg14859874	Factor2	-0.067166
Methylation	cg14859874	Factor3	0.025794
Methylation	cg14859874	Factor4	0.008567
Methylation	cg14859874	Factor5	-0.002014
Methylation	cg11863717	Factor1	0.608409
Methylation	cg11863717	Factor2	0.012827
Methylation	cg11863717	Factor3	0.287939
Methylation	cg11863717	Factor4	-0.008531
Methylation	cg11863717	Factor5	-0.001619
Methylation	cg02003183	Factor1	0.001366
Methylation	cg02003183	Factor2	0.372599
Methylation	cg02003183	Factor3	0.210479
Methylation	cg02003183	Factor4	0.445609
Methylation	cg02003183	Factor5	0.000645
Methylation	cg08901662	Factor1	0.504289
Methylation	cg08901662	Factor2	0.046756
Methylation	cg08901662	Factor3	0.503742
Methylation	cg08901662	Factor4	-0.002391
Methylation	cg08901662	Factor5	0.115048
Methylation	cg17721710	Factor1	0.576987
Methylation	cg17721710	Factor2	0.007877
Methylation	cg17721710	Factor3	0.474481
Methylation	cg17721710	Factor4	-0.031432
Methylation	cg17721710	Factor5	-0.000947
Methylation	cg20415486	Factor1	-0.73234
Methylation	cg20415486	Factor2	0.021072
Methylation	cg20415486	Factor3	-0.008093
Methylation	cg20415486	Factor4	-0.225658
Methylation	cg20415486	Factor5	0.103866
Methylation	cg20399616	Factor1	0.539829
Methylation	cg20399616	Factor2	0.172448
Methylation	cg20399616	Factor3	0.474791
Methylation	cg20399616	Factor4	-0.012914
Methylation	cg20399616	Factor5	0.020633
Methylation	cg04131969	Factor1	-0.050071
Methylation	cg04131969	Factor2	0.04567
Methylation	cg04131969	Factor3	0.089045
Methylation	cg04131969	Factor4	0.022824
Methylation	cg04131969	Factor5	0.000115
Methylation	cg12356890	Factor1	0.440641
Methylation	cg12356890	Factor2	0.191557
Methylation	cg12356890	Factor3	0.395905
Methylation	cg12356890	Factor4	0.106161
Methylation	cg12356890	Factor5	-0.025712
Methylation	cg03596016	Factor1	-0.135595
Methylation	cg03596016	Factor2	0.430589
Methylation	cg03596016	Factor3	0.262814
Methylation	cg03596016	Factor4	0.022161
Methylation	cg03596016	Factor5	-0.093253
Methylation	cg12539796	Factor1	0.358519
Methylation	cg12539796	Factor2	0.11397
Methylation	cg12539796	Factor3	0.371709
Methylation	cg12539796	Factor4	-0.04938
Methylation	cg12539796	Factor5	-0.028102
Methylation	cg10210594	Factor1	0.39645
Methylation	cg10210594	Factor2	0.181545
Methylation	cg10210594	Factor3	0.394339
Methylation	cg10210594	Factor4	0.231239
Methylation	cg10210594	Factor5	-0.058775
Methylation	cg12415687	Factor1	0.098796
Methylation	cg12415687	Factor2	-0.276256
Methylation	cg12415687	Factor3	-0.034716
Methylation	cg12415687	Factor4	0.026812
Methylation	cg12415687	Factor5	0.56856
Methylation	cg21189438	Factor1	0.269649
Methylation	cg21189438	Factor2	-0.023724
Methylation	cg21189438	Factor3	0.440661
Methylation	cg21189438	Factor4	-0.095853
Methylation	cg21189438	Factor5	0.043152
Methylation	cg16328106	Factor1	0.308346
Methylation	cg16328106	Factor2	0.174984
Methylation	cg16328106	Factor3	0.231893
Methylation	cg16328106	Factor4	0.17472
Methylation	cg16328106	Factor5	-0.002985
Methylation	cg10069493	Factor1	0.467064
Methylation	cg10069493	Factor2	0.121628
Methylation	cg10069493	Factor3	0.351686
Methylation	cg10069493	Factor4	-0.00256
Methylation	cg10069493	Factor5	-0.018109
Methylation	cg22831607	Factor1	0.488968
Methylation	cg22831607	Factor2	0.069547
Methylation	cg22831607	Factor3	0.477423
Methylation	cg22831607	Factor4	-0.094218
Methylation	cg22831607	Factor5	0.152168
Methylation	cg08862890	Factor1	0.51341
Methylation	cg08862890	Factor2	0.076388
Methylation	cg08862890	Factor3	0.523307
Methylation	cg08862890	Factor4	0.084352
Methylation	cg08862890	Factor5	0.088834
Methylation	cg15673034	Factor1	-0.131081
Methylation	cg15673034	Factor2	0.265718
Methylation	cg15673034	Factor3	0.18585
Methylation	cg15673034	Factor4	0.059113
Methylation	cg15673034	Factor5	-0.009514
Methylation	cg06404175	Factor1	0.355303
Methylation	cg06404175	Factor2	0.362231
Methylation	cg06404175	Factor3	0.452416
Methylation	cg06404175	Factor4	0.069916
Methylation	cg06404175	Factor5	-0.009168
Methylation	cg02467990	Factor1	0.604587
Methylation	cg02467990	Factor2	-0.006013
Methylation	cg02467990	Factor3	0.45968
Methylation	cg02467990	Factor4	-0.027443
Methylation	cg02467990	Factor5	-0.000174
Methylation	cg14866200	Factor1	0.638761
Methylation	cg14866200	Factor2	-0.038617
Methylation	cg14866200	Factor3	0.37074
Methylation	cg14866200	Factor4	0.132886
Methylation	cg14866200	Factor5	0.008812
Methylation	cg20776829	Factor1	0.567822
Methylation	cg20776829	Factor2	0.079101
Methylation	cg20776829	Factor3	0.42129
Methylation	cg20776829	Factor4	-0.019225
Methylation	cg20776829	Factor5	-0.006323
Methylation	cg07834955	Factor1	0.370735
Methylation	cg07834955	Factor2	0.123352
Methylation	cg07834955	Factor3	0.4204
Methylation	cg07834955	Factor4	-0.122612
Methylation	cg07834955	Factor5	0.188803
Methylation	cg00211215	Factor1	0.04764
Methylation	cg00211215	Factor2	0.017688
Methylation	cg00211215	Factor3	0.143287
Methylation	cg00211215	Factor4	0.012626
Methylation	cg00211215	Factor5	0.013592
Methylation	cg23179456	Factor1	0.620691
Methylation	cg23179456	Factor2	-0.003715
Methylation	cg23179456	Factor3	0.389774
Methylation	cg23179456	Factor4	0.012801
Methylation	cg23179456	Factor5	-0.125453
Methylation	cg14117138	Factor1	0.602627
Methylation	cg14117138	Factor2	-0.002902
Methylation	cg14117138	Factor3	0.422477
Methylation	cg14117138	Factor4	-0.040568
Methylation	cg14117138	Factor5	0.002131
Methylation	cg21941030	Factor1	0.681285
Methylation	cg21941030	Factor2	-0.017817
Methylation	cg21941030	Factor3	0.238575
Methylation	cg21941030	Factor4	0.197009
Methylation	cg21941030	Factor5	-0.001566
Methylation	cg04187185	Factor1	-0.069807
Methylation	cg04187185	Factor2	0.181325
Methylation	cg04187185	Factor3	0.118311
Methylation	cg04187185	Factor4	0.180586
Methylation	cg04187185	Factor5	0.016657
Methylation	cg14802502	Factor1	-0.149689
Methylation	cg14802502	Factor2	-0.25765
Methylation	cg14802502	Factor3	-0.006253
Methylation	cg14802502	Factor4	-0.019611
Methylation	cg14802502	Factor5	0.726621
Methylation	cg06741896	Factor1	-0.28851
Methylation	cg06741896	Factor2	-0.014971
Methylation	cg06741896	Factor3	0.197372
Methylation	cg06741896	Factor4	-0.028916
Methylation	cg06741896	Factor5	0.007749
Methylation	cg18888655	Factor1	0.639828
Methylation	cg18888655	Factor2	-0.188003
Methylation	cg18888655	Factor3	0.123309
Methylation	cg18888655	Factor4	0.068734
Methylation	cg18888655	Factor5	-0.016187
Methylation	cg03686593	Factor1	-0.054394
Methylation	cg03686593	Factor2	0.29129
Methylation	cg03686593	Factor3	0.387105
Methylation	cg03686593	Factor4	-0.019606
Methylation	cg03686593	Factor5	0.117562
Methylation	cg10043865	Factor1	0.588294
Methylation	cg10043865	Factor2	0.048023
Methylation	cg10043865	Factor3	0.370297
Methylation	cg10043865	Factor4	0.147797
Methylation	cg10043865	Factor5	0.009329
Methylation	cg22830113	Factor1	0.468069
Methylation	cg22830113	Factor2	0.010913
Methylation	cg22830113	Factor3	0.504677
Methylation	cg22830113	Factor4	-0.101397
Methylation	cg22830113	Factor5	-0.001713
Methylation	cg07486474	Factor1	0.238985
Methylation	cg07486474	Factor2	-0.348298
Methylation	cg07486474	Factor3	0.096602
Methylation	cg07486474	Factor4	-0.043079
Methylation	cg07486474	Factor5	0.483325
Methylation	cg20100745	Factor1	0.30509
Methylation	cg20100745	Factor2	-0.174886
Methylation	cg20100745	Factor3	0.158405
Methylation	cg20100745	Factor4	0.010089
Methylation	cg20100745	Factor5	0.07694
Methylation	cg03616722	Factor1	-0.242399
Methylation	cg03616722	Factor2	-0.127023
Methylation	cg03616722	Factor3	0.081171
Methylation	cg03616722	Factor4	0.005158
Methylation	cg03616722	Factor5	0.601045
Methylation	cg01567173	Factor1	-0.414817
Methylation	cg01567173	Factor2	0.014909
Methylation	cg01567173	Factor3	0.197054
Methylation	cg01567173	Factor4	0.004529
Methylation	cg01567173	Factor5	0.560929
Methylation	cg26388816	Factor1	0.213976
Methylation	cg26388816	Factor2	0.048397
Methylation	cg26388816	Factor3	0.323262
Methylation	cg26388816	Factor4	0.000438
Methylation	cg26388816	Factor5	0.01545
Methylation	cg16647921	Factor1	0.26374
Methylation	cg16647921	Factor2	0.286106
Methylation	cg16647921	Factor3	0.317046
Methylation	cg16647921	Factor4	0.188698
Methylation	cg16647921	Factor5	0.221006
Methylation	cg01163842	Factor1	0.460024
Methylation	cg01163842	Factor2	0.109323
Methylation	cg01163842	Factor3	0.499507
Methylation	cg01163842	Factor4	0.008724
Methylation	cg01163842	Factor5	0.050317
Methylation	cg22473620	Factor1	0.512059
Methylation	cg22473620	Factor2	0.186547
Methylation	cg22473620	Factor3	0.366606
Methylation	cg22473620	Factor4	0.069011
Methylation	cg22473620	Factor5	-0.058019
Methylation	cg08599635	Factor1	0.218723
Methylation	cg08599635	Factor2	-0.190144
Methylation	cg08599635	Factor3	0.099009
Methylation	cg08599635	Factor4	0.158587
Methylation	cg08599635	Factor5	0.141732
Methylation	cg12747584	Factor1	-0.481123
Methylation	cg12747584	Factor2	-0.061491
Methylation	cg12747584	Factor3	0.164111
Methylation	cg12747584	Factor4	-0.046677
Methylation	cg12747584	Factor5	0.554245
Methylation	cg25267258	Factor1	-0.399217
Methylation	cg25267258	Factor2	-0.044813
Methylation	cg25267258	Factor3	0.013612
Methylation	cg25267258	Factor4	0.072234
Methylation	cg25267258	Factor5	0.604104
Methylation	cg05527869	Factor1	0.614261
Methylation	cg05527869	Factor2	0.011077
Methylation	cg05527869	Factor3	0.360646
Methylation	cg05527869	Factor4	0.142352
Methylation	cg05527869	Factor5	0.005211
Methylation	cg25218716	Factor1	0.198701
Methylation	cg25218716	Factor2	0.259823
Methylation	cg25218716	Factor3	0.340981
Methylation	cg25218716	Factor4	0.096212
Methylation	cg25218716	Factor5	0.124088
Methylation	cg08750951	Factor1	0.651134
Methylation	cg08750951	Factor2	-0.092551
Methylation	cg08750951	Factor3	0.306228
Methylation	cg08750951	Factor4	0.012075
Methylation	cg08750951	Factor5	0.068965
Methylation	cg25737323	Factor1	0.517324
Methylation	cg25737323	Factor2	0.090788
Methylation	cg25737323	Factor3	0.394569
Methylation	cg25737323	Factor4	-0.059163
Methylation	cg25737323	Factor5	-0.001633
Methylation	cg09695735	Factor1	0.430122
Methylation	cg09695735	Factor2	0.181601
Methylation	cg09695735	Factor3	0.493161
Methylation	cg09695735	Factor4	0.081033
Methylation	cg09695735	Factor5	-0.056133
Methylation	cg06644655	Factor1	-0.236913
Methylation	cg06644655	Factor2	-0.217728
Methylation	cg06644655	Factor3	0.10824
Methylation	cg06644655	Factor4	0.004786
Methylation	cg06644655	Factor5	0.720468
Methylation	cg18249580	Factor1	-0.14593
Methylation	cg18249580	Factor2	0.329663
Methylation	cg18249580	Factor3	0.327276
Methylation	cg18249580	Factor4	0.168042
Methylation	cg18249580	Factor5	0.396138
Methylation	cg08539872	Factor1	0.538676
Methylation	cg08539872	Factor2	-0.003494
Methylation	cg08539872	Factor3	0.240808
Methylation	cg08539872	Factor4	0.17435
Methylation	cg08539872	Factor5	-0.007087
Methylation	cg25830696	Factor1	0.588469
Methylation	cg25830696	Factor2	0.073454
Methylation	cg25830696	Factor3	0.393787
Methylation	cg25830696	Factor4	0.178997
Methylation	cg25830696	Factor5	-0.013805
Methylation	cg17935217	Factor1	-0.312484
Methylation	cg17935217	Factor2	0.37395
Methylation	cg17935217	Factor3	0.22809
Methylation	cg17935217	Factor4	-0.073168
Methylation	cg17935217	Factor5	-0.000845
Methylation	cg00773902	Factor1	0.470239
Methylation	cg00773902	Factor2	0.061151
Methylation	cg00773902	Factor3	0.469212
Methylation	cg00773902	Factor4	-0.075905
Methylation	cg00773902	Factor5	0.057282
Methylation	cg12247222	Factor1	0.598709
Methylation	cg12247222	Factor2	-0.156405
Methylation	cg12247222	Factor3	0.140941
Methylation	cg12247222	Factor4	0.036933
Methylation	cg12247222	Factor5	-0.048228
Methylation	cg00399591	Factor1	0.402857
Methylation	cg00399591	Factor2	-0.357745
Methylation	cg00399591	Factor3	0.017737
Methylation	cg00399591	Factor4	0.100444
Methylation	cg00399591	Factor5	0.122553
Methylation	cg18096251	Factor1	-0.21031
Methylation	cg18096251	Factor2	-0.072019
Methylation	cg18096251	Factor3	0.057223
Methylation	cg18096251	Factor4	-0.129481
Methylation	cg18096251	Factor5	0.58664
Methylation	cg22761670	Factor1	0.373856
Methylation	cg22761670	Factor2	0.097873
Methylation	cg22761670	Factor3	0.27019
Methylation	cg22761670	Factor4	0.044947
Methylation	cg22761670	Factor5	-0.004601
Methylation	cg12542255	Factor1	-0.559561
Methylation	cg12542255	Factor2	-0.007415
Methylation	cg12542255	Factor3	0.111408
Methylation	cg12542255	Factor4	-0.251735
Methylation	cg12542255	Factor5	0.025273
RNA-seq	CLEC3A	Factor1	0.243493
RNA-seq	CLEC3A	Factor2	-0.194479
RNA-seq	CLEC3A	Factor3	-0.073227
RNA-seq	CLEC3A	Factor4	-0.154378
RNA-seq	CLEC3A	Factor5	-0.048769
RNA-seq	CPB1	Factor1	0.408739
RNA-seq	CPB1	Factor2	-0.168649
RNA-seq	CPB1	Factor3	-0.217452
RNA-seq	CPB1	Factor4	0.290902
RNA-seq	CPB1	Factor5	-0.014306
RNA-seq	SCGB2A2	Factor1	0.2546
RNA-seq	SCGB2A2	Factor2	-0.554535
RNA-seq	SCGB2A2	Factor3	0.007522
RNA-seq	SCGB2A2	Factor4	-0.14025
RNA-seq	SCGB2A2	Factor5	-0.00542
RNA-seq	SCGB1D2	Factor1	0.256566
RNA-seq	SCGB1D2	Factor2	-0.521807
RNA-seq	SCGB1D2	Factor3	-0.002393
RNA-seq	SCGB1D2	Factor4	-0.084775
RNA-seq	SCGB1D2	Factor5	-0.001122
RNA-seq	TFF1	Factor1	0.603471
RNA-seq	TFF1	Factor2	-0.53355
RNA-seq	TFF1	Factor3	-0.036559
RNA-seq	TFF1	Factor4	0.018323
RNA-seq	TFF1	Factor5	0.041194
RNA-seq	PIP	Factor1	0.307562
RNA-seq	PIP	Factor2	-0.501254
RNA-seq	PIP	Factor3	-0.081643
RNA-seq	PIP	Factor4	-0.410211
RNA-seq	PIP	Factor5	-0.042109
RNA-seq	GSTM1	Factor1	0.057264
RNA-seq	GSTM1	Factor2	-0.058672
RNA-seq	GSTM1	Factor3	-0.011961
RNA-seq	GSTM1	Factor4	0.002678
RNA-seq	GSTM1	Factor5	-0.002847
RNA-seq	MUCL1	Factor1	-0.043046
RNA-seq	MUCL1	Factor2	-0.438817
RNA-seq	MUCL1	Factor3	0.220223
RNA-seq	MUCL1	Factor4	-0.458093
RNA-seq	MUCL1	Factor5	-0.04473
RNA-seq	S100A7	Factor1	-0.325309
RNA-seq	S100A7	Factor2	0.027167
RNA-seq	S100A7	Factor3	0.218724
RNA-seq	S100A7	Factor4	-0.369273
RNA-seq	S100A7	Factor5	0.002744
RNA-seq	ANKRD30A	Factor1	0.462484
RNA-seq	ANKRD30A	Factor2	-0.527648
RNA-seq	ANKRD30A	Factor3	-0.064012
RNA-seq	ANKRD30A	Factor4	-0.088206
RNA-seq	ANKRD30A	Factor5	0.113353
RNA-seq	CYP2B7P1	Factor1	0.588374
RNA-seq	CYP2B7P1	Factor2	-0.314698
RNA-seq	CYP2B7P1	Factor3	-0.137257
RNA-seq	CYP2B7P1	Factor4	0.0143
RNA-seq	CYP2B7P1	Factor5	-0.027777
RNA-seq	AGR3	Factor1	0.708804
RNA-seq	AGR3	Factor2	-0.458549
RNA-seq	AGR3	Factor3	-0.052026
RNA-seq	AGR3	Factor4	0.175785
RNA-seq	AGR3	Factor5	0.024415
RNA-seq	PRAME	Factor1	-0.404968
RNA-seq	PRAME	Factor2	0.326412
RNA-seq	PRAME	Factor3	0.00138
RNA-seq	PRAME	Factor4	0.038111
RNA-seq	PRAME	Factor5	-0.037621
RNA-seq	MUC6	Factor1	0.044304
RNA-seq	MUC6	Factor2	-0.375795
RNA-seq	MUC6	Factor3	-0.048105
RNA-seq	MUC6	Factor4	-0.156799
RNA-seq	MUC6	Factor5	0.001332
RNA-seq	CYP4Z1	Factor1	0.236113
RNA-seq	CYP4Z1	Factor2	-0.48451
RNA-seq	CYP4Z1	Factor3	0.081561
RNA-seq	CYP4Z1	Factor4	-0.37981
RNA-seq	CYP4Z1	Factor5	0.004895
RNA-seq	HMGCS2	Factor1	0.259839
RNA-seq	HMGCS2	Factor2	-0.565217
RNA-seq	HMGCS2	Factor3	0.10346
RNA-seq	HMGCS2	Factor4	-0.340557
RNA-seq	HMGCS2	Factor5	-0.06718
RNA-seq	DHRS2	Factor1	0.374381
RNA-seq	DHRS2	Factor2	-0.177454
RNA-seq	DHRS2	Factor3	0.19526
RNA-seq	DHRS2	Factor4	-0.000102
RNA-seq	DHRS2	Factor5	-0.075009
RNA-seq	KCNJ3	Factor1	0.502122
RNA-seq	KCNJ3	Factor2	-0.065178
RNA-seq	KCNJ3	Factor3	-0.200201
RNA-seq	KCNJ3	Factor4	0.171004
RNA-seq	KCNJ3	Factor5	-0.080347
RNA-seq	TFAP2B	Factor1	0.046524
RNA-seq	TFAP2B	Factor2	-0.545558
RNA-seq	TFAP2B	Factor3	0.155638
RNA-seq	TFAP2B	Factor4	-0.351959
RNA-seq	TFAP2B	Factor5	0.084006
RNA-seq	SERPINA6	Factor1	0.34386
RNA-seq	SERPINA6	Factor2	-0.196284
RNA-seq	SERPINA6	Factor3	-0.316329
RNA-seq	SERPINA6	Factor4	0.099251
RNA-seq	SERPINA6	Factor5	-0.120773
RNA-seq	TAT	Factor1	0.087717
RNA-seq	TAT	Factor2	-0.482976
RNA-seq	TAT	Factor3	-0.074759
RNA-seq	TAT	Factor4	-0.080342
RNA-seq	TAT	Factor5	0.043747
RNA-seq	UGT2B11	Factor1	0.135751
RNA-seq	UGT2B11	Factor2	-0.36587
RNA-seq	UGT2B11	Factor3	0.017461
RNA-seq	UGT2B11	Factor4	-0.387115
RNA-seq	UGT2B11	Factor5	-0.084455
RNA-seq	C4orf7	Factor1	-0.595461
RNA-seq	C4orf7	Factor2	-0.154093
RNA-seq	C4orf7	Factor3	0.057971
RNA-seq	C4orf7	Factor4	0.042674
RNA-seq	C4orf7	Factor5	0.077811
RNA-seq	SLC30A8	Factor1	0.339912
RNA-seq	SLC30A8	Factor2	-0.136852
RNA-seq	SLC30A8	Factor3	-0.039746
RNA-seq	SLC30A8	Factor4	0.012968
RNA-seq	SLC30A8	Factor5	-0.075124
RNA-seq	VSTM2A	Factor1	0.316223
RNA-seq	VSTM2A	Factor2	-0.031241
RNA-seq	VSTM2A	Factor3	0.099536
RNA-seq	VSTM2A	Factor4	0.109518
RNA-seq	VSTM2A	Factor5	0.010085
RNA-seq	COL2A1	Factor1	-0.026654
RNA-seq	COL2A1	Factor2	0.131802
RNA-seq	COL2A1	Factor3	-0.091106
RNA-seq	COL2A1	Factor4	0.41855
RNA-seq	COL2A1	Factor5	-0.074023
RNA-seq	CALML5	Factor1	-0.380067
RNA-seq	CALML5	Factor2	-0.080512
RNA-seq	CALML5	Factor3	0.268739
RNA-seq	CALML5	Factor4	-0.331228
RNA-seq	CALML5	Factor5	-0.093431
RNA-seq	ADIPOQ	Factor1	0.015367
RNA-seq	ADIPOQ	Factor2	-0.388466
RNA-seq	ADIPOQ	Factor3	0.029927
RNA-seq	ADIPOQ	Factor4	-0.016355
RNA-seq	ADIPOQ	Factor5	0.069564
RNA-seq	ADH1B	Factor1	-0.001501
RNA-seq	ADH1B	Factor2	-0.466037
RNA-seq	ADH1B	Factor3	0.030354
RNA-seq	ADH1B	Factor4	-0.020965
RNA-seq	ADH1B	Factor5	0.07178
RNA-seq	KRT14	Factor1	-0.55592
RNA-seq	KRT14	Factor2	-0.572358
RNA-seq	KRT14	Factor3	0.294944
RNA-seq	KRT14	Factor4	0.332818
RNA-seq	KRT14	Factor5	-0.142172
RNA-seq	GP2	Factor1	0.511291
RNA-seq	GP2	Factor2	-0.457954
RNA-seq	GP2	Factor3	-0.068158
RNA-seq	GP2	Factor4	-0.034039
RNA-seq	GP2	Factor5	-0.034374
RNA-seq	GRIA2	Factor1	0.268645
RNA-seq	GRIA2	Factor2	-0.148439
RNA-seq	GRIA2	Factor3	-0.322452
RNA-seq	GRIA2	Factor4	0.151839
RNA-seq	GRIA2	Factor5	-0.066277
RNA-seq	MYBPC1	Factor1	-0.239091
RNA-seq	MYBPC1	Factor2	-0.354934
RNA-seq	MYBPC1	Factor3	0.05737
RNA-seq	MYBPC1	Factor4	-0.149231
RNA-seq	MYBPC1	Factor5	0.034971
RNA-seq	CEACAM5	Factor1	0.444176
RNA-seq	CEACAM5	Factor2	-0.165265
RNA-seq	CEACAM5	Factor3	-0.079147
RNA-seq	CEACAM5	Factor4	-0.150051
RNA-seq	CEACAM5	Factor5	-0.093515
RNA-seq	TFF3	Factor1	0.681471
RNA-seq	TFF3	Factor2	-0.464809
RNA-seq	TFF3	Factor3	-0.014113
RNA-seq	TFF3	Factor4	-0.019101
RNA-seq	TFF3	Factor5	0.038246
RNA-seq	C1orf64	Factor1	0.574225
RNA-seq	C1orf64	Factor2	-0.541946
RNA-seq	C1orf64	Factor3	0.051789
RNA-seq	C1orf64	Factor4	0.053737
RNA-seq	C1orf64	Factor5	-0.014789
RNA-seq	GABRP	Factor1	-0.76826
RNA-seq	GABRP	Factor2	-0.250124
RNA-seq	GABRP	Factor3	0.117559
RNA-seq	GABRP	Factor4	0.250037
RNA-seq	GABRP	Factor5	-0.055453
RNA-seq	SOX10	Factor1	-0.655588
RNA-seq	SOX10	Factor2	-0.377512
RNA-seq	SOX10	Factor3	0.116579
RNA-seq	SOX10	Factor4	0.291142
RNA-seq	SOX10	Factor5	-0.018414
RNA-seq	KRT5	Factor1	-0.667028
RNA-seq	KRT5	Factor2	-0.463888
RNA-seq	KRT5	Factor3	0.279348
RNA-seq	KRT5	Factor4	0.27343
RNA-seq	KRT5	Factor5	-0.125874
RNA-seq	MUC5B	Factor1	-0.29792
RNA-seq	MUC5B	Factor2	-0.103529
RNA-seq	MUC5B	Factor3	0.087668
RNA-seq	MUC5B	Factor4	-0.170602
RNA-seq	MUC5B	Factor5	-0.027988
RNA-seq	FABP7	Factor1	-0.6594
RNA-seq	FABP7	Factor2	-0.032437
RNA-seq	FABP7	Factor3	0.152553
RNA-seq	FABP7	Factor4	-0.139263
RNA-seq	FABP7	Factor5	-0.03973
RNA-seq	GSTT1	Factor1	0.0148
RNA-seq	GSTT1	Factor2	-0.102838
RNA-seq	GSTT1	Factor3	-0.025698
RNA-seq	GSTT1	Factor4	0.040686
RNA-seq	GSTT1	Factor5	-0.011151
RNA-seq	LTF	Factor1	-0.261142
RNA-seq	LTF	Factor2	-0.457188
RNA-seq	LTF	Factor3	-0.007193
RNA-seq	LTF	Factor4	-0.457302
RNA-seq	LTF	Factor5	-0.027799
RNA-seq	CRABP1	Factor1	-0.515081
RNA-seq	CRABP1	Factor2	0.003259
RNA-seq	CRABP1	Factor3	-0.01201
RNA-seq	CRABP1	Factor4	-0.008621
RNA-seq	CRABP1	Factor5	0.090357
RNA-seq	KRT6B	Factor1	-0.738372
RNA-seq	KRT6B	Factor2	-0.293966
RNA-seq	KRT6B	Factor3	0.273834
RNA-seq	KRT6B	Factor4	0.266872
RNA-seq	KRT6B	Factor5	-0.16376
RNA-seq	SYT13	Factor1	0.265565
RNA-seq	SYT13	Factor2	0.024565
RNA-seq	SYT13	Factor3	-0.261232
RNA-seq	SYT13	Factor4	0.170756
RNA-seq	SYT13	Factor5	0.015879
RNA-seq	CGA	Factor1	0.389401
RNA-seq	CGA	Factor2	0.157291
RNA-seq	CGA	Factor3	-0.074704
RNA-seq	CGA	Factor4	0.293325
RNA-seq	CGA	Factor5	0.014893
RNA-seq	KLK11	Factor1	-0.300988
RNA-seq	KLK11	Factor2	-0.377495
RNA-seq	KLK11	Factor3	0.08626
RNA-seq	KLK11	Factor4	-0.040919
RNA-seq	KLK11	Factor5	-0.036538
RNA-seq	STAC2	Factor1	-0.611722
RNA-seq	STAC2	Factor2	-0.411141
RNA-seq	STAC2	Factor3	0.211072
RNA-seq	STAC2	Factor4	-0.050177
RNA-seq	STAC2	Factor5	-0.027881
RNA-seq	CEACAM6	Factor1	0.286181
RNA-seq	CEACAM6	Factor2	-0.20881
RNA-seq	CEACAM6	Factor3	-0.054185
RNA-seq	CEACAM6	Factor4	-0.189252
RNA-seq	CEACAM6	Factor5	-0.065148
RNA-seq	HOXB13	Factor1	-0.12551
RNA-seq	HOXB13	Factor2	0.203367
RNA-seq	HOXB13	Factor3	0.224169
RNA-seq	HOXB13	Factor4	-0.091807
RNA-seq	HOXB13	Factor5	0.095978
RNA-seq	SLC5A8	Factor1	-0.000905
RNA-seq	SLC5A8	Factor2	-0.074066
RNA-seq	SLC5A8	Factor3	-0.134444
RNA-seq	SLC5A8	Factor4	-0.140133
RNA-seq	SLC5A8	Factor5	0.040803
RNA-seq	C20orf114	Factor1	0.440238
RNA-seq	C20orf114	Factor2	-0.369174
RNA-seq	C20orf114	Factor3	0.011352
RNA-seq	C20orf114	Factor4	0.077346
RNA-seq	C20orf114	Factor5	-0.024578
RNA-seq	BMPR1B	Factor1	0.405784
RNA-seq	BMPR1B	Factor2	-0.178622
RNA-seq	BMPR1B	Factor3	-0.273602
RNA-seq	BMPR1B	Factor4	0.145678
RNA-seq	BMPR1B	Factor5	-0.064897
RNA-seq	BPIL1	Factor1	0.375297
RNA-seq	BPIL1	Factor2	-0.344482
RNA-seq	BPIL1	Factor3	-0.073127
RNA-seq	BPIL1	Factor4	-0.211725
RNA-seq	BPIL1	Factor5	-0.018588
RNA-seq	PVALB	Factor1	0.384007
RNA-seq	PVALB	Factor2	-0.082664
RNA-seq	PVALB	Factor3	0.128739
RNA-seq	PVALB	Factor4	0.215561
RNA-seq	PVALB	Factor5	0.030114
RNA-seq	CYP4F8	Factor1	0.173676
RNA-seq	CYP4F8	Factor2	-0.37238
RNA-seq	CYP4F8	Factor3	0.09963
RNA-seq	CYP4F8	Factor4	-0.239302
RNA-seq	CYP4F8	Factor5	-0.012919
RNA-seq	NPY1R	Factor1	0.215056
RNA-seq	NPY1R	Factor2	-0.298949
RNA-seq	NPY1R	Factor3	-0.206907
RNA-seq	NPY1R	Factor4	0.332678
RNA-seq	NPY1R	Factor5	-0.003508
RNA-seq	LRP2	Factor1	0.243829
RNA-seq	LRP2	Factor2	-0.328593
RNA-seq	LRP2	Factor3	-0.290224
RNA-seq	LRP2	Factor4	0.23657
RNA-seq	LRP2	Factor5	0.070177
RNA-seq	AGR2	Factor1	0.688384
RNA-seq	AGR2	Factor2	-0.454174
RNA-seq	AGR2	Factor3	0.030163
RNA-seq	AGR2	Factor4	-0.069329
RNA-seq	AGR2	Factor5	-0.026265
RNA-seq	CST9	Factor1	0.487648
RNA-seq	CST9	Factor2	-0.179374
RNA-seq	CST9	Factor3	-0.064998
RNA-seq	CST9	Factor4	0.407358
RNA-seq	CST9	Factor5	-0.045663
RNA-seq	OBP2B	Factor1	-0.296923
RNA-seq	OBP2B	Factor2	-0.280848
RNA-seq	OBP2B	Factor3	0.087111
RNA-seq	OBP2B	Factor4	-0.134378
RNA-seq	OBP2B	Factor5	0.123608
RNA-seq	KCNC2	Factor1	0.327422
RNA-seq	KCNC2	Factor2	-0.214473
RNA-seq	KCNC2	Factor3	-0.229601
RNA-seq	KCNC2	Factor4	0.113696
RNA-seq	KCNC2	Factor5	-0.030889
RNA-seq	TCN1	Factor1	-0.087204
RNA-seq	TCN1	Factor2	-0.478574
RNA-seq	TCN1	Factor3	0.005089
RNA-seq	TCN1	Factor4	-0.010436
RNA-seq	TCN1	Factor5	-0.042252
RNA-seq	MUC16	Factor1	-0.542477
RNA-seq	MUC16	Factor2	-0.024529
RNA-seq	MUC16	Factor3	-0.007604
RNA-seq	MUC16	Factor4	-0.034449
RNA-seq	MUC16	Factor5	-0.071333
RNA-seq	ABCC11	Factor1	0.4292
RNA-seq	ABCC11	Factor2	-0.351201
RNA-seq	ABCC11	Factor3	0.021943
RNA-seq	ABCC11	Factor4	-0.43351
RNA-seq	ABCC11	Factor5	-0.034563
RNA-seq	GFRA1	Factor1	0.540951
RNA-seq	GFRA1	Factor2	-0.389191
RNA-seq	GFRA1	Factor3	-0.02554
RNA-seq	GFRA1	Factor4	0.178272
RNA-seq	GFRA1	Factor5	0.016312
RNA-seq	OLFM4	Factor1	-0.401544
RNA-seq	OLFM4	Factor2	-0.331673
RNA-seq	OLFM4	Factor3	0.143875
RNA-seq	OLFM4	Factor4	-0.002082
RNA-seq	OLFM4	Factor5	-0.006027
RNA-seq	CYP2A6	Factor1	0.250925
RNA-seq	CYP2A6	Factor2	-0.224972
RNA-seq	CYP2A6	Factor3	-0.299149
RNA-seq	CYP2A6	Factor4	-0.012531
RNA-seq	CYP2A6	Factor5	-0.00585
RNA-seq	CP	Factor1	-0.463033
RNA-seq	CP	Factor2	-0.076687
RNA-seq	CP	Factor3	0.055398
RNA-seq	CP	Factor4	-0.261108
RNA-seq	CP	Factor5	-0.007151
RNA-seq	CLCA2	Factor1	-0.173289
RNA-seq	CLCA2	Factor2	-0.372826
RNA-seq	CLCA2	Factor3	0.314478
RNA-seq	CLCA2	Factor4	-0.492244
RNA-seq	CLCA2	Factor5	-0.049498
RNA-seq	FAM5C	Factor1	-0.1563
RNA-seq	FAM5C	Factor2	-0.169445
RNA-seq	FAM5C	Factor3	0.185152
RNA-seq	FAM5C	Factor4	-0.354946
RNA-seq	FAM5C	Factor5	-0.042633
RNA-seq	CRISP3	Factor1	0.119242
RNA-seq	CRISP3	Factor2	-0.025513
RNA-seq	CRISP3	Factor3	0.130823
RNA-seq	CRISP3	Factor4	-0.315731
RNA-seq	CRISP3	Factor5	-0.083187
RNA-seq	KRT81	Factor1	-0.615565
RNA-seq	KRT81	Factor2	-0.134017
RNA-seq	KRT81	Factor3	0.189392
RNA-seq	KRT81	Factor4	0.065551
RNA-seq	KRT81	Factor5	-0.06184
RNA-seq	PGR	Factor1	0.463505
RNA-seq	PGR	Factor2	-0.536292
RNA-seq	PGR	Factor3	-0.207826
RNA-seq	PGR	Factor4	0.106157
RNA-seq	PGR	Factor5	0.020664
RNA-seq	KRT6A	Factor1	-0.646045
RNA-seq	KRT6A	Factor2	0.002524
RNA-seq	KRT6A	Factor3	0.209041
RNA-seq	KRT6A	Factor4	0.089368
RNA-seq	KRT6A	Factor5	-0.175887
RNA-seq	SLC34A2	Factor1	-0.612708
RNA-seq	SLC34A2	Factor2	-0.275991
RNA-seq	SLC34A2	Factor3	0.026215
RNA-seq	SLC34A2	Factor4	-0.045338
RNA-seq	SLC34A2	Factor5	-0.00255
RNA-seq	KLK5	Factor1	-0.669347
RNA-seq	KLK5	Factor2	-0.362831
RNA-seq	KLK5	Factor3	0.241948
RNA-seq	KLK5	Factor4	0.209536
RNA-seq	KLK5	Factor5	-0.10304
RNA-seq	KRT16	Factor1	-0.782628
RNA-seq	KRT16	Factor2	-0.061987
RNA-seq	KRT16	Factor3	0.271498
RNA-seq	KRT16	Factor4	0.082333
RNA-seq	KRT16	Factor5	-0.120493
RNA-seq	PROM1	Factor1	-0.658403
RNA-seq	PROM1	Factor2	-0.202405
RNA-seq	PROM1	Factor3	0.070606
RNA-seq	PROM1	Factor4	-0.029326
RNA-seq	PROM1	Factor5	0.020042
RNA-seq	MUC2	Factor1	0.204135
RNA-seq	MUC2	Factor2	0.021318
RNA-seq	MUC2	Factor3	-0.214248
RNA-seq	MUC2	Factor4	0.006011
RNA-seq	MUC2	Factor5	0.055158
RNA-seq	DSG3	Factor1	-0.639327
RNA-seq	DSG3	Factor2	-0.378944
RNA-seq	DSG3	Factor3	0.20874
RNA-seq	DSG3	Factor4	0.324879
RNA-seq	DSG3	Factor5	-0.117767
RNA-seq	LBP	Factor1	-0.279972
RNA-seq	LBP	Factor2	-0.000764
RNA-seq	LBP	Factor3	0.228061
RNA-seq	LBP	Factor4	-0.481161
RNA-seq	LBP	Factor5	0.047263
RNA-seq	PTPRT	Factor1	0.385057
RNA-seq	PTPRT	Factor2	-0.560355
RNA-seq	PTPRT	Factor3	-0.152004
RNA-seq	PTPRT	Factor4	0.010194
RNA-seq	PTPRT	Factor5	-0.002302
RNA-seq	MSLN	Factor1	-0.556069
RNA-seq	MSLN	Factor2	0.14093
RNA-seq	MSLN	Factor3	0.006315
RNA-seq	MSLN	Factor4	0.077456
RNA-seq	MSLN	Factor5	-0.106573
RNA-seq	CARTPT	Factor1	0.176707
RNA-seq	CARTPT	Factor2	-0.111106
RNA-seq	CARTPT	Factor3	-0.414676
RNA-seq	CARTPT	Factor4	0.03496
RNA-seq	CARTPT	Factor5	-0.009043
RNA-seq	PIGR	Factor1	-0.200419
RNA-seq	PIGR	Factor2	-0.484743
RNA-seq	PIGR	Factor3	0.103713
RNA-seq	PIGR	Factor4	-0.18682
RNA-seq	PIGR	Factor5	0.012344
RNA-seq	KRT17	Factor1	-0.656493
RNA-seq	KRT17	Factor2	-0.458765
RNA-seq	KRT17	Factor3	0.288914
RNA-seq	KRT17	Factor4	0.272027
RNA-seq	KRT17	Factor5	-0.13478
RNA-seq	NLRP2	Factor1	-0.206137
RNA-seq	NLRP2	Factor2	-0.080588
RNA-seq	NLRP2	Factor3	0.068377
RNA-seq	NLRP2	Factor4	0.043568
RNA-seq	NLRP2	Factor5	0.001142
RNA-seq	A2ML1	Factor1	-0.69204
RNA-seq	A2ML1	Factor2	0.302602
RNA-seq	A2ML1	Factor3	0.158514
RNA-seq	A2ML1	Factor4	-0.103508
RNA-seq	A2ML1	Factor5	-0.088436
RNA-seq	CBLN2	Factor1	0.149543
RNA-seq	CBLN2	Factor2	-0.146806
RNA-seq	CBLN2	Factor3	0.015864
RNA-seq	CBLN2	Factor4	0.150503
RNA-seq	CBLN2	Factor5	0.090774
RNA-seq	SLITRK6	Factor1	0.23873
RNA-seq	SLITRK6	Factor2	-0.295793
RNA-seq	SLITRK6	Factor3	-0.172416
RNA-seq	SLITRK6	Factor4	0.087775
RNA-seq	SLITRK6	Factor5	0.050976
RNA-seq	KLK6	Factor1	-0.740805
RNA-seq	KLK6	Factor2	-0.195629
RNA-seq	KLK6	Factor3	0.221199
RNA-seq	KLK6	Factor4	0.140915
RNA-seq	KLK6	Factor5	-0.092231
RNA-seq	SERPINA11	Factor1	0.536495
RNA-seq	SERPINA11	Factor2	-0.469436
RNA-seq	SERPINA11	Factor3	-0.148912
RNA-seq	SERPINA11	Factor4	0.152741
RNA-seq	SERPINA11	Factor5	0.012797
RNA-seq	TUSC5	Factor1	0.009961
RNA-seq	TUSC5	Factor2	-0.413152
RNA-seq	TUSC5	Factor3	0.077413
RNA-seq	TUSC5	Factor4	-0.010916
RNA-seq	TUSC5	Factor5	0.07223
RNA-seq	CST1	Factor1	0.15281
RNA-seq	CST1	Factor2	-0.116671
RNA-seq	CST1	Factor3	0.019138
RNA-seq	CST1	Factor4	-0.015883
RNA-seq	CST1	Factor5	0.001502
RNA-seq	KIF1A	Factor1	-0.395866
RNA-seq	KIF1A	Factor2	0.220831
RNA-seq	KIF1A	Factor3	-0.027466
RNA-seq	KIF1A	Factor4	0.007332
RNA-seq	KIF1A	Factor5	0.094222
RNA-seq	AQP5	Factor1	-0.49507
RNA-seq	AQP5	Factor2	-0.14934
RNA-seq	AQP5	Factor3	-0.120588
RNA-seq	AQP5	Factor4	-0.080852
RNA-seq	AQP5	Factor5	0.040413
RNA-seq	KLK10	Factor1	-0.629339
RNA-seq	KLK10	Factor2	-0.292983
RNA-seq	KLK10	Factor3	0.17265
RNA-seq	KLK10	Factor4	0.114711
RNA-seq	KLK10	Factor5	-0.066542
RNA-seq	ELF5	Factor1	-0.627078
RNA-seq	ELF5	Factor2	-0.0386
RNA-seq	ELF5	Factor3	0.026111
RNA-seq	ELF5	Factor4	-0.031695
RNA-seq	ELF5	Factor5	-0.039855
miRNA	MIMAT0005923	Factor1	-0.034741
miRNA	MIMAT0005923	Factor2	0.28839
miRNA	MIMAT0005923	Factor3	-0.00057
miRNA	MIMAT0005923	Factor4	-0.078523
miRNA	MIMAT0005923	Factor5	-0.177328
miRNA	MIMAT0000454	Factor1	0.088197
miRNA	MIMAT0000454	Factor2	-0.321315
miRNA	MIMAT0000454	Factor3	0.094366
miRNA	MIMAT0000454	Factor4	-0.340727
miRNA	MIMAT0000454	Factor5	-0.013481
miRNA	MIMAT0000226	Factor1	0.003294
miRNA	MIMAT0000226	Factor2	-0.010674
miRNA	MIMAT0000226	Factor3	0.311214
miRNA	MIMAT0000226	Factor4	-0.119734
miRNA	MIMAT0000226	Factor5	0.066508
miRNA	MIMAT0000266	Factor1	-0.20394
miRNA	MIMAT0000266	Factor2	-0.323827
miRNA	MIMAT0000266	Factor3	0.076262
miRNA	MIMAT0000266	Factor4	-0.074488
miRNA	MIMAT0000266	Factor5	-0.017883
miRNA	MIMAT0000262	Factor1	-0.233795
miRNA	MIMAT0000262	Factor2	0.065737
miRNA	MIMAT0000262	Factor3	0.081887
miRNA	MIMAT0000262	Factor4	-0.339561
miRNA	MIMAT0000262	Factor5	-0.153895
miRNA	MIMAT0000728	Factor1	0.497936
miRNA	MIMAT0000728	Factor2	-0.143716
miRNA	MIMAT0000728	Factor3	-0.085543
miRNA	MIMAT0000728	Factor4	-0.100251
miRNA	MIMAT0000728	Factor5	-0.106793
miRNA	MIMAT0000267	Factor1	-0.111467
miRNA	MIMAT0000267	Factor2	0.531193
miRNA	MIMAT0000267	Factor3	-0.076234
miRNA	MIMAT0000267	Factor4	-0.094607
miRNA	MIMAT0000267	Factor5	-0.136106
miRNA	MIMAT0000441	Factor1	-0.337561
miRNA	MIMAT0000441	Factor2	0.368188
miRNA	MIMAT0000441	Factor3	0.003791
miRNA	MIMAT0000441	Factor4	0.036983
miRNA	MIMAT0000441	Factor5	-0.009709
miRNA	MIMAT0019814	Factor1	-0.266634
miRNA	MIMAT0019814	Factor2	0.069757
miRNA	MIMAT0019814	Factor3	0.100603
miRNA	MIMAT0019814	Factor4	-0.106614
miRNA	MIMAT0019814	Factor5	0.001911
miRNA	MIMAT0000102	Factor1	-0.29441
miRNA	MIMAT0000102	Factor2	0.278914
miRNA	MIMAT0000102	Factor3	0.009224
miRNA	MIMAT0000102	Factor4	-0.089154
miRNA	MIMAT0000102	Factor5	-0.198188
miRNA	MIMAT0000281	Factor1	-0.488458
miRNA	MIMAT0000281	Factor2	0.285582
miRNA	MIMAT0000281	Factor3	0.079368
miRNA	MIMAT0000281	Factor4	-0.262625
miRNA	MIMAT0000281	Factor5	-0.044382
miRNA	MIMAT0000264	Factor1	-0.240037
miRNA	MIMAT0000264	Factor2	0.011211
miRNA	MIMAT0000264	Factor3	0.330054
miRNA	MIMAT0000264	Factor4	-0.054012
miRNA	MIMAT0000264	Factor5	0.002588
miRNA	MIMAT0000758	Factor1	-0.616918
miRNA	MIMAT0000758	Factor2	0.239907
miRNA	MIMAT0000758	Factor3	0.006021
miRNA	MIMAT0000758	Factor4	0.116009
miRNA	MIMAT0000758	Factor5	0.010187
miRNA	MIMAT0000451	Factor1	-0.288458
miRNA	MIMAT0000451	Factor2	-0.119394
miRNA	MIMAT0000451	Factor3	-0.024654
miRNA	MIMAT0000451	Factor4	-0.07917
miRNA	MIMAT0000451	Factor5	0.118578
miRNA	MIMAT0026480	Factor1	0.194509
miRNA	MIMAT0026480	Factor2	0.056541
miRNA	MIMAT0026480	Factor3	-0.299848
miRNA	MIMAT0026480	Factor4	-0.019176
miRNA	MIMAT0026480	Factor5	0.010044
miRNA	MIMAT0000450	Factor1	0.365176
miRNA	MIMAT0000450	Factor2	0.14454
miRNA	MIMAT0000450	Factor3	-0.009662
miRNA	MIMAT0000450	Factor4	0.176961
miRNA	MIMAT0000450	Factor5	-0.084051
miRNA	MIMAT0017985	Factor1	0.087433
miRNA	MIMAT0017985	Factor2	0.184282
miRNA	MIMAT0017985	Factor3	-0.193489
miRNA	MIMAT0017985	Factor4	-0.021846
miRNA	MIMAT0017985	Factor5	-0.030216
miRNA	MIMAT0003242	Factor1	-0.617445
miRNA	MIMAT0003242	Factor2	0.351376
miRNA	MIMAT0003242	Factor3	-0.057567
miRNA	MIMAT0003242	Factor4	0.091847
miRNA	MIMAT0003242	Factor5	0.000722
miRNA	MIMAT0001635	Factor1	-0.554196
miRNA	MIMAT0001635	Factor2	0.13704
miRNA	MIMAT0001635	Factor3	0.163537
miRNA	MIMAT0001635	Factor4	-0.24093
miRNA	MIMAT0001635	Factor5	0.001696
miRNA	MIMAT0004784	Factor1	-0.348465
miRNA	MIMAT0004784	Factor2	0.406414
miRNA	MIMAT0004784	Factor3	-0.178967
miRNA	MIMAT0004784	Factor4	-0.05121
miRNA	MIMAT0004784	Factor5	-0.012017
miRNA	MIMAT0003882	Factor1	-0.271715
miRNA	MIMAT0003882	Factor2	0.236792
miRNA	MIMAT0003882	Factor3	0.031478
miRNA	MIMAT0003882	Factor4	-0.093371
miRNA	MIMAT0003882	Factor5	-0.211359
miRNA	MIMAT0022721	Factor1	-0.129441
miRNA	MIMAT0022721	Factor2	-0.259824
miRNA	MIMAT0022721	Factor3	0.013685
miRNA	MIMAT0022721	Factor4	-0.012133
miRNA	MIMAT0022721	Factor5	0.114287
miRNA	MIMAT0001541	Factor1	0.182249
miRNA	MIMAT0001541	Factor2	-0.066957
miRNA	MIMAT0001541	Factor3	0.036287
miRNA	MIMAT0001541	Factor4	-0.101687
miRNA	MIMAT0001541	Factor5	-0.006645
miRNA	MIMAT0004929	Factor1	0.599052
miRNA	MIMAT0004929	Factor2	-0.204713
miRNA	MIMAT0004929	Factor3	-0.076544
miRNA	MIMAT0004929	Factor4	0.092464
miRNA	MIMAT0004929	Factor5	-0.00131
miRNA	MIMAT0000434	Factor1	-0.258658
miRNA	MIMAT0000434	Factor2	0.227538
miRNA	MIMAT0000434	Factor3	-0.157536
miRNA	MIMAT0000434	Factor4	-0.15877
miRNA	MIMAT0000434	Factor5	0.038189
miRNA	MIMAT0001413	Factor1	0.016177
miRNA	MIMAT0001413	Factor2	0.062604
miRNA	MIMAT0001413	Factor3	0.040317
miRNA	MIMAT0001413	Factor4	-0.253285
miRNA	MIMAT0001413	Factor5	-0.008425
miRNA	MIMAT0006790	Factor1	-0.081151
miRNA	MIMAT0006790	Factor2	0.000424
miRNA	MIMAT0006790	Factor3	-0.097025
miRNA	MIMAT0006790	Factor4	-0.036045
miRNA	MIMAT0006790	Factor5	-0.036927
miRNA	MIMAT0004809	Factor1	0.02973
miRNA	MIMAT0004809	Factor2	0.209729
miRNA	MIMAT0004809	Factor3	-0.236913
miRNA	MIMAT0004809	Factor4	-0.094855
miRNA	MIMAT0004809	Factor5	-0.026471
miRNA	MIMAT0022472	Factor1	-0.120159
miRNA	MIMAT0022472	Factor2	-0.263181
miRNA	MIMAT0022472	Factor3	0.161105
miRNA	MIMAT0022472	Factor4	0.038514
miRNA	MIMAT0022472	Factor5	0.091542
miRNA	MIMAT0025477	Factor1	-0.324789
miRNA	MIMAT0025477	Factor2	-0.136272
miRNA	MIMAT0025477	Factor3	-0.009947
miRNA	MIMAT0025477	Factor4	0.101368
miRNA	MIMAT0025477	Factor5	-0.01713
