sample_id	PC1	PC2
TCGA-3C-AAAU-01	-0.091469	-0.187500
TCGA-3C-AALI-01	-0.061975	-0.137007
TCGA-3C-AALJ-01	-0.177416	-0.140448
TCGA-3C-AALK-01	-0.185416	0.096914
TCGA-4H-AAAK-01	-0.101439	0.191130
TCGA-5L-AAT0-01	-0.119832	0.226129
TCGA-5T-A9QA-01	-0.196180	-0.239861
TCGA-A1-A0SB-01	0.360140	0.013221
TCGA-A1-A0SF-01	-0.130354	0.123508
TCGA-A1-A0SG-01	-0.057103	-0.060848
TCGA-A1-A0SI-01	-0.031193	0.062690
TCGA-A1-A0SN-01	-0.182707	-0.074806
TCGA-A1-A0SQ-01	-0.187834	-0.123919
TCGA-A2-A0CK-01	-0.118211	0.137011
TCGA-A2-A0CO-01	-0.127461	0.205847
TCGA-A2-A0CR-01	-0.015005	0.279184
TCGA-A2-A0EP-01	0.174239	0.239858
TCGA-A2-A1FV-01	-0.240376	-0.149160
TCGA-A2-A1FW-01	-0.186418	-0.227571
TCGA-A2-A1FX-01	-0.209491	-0.069284
TCGA-A2-A1FZ-01	-0.029356	0.046361
TCGA-A2-A1G0-01	-0.053379	0.163072
TCGA-A2-A1G1-01	0.334891	-0.166165
TCGA-A2-A1G4-01	-0.108911	-0.216167
TCGA-A2-A1G6-01	0.163777	0.318297
TCGA-A2-A259-01	0.006927	0.217154
TCGA-A2-A25A-01	-0.128580	0.264353
TCGA-A2-A25B-01	-0.133850	-0.323622
TCGA-A2-A25C-01	-0.008459	-0.069637
TCGA-A2-A25D-01	-0.071524	0.036228
TCGA-A2-A25E-01	-0.071307	-0.207165
TCGA-A2-A25F-01	0.361060	0.028152
TCGA-A2-A3KC-01	-0.149024	0.190563
TCGA-A2-A3KD-01	-0.029948	0.235272
TCGA-A2-A3XS-01	0.389310	-0.093685
TCGA-A2-A3XT-01	0.385170	-0.066589
TCGA-A2-A3XU-01	0.371335	-0.126341
TCGA-A2-A3XV-01	-0.022827	-0.161025
TCGA-A2-A3XW-01	0.125250	0.221473
TCGA-A2-A3XX-01	0.422061	-0.045685
TCGA-A2-A3XY-01	0.377848	0.079430
TCGA-A2-A3XZ-01	0.125389	0.140310
TCGA-A2-A3Y0-01	0.436241	-0.125855
TCGA-A2-A4RW-01	-0.159340	0.136611
TCGA-A2-A4RX-01	0.338869	0.142641
TCGA-A2-A4RY-01	0.001388	0.355828
TCGA-A2-A4S0-01	-0.041870	-0.031258
TCGA-A2-A4S1-01	0.174621	-0.104130
TCGA-A2-A4S2-01	-0.140129	0.089623
TCGA-A2-A4S3-01	0.057090	-0.006369
TCGA-A7-A13D-01	0.367023	-0.177953
TCGA-A7-A13E-01	0.303896	-0.220490
TCGA-A7-A13F-01	-0.193491	-0.185316
TCGA-A7-A13G-01	-0.067432	-0.003850
TCGA-A7-A13H-01	-0.067274	0.271295
TCGA-A7-A26E-01	-0.216279	0.070382
TCGA-A7-A26F-01	0.197643	-0.165541
TCGA-A7-A26G-01	0.323969	0.079051
TCGA-A7-A26H-01	-0.230884	0.060101
TCGA-A7-A26I-01	0.376321	-0.142194
TCGA-A7-A26J-01	-0.210998	-0.095562
TCGA-A7-A2KD-01	-0.022427	-0.010525
TCGA-A7-A3IY-01	0.178068	0.093666
TCGA-A7-A3IZ-01	-0.296968	-0.076570
TCGA-A7-A3J0-01	0.017492	-0.006291
TCGA-A7-A3J1-01	-0.105756	0.233031
TCGA-A7-A3RF-01	-0.105479	-0.151736
TCGA-A7-A425-01	-0.093218	0.213288
TCGA-A7-A426-01	-0.160004	0.289734
TCGA-A7-A4SA-01	-0.026414	0.154377
TCGA-A7-A4SB-01	-0.169488	0.098376
TCGA-A7-A4SC-01	-0.137358	0.210745
TCGA-A7-A4SD-01	0.336315	-0.030611
TCGA-A7-A4SE-01	0.357833	0.049542
TCGA-A7-A4SF-01	-0.181103	-0.173003
TCGA-A7-A56D-01	-0.162709	-0.003051
TCGA-A7-A5ZV-01	0.243093	-0.225896
TCGA-A7-A5ZW-01	-0.046540	0.335893
TCGA-A7-A5ZX-01	-0.140664	0.304212
TCGA-A7-A6VV-01	0.312339	0.066557
TCGA-A7-A6VW-01	0.313944	-0.051336
TCGA-A7-A6VX-01	-0.161717	-0.047010
TCGA-A7-A6VY-01	0.286394	-0.009990
TCGA-AC-A23C-01	-0.087174	-0.016144
TCGA-AC-A23E-01	-0.129629	-0.078989
TCGA-AC-A23G-01	-0.000374	0.256915
TCGA-AC-A23H-01	-0.123710	-0.316831
TCGA-AC-A2B8-01	-0.137657	0.082483
TCGA-AC-A2BK-01	0.302284	-0.187695
TCGA-AC-A2BM-01	-0.202962	-0.073020
TCGA-AC-A2FB-01	0.055807	0.248274
TCGA-AC-A2FE-01	-0.109498	0.217846
TCGA-AC-A2FF-01	0.061034	0.350624
TCGA-AC-A2FG-01	-0.096564	0.236904
TCGA-AC-A2FK-01	0.148648	0.402904
TCGA-AC-A2FM-01	-0.254887	-0.058350
TCGA-AC-A2FO-01	-0.127397	0.215016
TCGA-AC-A2QH-01	0.162938	-0.084535
TCGA-AC-A2QI-01	-0.138890	0.140320
TCGA-AC-A2QJ-01	0.315624	0.065571
TCGA-AC-A3BB-01	-0.110428	0.278721
TCGA-AC-A3EH-01	-0.132374	-0.144394
TCGA-AC-A3HN-01	-0.056275	0.362149
TCGA-AC-A3OD-01	-0.111701	0.181395
TCGA-AC-A3QP-01	-0.023262	0.263087
TCGA-AC-A3QQ-01	-0.188495	0.078887
TCGA-AC-A3TM-01	-0.138057	0.149027
TCGA-AC-A3TN-01	-0.241227	0.014866
TCGA-AC-A3W5-01	0.037274	-0.050415
TCGA-AC-A3W6-01	-0.080342	0.192995
TCGA-AC-A3W7-01	-0.098357	0.176409
TCGA-AC-A3YI-01	0.038590	0.329583
TCGA-AC-A3YJ-01	-0.130739	-0.041185
TCGA-AC-A4ZE-01	-0.263120	-0.102257
TCGA-AC-A5EH-01	-0.053279	-0.066539
TCGA-AC-A5XS-01	-0.085907	0.068557
TCGA-AC-A5XU-01	-0.222745	-0.166249
TCGA-AC-A62V-01	-0.240079	-0.194268
TCGA-AC-A62X-01	0.223360	-0.107452
TCGA-AC-A62Y-01	-0.035138	0.081210
TCGA-AC-A6IV-01	-0.048697	0.236972
TCGA-AC-A6IW-01	0.380956	-0.052644
TCGA-AC-A6IX-01	-0.132854	0.163384
TCGA-AC-A6NO-01	-0.089656	0.058411
TCGA-AC-A7VB-01	-0.240708	-0.333831
TCGA-AC-A7VC-01	0.226692	-0.037817
TCGA-AC-A8OP-01	-0.207762	0.046222
TCGA-AC-A8OQ-01	0.378353	0.046724
TCGA-AC-A8OR-01	0.023643	-0.041557
TCGA-AC-A8OS-01	-0.120218	0.246716
TCGA-AO-A12B-01	-0.126830	-0.118826
TCGA-AO-A1KO-01	0.279067	0.205461
TCGA-AO-A1KP-01	-0.182291	-0.203595
TCGA-AO-A1KQ-01	-0.055779	-0.188474
TCGA-AO-A1KR-01	0.348633	-0.182351
TCGA-AO-A1KS-01	-0.084690	-0.180961
TCGA-AO-A1KT-01	-0.074901	-0.155910
TCGA-AQ-A0Y5-01	-0.111198	0.000720
TCGA-AQ-A1H2-01	-0.148582	-0.299286
TCGA-AQ-A1H3-01	-0.087636	0.081618
TCGA-AQ-A54N-01	0.343111	-0.131504
TCGA-AQ-A54O-01	-0.069107	0.045669
TCGA-AQ-A7U7-01	-0.093945	0.184794
TCGA-AR-A1AI-01	0.448858	-0.181570
TCGA-AR-A1AJ-01	0.447920	-0.015535
TCGA-AR-A1AK-01	-0.023313	0.075178
TCGA-AR-A1AL-01	-0.022998	0.227041
TCGA-AR-A1AM-01	-0.013366	0.276638
TCGA-AR-A1AN-01	0.060883	0.028777
TCGA-AR-A1AO-01	0.337488	0.169386
TCGA-AR-A1AP-01	-0.098597	-0.063156
TCGA-AR-A1AQ-01	0.436464	-0.158519
TCGA-AR-A1AR-01	0.381562	-0.122447
TCGA-AR-A1AS-01	-0.103414	-0.210522
TCGA-AR-A1AT-01	0.001041	-0.116805
TCGA-AR-A1AU-01	-0.011650	0.099911
TCGA-AR-A1AV-01	-0.260114	-0.238178
TCGA-AR-A1AW-01	0.097569	-0.108573
TCGA-AR-A1AX-01	0.084757	0.243075
TCGA-AR-A1AY-01	0.334188	-0.107954
TCGA-AR-A24H-01	-0.096468	-0.356119
TCGA-AR-A24K-01	-0.199053	-0.021004
TCGA-AR-A24L-01	-0.106335	0.024359
TCGA-AR-A24M-01	-0.167602	0.082829
TCGA-AR-A24N-01	-0.162696	-0.212199
TCGA-AR-A24O-01	-0.024327	0.186441
TCGA-AR-A24P-01	-0.040881	0.022721
TCGA-AR-A24Q-01	0.367840	-0.064491
TCGA-AR-A24R-01	-0.114727	-0.244339
TCGA-AR-A24S-01	0.055393	-0.063757
TCGA-AR-A24T-01	-0.215516	0.160922
TCGA-AR-A24U-01	0.172030	-0.036053
TCGA-AR-A24V-01	-0.143204	-0.081013
TCGA-AR-A24W-01	0.075787	0.243101
TCGA-AR-A24X-01	-0.157805	-0.020759
TCGA-AR-A24Z-01	-0.153572	-0.291208
TCGA-AR-A250-01	-0.157871	-0.234046
TCGA-AR-A251-01	0.435749	-0.170448
TCGA-AR-A252-01	0.102100	0.047578
TCGA-AR-A254-01	0.047361	-0.096996
TCGA-AR-A255-01	-0.141947	-0.057226
TCGA-AR-A256-01	0.344552	-0.223353
TCGA-AR-A2LE-01	-0.139667	0.034644
TCGA-AR-A2LH-01	0.137744	0.296887
TCGA-AR-A2LJ-01	0.005044	0.318389
TCGA-AR-A2LK-01	-0.252182	-0.039494
TCGA-AR-A2LM-01	-0.127691	0.286143
TCGA-AR-A2LN-01	-0.076893	0.341113
TCGA-AR-A2LO-01	-0.043768	0.322273
TCGA-AR-A2LQ-01	0.065453	0.391859
TCGA-AR-A5QM-01	-0.207669	0.149490
TCGA-AR-A5QN-01	-0.179451	0.066974
TCGA-AR-A5QP-01	-0.046654	0.250127
TCGA-AR-A5QQ-01	0.266139	0.037816
TCGA-B6-A0I1-01	0.401851	-0.145434
TCGA-B6-A1KC-01	-0.188341	-0.164630
TCGA-B6-A1KF-01	0.318373	-0.226889
TCGA-B6-A1KI-01	-0.092404	0.090403
TCGA-B6-A1KN-01	-0.080218	-0.168584
TCGA-B6-A2IU-01	-0.205394	0.146305
TCGA-B6-A3ZX-01	0.424490	0.009393
TCGA-B6-A400-01	0.424515	-0.047561
TCGA-B6-A401-01	0.003832	0.147069
TCGA-B6-A402-01	0.450476	-0.101468
TCGA-B6-A408-01	-0.166163	-0.044625
TCGA-B6-A409-01	0.384287	0.041811
TCGA-B6-A40B-01	-0.169615	0.011699
TCGA-B6-A40C-01	-0.195848	-0.025602
TCGA-BH-A0AU-01	-0.084107	-0.028209
TCGA-BH-A0AZ-01	-0.061325	0.139666
TCGA-BH-A0B5-01	-0.224908	0.026434
TCGA-BH-A0BF-01	0.009229	-0.013392
TCGA-BH-A0BS-01	-0.108309	-0.040731
TCGA-BH-A0BT-01	-0.054368	-0.125261
TCGA-BH-A0BZ-01	-0.105022	-0.055275
TCGA-BH-A0C3-01	0.048864	0.014814
TCGA-BH-A0DD-01	-0.154837	-0.300828
TCGA-BH-A0DG-01	-0.035344	0.056677
TCGA-BH-A0DI-01	-0.016911	0.142458
TCGA-BH-A0DV-01	0.019996	0.229114
TCGA-BH-A0E2-01	-0.158778	-0.012112
TCGA-BH-A0H3-01	0.005530	0.145373
TCGA-BH-A0HA-01	-0.119630	-0.042018
TCGA-BH-A0HN-01	-0.214742	-0.149299
TCGA-BH-A1EN-01	-0.094374	-0.279382
TCGA-BH-A1EO-01	-0.204233	0.011578
TCGA-BH-A1ES-01	-0.091910	-0.172608
TCGA-BH-A1ET-01	-0.182163	-0.018863
TCGA-BH-A1EU-01	0.059233	0.165515
TCGA-BH-A1EV-01	-0.044021	-0.202803
TCGA-BH-A1EW-01	-0.071559	0.019620
TCGA-BH-A1EX-01	0.032317	-0.091451
TCGA-BH-A1EY-01	-0.062144	-0.067446
TCGA-BH-A1F0-01	0.430771	0.025969
TCGA-BH-A1F2-01	-0.079013	-0.150532
TCGA-BH-A1F5-01	-0.132626	-0.074803
TCGA-BH-A1F6-01	0.364684	-0.119811
TCGA-BH-A1F8-01	-0.129828	-0.219423
TCGA-BH-A1FB-01	0.091661	0.296670
TCGA-BH-A1FC-01	0.357121	-0.268573
TCGA-BH-A1FE-01	0.057107	0.078097
TCGA-BH-A1FG-01	-0.131464	0.063682
TCGA-BH-A1FH-01	0.037283	0.326861
TCGA-BH-A1FJ-01	-0.224052	-0.210785
TCGA-BH-A1FL-01	-0.179158	-0.061847
TCGA-BH-A1FM-01	-0.087428	-0.275030
TCGA-BH-A1FN-01	0.118622	-0.159027
TCGA-BH-A1FR-01	0.000836	-0.048047
TCGA-BH-A1FU-01	0.258406	0.083194
TCGA-BH-A201-01	0.089273	0.134607
TCGA-BH-A202-01	0.071761	-0.164761
TCGA-BH-A203-01	0.001939	0.020243
TCGA-BH-A204-01	-0.212828	-0.378863
TCGA-BH-A208-01	0.198574	0.074384
TCGA-BH-A209-01	0.207243	-0.087799
TCGA-BH-A28O-01	0.107936	0.415001
TCGA-BH-A28Q-01	-0.225464	0.141455
TCGA-BH-A2L8-01	-0.024755	0.276462
TCGA-BH-A42T-01	-0.200628	-0.064487
TCGA-BH-A42U-01	0.098730	0.359264
TCGA-BH-A42V-01	-0.077640	0.266711
TCGA-BH-A5IZ-01	0.354200	-0.067457
TCGA-BH-A5J0-01	-0.133973	0.083696
TCGA-BH-A6R8-01	-0.223294	-0.112224
TCGA-BH-A6R9-01	0.172423	0.159449
TCGA-BH-A8FY-01	-0.284481	-0.135966
TCGA-BH-A8FZ-01	-0.012920	0.340928
TCGA-BH-A8G0-01	-0.011271	0.399551
TCGA-BH-AB28-01	-0.154398	0.126374
TCGA-C8-A1HE-01	-0.163372	-0.076506
TCGA-C8-A1HF-01	0.101775	-0.195454
TCGA-C8-A1HG-01	0.087097	-0.237818
TCGA-C8-A1HI-01	-0.051286	0.016190
TCGA-C8-A1HJ-01	0.460886	-0.178446
TCGA-C8-A1HK-01	0.035225	-0.212318
TCGA-C8-A1HL-01	-0.135920	-0.259357
TCGA-C8-A1HM-01	-0.035265	-0.336175
TCGA-C8-A1HN-01	-0.113581	-0.360792
TCGA-C8-A1HO-01	-0.170702	-0.357036
TCGA-C8-A26V-01	-0.161142	-0.118986
TCGA-C8-A26W-01	-0.029127	0.093186
TCGA-C8-A26X-01	0.016154	0.015040
TCGA-C8-A26Y-01	0.136090	-0.091745
TCGA-C8-A26Z-01	-0.228632	-0.104416
TCGA-C8-A273-01	-0.197825	-0.033198
TCGA-C8-A274-01	-0.253224	-0.129435
TCGA-C8-A275-01	0.038702	-0.109097
TCGA-C8-A278-01	0.095230	-0.179284
TCGA-C8-A27A-01	-0.101975	-0.334786
TCGA-C8-A27B-01	0.436610	-0.178941
TCGA-C8-A3M7-01	-0.030261	0.246647
TCGA-C8-A3M8-01	-0.238396	-0.067870
TCGA-C8-A8HP-01	0.204868	0.087248
TCGA-C8-A8HQ-01	-0.162399	-0.021093
TCGA-C8-A8HR-01	0.092946	0.272294
TCGA-D8-A1J8-01	-0.122184	-0.187876
TCGA-D8-A1J9-01	-0.099125	-0.202782
TCGA-D8-A1JA-01	-0.032481	-0.265664
TCGA-D8-A1JB-01	0.067452	0.147444
TCGA-D8-A1JC-01	-0.011981	-0.194287
TCGA-D8-A1JD-01	-0.108946	-0.087069
TCGA-D8-A1JE-01	-0.082551	-0.069676
TCGA-D8-A1JF-01	0.032271	-0.168254
TCGA-D8-A1JG-01	0.120848	-0.199141
TCGA-D8-A1JH-01	0.004409	0.166203
TCGA-D8-A1JI-01	-0.242176	-0.237646
TCGA-D8-A1JJ-01	-0.075044	-0.138188
TCGA-D8-A1JK-01	0.173909	-0.179169
TCGA-D8-A1JL-01	0.419459	-0.055293
TCGA-D8-A1JN-01	-0.223078	-0.114563
TCGA-D8-A1JP-01	0.009037	-0.067640
TCGA-D8-A1JS-01	-0.132256	-0.187087
TCGA-D8-A1JT-01	-0.128195	-0.292279
TCGA-D8-A1JU-01	0.006552	0.239565
TCGA-D8-A1X5-01	-0.151435	-0.321525
TCGA-D8-A1X6-01	-0.109067	-0.286452
TCGA-D8-A1X7-01	-0.011241	-0.140260
TCGA-D8-A1X8-01	-0.206631	0.157534
TCGA-D8-A1X9-01	-0.268948	-0.129432
TCGA-D8-A1XA-01	-0.170348	-0.222623
TCGA-D8-A1XB-01	-0.174833	0.060477
TCGA-D8-A1XC-01	-0.143394	-0.146000
TCGA-D8-A1XD-01	-0.109376	-0.122257
TCGA-D8-A1XF-01	-0.166987	-0.333709
TCGA-D8-A1XG-01	0.014683	0.001171
TCGA-D8-A1XJ-01	-0.109367	-0.081306
TCGA-D8-A1XK-01	0.403270	-0.142170
TCGA-D8-A1XL-01	-0.026614	-0.002992
TCGA-D8-A1XM-01	-0.055556	0.188664
TCGA-D8-A1XO-01	-0.082389	0.035979
TCGA-D8-A1XQ-01	0.343195	-0.214339
TCGA-D8-A1XR-01	-0.075003	-0.126864
TCGA-D8-A1XS-01	-0.125026	-0.000588
TCGA-D8-A1XT-01	0.156613	-0.173145
TCGA-D8-A1XU-01	-0.196601	-0.024273
TCGA-D8-A1XV-01	-0.156269	-0.191805
TCGA-D8-A1XW-01	0.396390	-0.078283
TCGA-D8-A1XY-01	-0.028536	-0.058538
TCGA-D8-A1XZ-01	-0.010619	-0.277860
TCGA-D8-A1Y0-01	-0.083529	-0.065677
TCGA-D8-A1Y1-01	-0.121047	-0.224036
TCGA-D8-A1Y2-01	0.008140	0.139334
TCGA-D8-A1Y3-01	-0.044467	-0.320625
TCGA-D8-A27E-01	-0.008709	0.030416
TCGA-D8-A27F-01	0.393768	-0.023431
TCGA-D8-A27G-01	-0.215564	0.038673
TCGA-D8-A27H-01	0.260487	-0.005713
TCGA-D8-A27I-01	-0.068343	0.314304
TCGA-D8-A27K-01	-0.088125	0.201234
TCGA-D8-A27L-01	-0.099562	0.252904
TCGA-D8-A27M-01	0.355880	0.044545
TCGA-D8-A27N-01	-0.104313	0.020360
TCGA-D8-A27P-01	-0.060522	0.231900
TCGA-D8-A27R-01	-0.009190	-0.024876
TCGA-D8-A27T-01	-0.214118	0.090791
TCGA-D8-A27V-01	-0.131269	0.033181
TCGA-D8-A27W-01	-0.179317	-0.046645
TCGA-D8-A3Z5-01	-0.093254	0.205845
TCGA-D8-A3Z6-01	-0.213876	0.037356
TCGA-D8-A4Z1-01	-0.016428	0.368579
TCGA-D8-A73U-01	-0.014617	0.221202
TCGA-D8-A73W-01	-0.108258	0.057961
TCGA-D8-A73X-01	-0.218851	0.172428
TCGA-E2-A14N-01	0.449272	-0.047440
TCGA-E2-A14U-01	0.086697	0.313511
TCGA-E2-A15I-01	-0.062101	0.064188
TCGA-E2-A15J-01	-0.146798	-0.175243
TCGA-E2-A15K-01	-0.042831	-0.172843
TCGA-E2-A1AZ-01	0.392561	-0.028246
TCGA-E2-A1B0-01	0.197221	-0.078095
TCGA-E2-A1B1-01	0.123300	0.289118
TCGA-E2-A1B4-01	-0.165597	0.055757
TCGA-E2-A1B5-01	0.097007	0.047312
TCGA-E2-A1B6-01	0.448705	0.026945
TCGA-E2-A1BC-01	-0.084851	0.071605
TCGA-E2-A1BD-01	-0.189847	0.007925
TCGA-E2-A1IE-01	-0.215916	-0.169833
TCGA-E2-A1IF-01	0.121313	0.146601
TCGA-E2-A1IG-01	-0.161491	-0.145778
TCGA-E2-A1IH-01	-0.046912	0.064462
TCGA-E2-A1II-01	0.362312	-0.136395
TCGA-E2-A1IJ-01	-0.032337	0.161170
TCGA-E2-A1IK-01	0.067930	0.142198
TCGA-E2-A1IL-01	-0.095010	0.066242
TCGA-E2-A1IN-01	-0.122969	-0.027721
TCGA-E2-A1IO-01	0.005511	0.044915
TCGA-E2-A1IU-01	-0.137421	0.101949
TCGA-E2-A1L6-01	-0.041957	0.129093
TCGA-E2-A1L7-01	0.014434	-0.217889
TCGA-E2-A1L8-01	-0.067247	-0.072630
TCGA-E2-A1L9-01	0.009935	-0.078006
TCGA-E2-A1LA-01	-0.054614	-0.036726
TCGA-E2-A1LB-01	-0.006651	-0.131599
TCGA-E2-A1LE-01	-0.021184	0.029064
TCGA-E2-A1LG-01	0.304803	-0.115754
TCGA-E2-A1LH-01	0.411578	0.030533
TCGA-E2-A1LI-01	0.464441	-0.157520
TCGA-E2-A1LK-01	0.317884	-0.308577
TCGA-E2-A1LL-01	0.213173	-0.102801
TCGA-E2-A1LS-01	0.319533	-0.122646
TCGA-E2-A2P5-01	-0.188686	0.019673
TCGA-E2-A2P6-01	-0.262590	0.001007
TCGA-E2-A3DX-01	0.017120	0.378916
TCGA-E2-A56Z-01	-0.257015	-0.095034
TCGA-E2-A570-01	-0.125202	0.127966
TCGA-E2-A572-01	-0.189479	0.083772
TCGA-E2-A573-01	0.471548	-0.059059
TCGA-E2-A574-01	0.355203	-0.167248
TCGA-E2-A576-01	-0.270962	-0.061492
TCGA-E2-A9RU-01	-0.150403	-0.152194
TCGA-E9-A1N3-01	-0.064884	-0.101241
TCGA-E9-A1N4-01	-0.084126	0.142056
TCGA-E9-A1N5-01	-0.158796	0.030910
TCGA-E9-A1N6-01	0.032847	-0.189362
TCGA-E9-A1N8-01	0.386312	-0.123966
TCGA-E9-A1N9-01	0.093514	-0.103636
TCGA-E9-A1NA-01	-0.120265	-0.212123
TCGA-E9-A1ND-01	0.350183	-0.117999
TCGA-E9-A1NE-01	0.130039	0.055272
TCGA-E9-A1NF-01	-0.071952	-0.104403
TCGA-E9-A1NG-01	0.062825	-0.019095
TCGA-E9-A1NH-01	-0.054517	-0.041711
TCGA-E9-A1NI-01	-0.163609	-0.264579
TCGA-E9-A1QZ-01	0.075659	0.170485
TCGA-E9-A1R0-01	-0.164618	0.153504
TCGA-E9-A1R2-01	-0.040252	-0.064307
TCGA-E9-A1R3-01	-0.035363	0.128746
TCGA-E9-A1R4-01	-0.002848	-0.142752
TCGA-E9-A1R5-01	-0.145439	-0.153206
TCGA-E9-A1R6-01	-0.261262	-0.270121
TCGA-E9-A1R7-01	-0.133640	-0.163749
TCGA-E9-A1RA-01	0.067734	-0.014304
TCGA-E9-A1RB-01	0.007195	0.013705
TCGA-E9-A1RC-01	-0.128858	-0.235028
TCGA-E9-A1RD-01	-0.219444	0.101902
TCGA-E9-A1RE-01	-0.174522	-0.307608
TCGA-E9-A1RF-01	-0.053658	-0.223943
TCGA-E9-A1RG-01	0.018793	-0.208280
TCGA-E9-A1RH-01	0.138736	-0.198613
TCGA-E9-A1RI-01	-0.080434	0.049433
TCGA-E9-A226-01	-0.109332	0.054940
TCGA-E9-A227-01	0.009931	0.081298
TCGA-E9-A228-01	-0.135621	-0.299490
TCGA-E9-A229-01	-0.047619	-0.014163
TCGA-E9-A22A-01	-0.047217	0.082524
TCGA-E9-A22B-01	-0.106267	-0.114295
TCGA-E9-A22D-01	-0.062220	-0.191483
TCGA-E9-A22E-01	0.039378	-0.081727
TCGA-E9-A22G-01	0.424166	-0.228319
TCGA-E9-A22H-01	-0.123639	-0.189307
TCGA-E9-A243-01	0.395718	-0.019083
TCGA-E9-A244-01	0.391474	-0.104918
TCGA-E9-A245-01	-0.096224	0.079437
TCGA-E9-A247-01	-0.144714	-0.189548
TCGA-E9-A248-01	0.301281	-0.055519
TCGA-E9-A249-01	-0.062584	-0.088474
TCGA-E9-A24A-01	0.039753	-0.071592
TCGA-E9-A295-01	-0.207368	0.065780
TCGA-E9-A2JS-01	-0.177667	-0.155433
TCGA-E9-A2JT-01	0.099550	0.266129
TCGA-E9-A3Q9-01	-0.112942	-0.027401
TCGA-E9-A3QA-01	0.456212	0.017544
TCGA-E9-A3X8-01	-0.024295	0.332099
TCGA-E9-A54X-01	-0.022933	-0.040722
TCGA-E9-A54Y-01	-0.213542	-0.267392
TCGA-E9-A5FK-01	-0.095683	0.212713
TCGA-E9-A5FL-01	0.316574	0.038367
TCGA-E9-A5UO-01	-0.259721	-0.288274
TCGA-E9-A5UP-01	-0.134684	-0.128950
TCGA-E9-A6HE-01	-0.186796	0.068790
TCGA-EW-A1IW-01	-0.099419	0.071365
TCGA-EW-A1IX-01	-0.038265	0.104923
TCGA-EW-A1IY-01	0.023602	0.037069
TCGA-EW-A1IZ-01	0.012019	-0.035657
TCGA-EW-A1J1-01	-0.138087	-0.146444
TCGA-EW-A1J2-01	-0.051746	0.112695
TCGA-EW-A1J3-01	-0.108884	-0.013691
TCGA-EW-A1J5-01	-0.172635	-0.117709
TCGA-EW-A1J6-01	-0.008949	-0.159239
TCGA-EW-A1OV-01	0.070654	-0.163374
TCGA-EW-A1OW-01	0.372806	-0.017674
TCGA-EW-A1OX-01	-0.256567	-0.289721
TCGA-EW-A1OY-01	-0.039554	-0.196770
TCGA-EW-A1OZ-01	-0.138470	-0.241753
TCGA-EW-A1P0-01	-0.052431	-0.226531
TCGA-EW-A1P1-01	0.215840	0.227399
TCGA-EW-A1P3-01	-0.150687	0.045828
TCGA-EW-A1P4-01	0.437689	-0.126461
TCGA-EW-A1P5-01	-0.102716	-0.126518
TCGA-EW-A1P6-01	-0.053788	-0.112378
TCGA-EW-A1P7-01	0.418309	0.100786
TCGA-EW-A1P8-01	0.444146	-0.127819
TCGA-EW-A1PA-01	-0.130855	0.038062
TCGA-EW-A1PB-01	0.362147	-0.134155
TCGA-EW-A1PC-01	-0.029354	-0.320773
TCGA-EW-A1PD-01	-0.068643	0.021806
TCGA-EW-A1PE-01	-0.056043	0.004634
TCGA-EW-A1PF-01	-0.034997	0.112208
TCGA-EW-A1PG-01	0.112014	0.199954
TCGA-EW-A1PH-01	0.341803	-0.084187
TCGA-EW-A2FR-01	0.130376	0.048962
TCGA-EW-A2FS-01	-0.064241	-0.018556
TCGA-EW-A2FV-01	0.001077	-0.005799
TCGA-EW-A2FW-01	-0.084590	-0.115485
TCGA-EW-A3E8-01	-0.198798	0.150924
TCGA-EW-A3U0-01	0.428648	0.037733
TCGA-EW-A423-01	-0.216110	-0.166880
TCGA-EW-A424-01	-0.242320	0.149163
TCGA-EW-A6S9-01	-0.118422	0.043424
TCGA-EW-A6SA-01	-0.272884	-0.278134
TCGA-EW-A6SB-01	0.358953	-0.083397
TCGA-EW-A6SC-01	-0.144597	0.088545
TCGA-EW-A6SD-01	0.107979	0.018299
TCGA-GI-A2C8-01	-0.199999	0.052719
TCGA-GI-A2C9-01	0.351114	-0.073337
TCGA-GM-A2D9-01	-0.266617	0.083018
TCGA-GM-A2DA-01	-0.134318	0.181551
TCGA-GM-A2DB-01	0.171117	0.034321
TCGA-GM-A2DC-01	-0.235895	-0.064987
TCGA-GM-A2DD-01	0.034600	0.101219
TCGA-GM-A2DF-01	0.339030	0.005943
TCGA-GM-A2DH-01	0.103709	-0.042660
TCGA-GM-A2DI-01	0.078815	0.276946
TCGA-GM-A2DK-01	-0.062616	0.210729
TCGA-GM-A2DL-01	-0.166553	0.120029
TCGA-GM-A2DM-01	-0.029525	0.043349
TCGA-GM-A2DN-01	0.008953	0.194282
TCGA-GM-A2DO-01	0.047011	0.052128
TCGA-GM-A3NW-01	-0.233737	0.090515
TCGA-GM-A3NY-01	-0.161811	0.040176
TCGA-GM-A3XG-01	0.099987	0.352422
TCGA-GM-A3XL-01	0.413351	-0.120712
TCGA-GM-A3XN-01	0.019972	0.248060
TCGA-GM-A4E0-01	0.011390	0.213036
TCGA-GM-A5PV-01	-0.125558	0.239880
TCGA-GM-A5PX-01	-0.166839	0.249389
TCGA-HN-A2NL-01	0.294074	-0.107749
TCGA-HN-A2OB-01	-0.112266	0.317111
TCGA-JL-A3YW-01	0.066311	0.029811
TCGA-JL-A3YX-01	-0.155884	0.080757
TCGA-LD-A66U-01	-0.172788	0.267629
TCGA-LD-A74U-01	-0.085574	0.261608
TCGA-LD-A7W5-01	-0.099309	0.102391
TCGA-LD-A7W6-01	-0.207852	0.189296
TCGA-LD-A9QF-01	0.201386	0.247483
TCGA-LL-A440-01	0.081695	0.357675
TCGA-LL-A441-01	0.361170	0.125074
TCGA-LL-A442-01	-0.103335	-0.131751
TCGA-LL-A50Y-01	-0.223336	-0.002699
TCGA-LL-A5YL-01	-0.109275	0.102874
TCGA-LL-A5YM-01	-0.219443	-0.137763
TCGA-LL-A5YN-01	0.009715	0.006980
TCGA-LL-A5YO-01	0.309618	0.068096
TCGA-LL-A5YP-01	0.421435	0.005514
TCGA-LL-A6FP-01	-0.291203	-0.140592
TCGA-LL-A6FQ-01	-0.298456	-0.100210
TCGA-LL-A6FR-01	0.342350	-0.014075
TCGA-LL-A73Y-01	0.373774	0.115573
TCGA-LL-A73Z-01	0.129456	0.220558
TCGA-LL-A740-01	-0.048697	0.003798
TCGA-LL-A7SZ-01	-0.026570	-0.000500
TCGA-LL-A7T0-01	-0.160737	-0.106280
TCGA-LL-A8F5-01	0.280798	-0.058778
TCGA-LL-A9Q3-01	-0.221995	-0.044634
TCGA-LQ-A4E4-01	-0.244490	-0.060302
TCGA-MS-A51U-01	-0.020744	0.237715
TCGA-OK-A5Q2-01	-0.036925	0.202159
TCGA-OL-A5D6-01	0.044037	0.033166
TCGA-OL-A5D7-01	0.320239	-0.211593
TCGA-OL-A5D8-01	-0.250752	-0.202276
TCGA-OL-A5DA-01	-0.175660	0.172065
TCGA-OL-A5RU-01	-0.045401	0.237706
TCGA-OL-A5RV-01	-0.051499	0.306471
TCGA-OL-A5RW-01	0.402451	-0.095102
TCGA-OL-A5RX-01	-0.002437	0.251449
TCGA-OL-A5RY-01	0.223692	0.250231
TCGA-OL-A5RZ-01	-0.058238	-0.200679
TCGA-OL-A5S0-01	0.430593	0.069718
TCGA-OL-A66H-01	-0.103944	0.012575
TCGA-OL-A66I-01	0.309155	0.005076
TCGA-OL-A66J-01	-0.129458	0.013836
TCGA-OL-A66K-01	-0.242128	0.079994
TCGA-OL-A66L-01	-0.178816	0.160599
TCGA-OL-A66N-01	-0.158474	0.193893
TCGA-OL-A66O-01	-0.281591	-0.116454
TCGA-OL-A66P-01	0.134990	0.024799
TCGA-OL-A6VO-01	0.383389	-0.142089
TCGA-OL-A6VQ-01	-0.130145	0.300024
TCGA-OL-A6VR-01	-0.122021	0.203207
TCGA-OL-A97C-01	0.163901	0.111216
TCGA-PE-A5DC-01	-0.149791	-0.044660
TCGA-PE-A5DD-01	-0.295734	-0.034446
TCGA-PE-A5DE-01	-0.100545	0.097865
TCGA-PL-A8LV-01	0.361791	-0.012192
TCGA-PL-A8LX-01	-0.119529	-0.070587
TCGA-PL-A8LY-01	0.228125	0.324000
TCGA-PL-A8LZ-01	0.364300	0.082563
TCGA-S3-A6ZF-01	-0.140066	-0.071182
TCGA-S3-A6ZG-01	-0.288329	0.039061
TCGA-S3-A6ZH-01	-0.186236	-0.028612
TCGA-S3-AA0Z-01	0.345215	-0.064525
TCGA-S3-AA10-01	0.402390	-0.079795
TCGA-S3-AA11-01	-0.243074	-0.004378
TCGA-S3-AA12-01	-0.237386	-0.247937
TCGA-S3-AA14-01	-0.118446	0.183838
TCGA-S3-AA15-01	0.339100	0.175180
TCGA-S3-AA17-01	-0.123866	-0.075739
TCGA-UL-AAZ6-01	-0.167578	-0.274987
TCGA-UU-A93S-01	0.015418	-0.109021
TCGA-V7-A7HQ-01	-0.113937	0.074871
TCGA-W8-A86G-01	-0.063111	0.280143
TCGA-WT-AB41-01	0.009674	0.027091
TCGA-WT-AB44-01	-0.105912	0.093885
TCGA-XX-A899-01	-0.046719	0.271432
TCGA-XX-A89A-01	0.035661	0.203110
TCGA-Z7-A8R5-01	0.051199	0.276094
TCGA-Z7-A8R6-01	-0.108318	-0.074878
