sample_id	Factor1	Factor2	Factor3	Factor4	Factor5
TCGA-3C-AAAU-01	1.368342	1.204382	-2.210328	-0.271778	-0.821739
TCGA-3C-AALI-01	0.363089	0.720380	0.152137	-0.891405	-1.458768
TCGA-3C-AALJ-01	1.523661	1.742363	-0.041929	0.195417	-0.040147
TCGA-3C-AALK-01	0.234531	-0.937577	1.532329	-0.291198	-0.151645
TCGA-4H-AAAK-01	-0.083898	-1.061543	0.165097	0.684260	0.464918
TCGA-5L-AAT0-01	0.010836	-1.134634	-0.095001	0.488426	-0.228293
TCGA-5T-A9QA-01	1.667873	1.472448	0.798488	0.423756	2.466383
TCGA-A1-A0SB-01	-1.873937	0.135094	-0.921652	0.387985	0.124055
TCGA-A1-A0SF-01	0.193552	-1.205660	0.298707	0.289195	-0.978117
TCGA-A1-A0SG-01	0.455779	-0.618452	-0.553540	0.263003	-1.019551
TCGA-A1-A0SI-01	-0.045337	-0.338857	0.098190	-1.838932	-1.024961
TCGA-A1-A0SN-01	0.561920	0.038141	1.263414	0.065220	0.319455
TCGA-A1-A0SQ-01	0.777873	-0.283493	-0.783014	0.472940	-1.424157
TCGA-A2-A0CK-01	0.126061	-0.756252	-0.074770	1.124487	0.569736
TCGA-A2-A0CO-01	0.191116	-1.437239	1.046399	0.218168	-0.779725
TCGA-A2-A0CR-01	-0.311291	-1.639905	0.875818	0.104081	0.578542
TCGA-A2-A0EP-01	-0.170361	-0.576791	-1.187804	-1.667815	1.716884
TCGA-A2-A1FV-01	1.132456	0.235790	1.449262	1.322061	-1.471837
TCGA-A2-A1FW-01	0.955912	0.677492	0.657754	1.831558	-0.737013
TCGA-A2-A1FX-01	0.958561	0.821162	0.363074	1.863250	-0.788294
TCGA-A2-A1FZ-01	0.210927	-0.620192	0.029413	0.322297	0.672165
TCGA-A2-A1G0-01	-0.095738	-1.045432	-1.581294	0.798453	-0.583300
TCGA-A2-A1G1-01	-1.720418	1.380091	1.028367	0.696531	-0.551235
TCGA-A2-A1G4-01	1.060245	0.273820	0.108303	0.359522	1.895493
TCGA-A2-A1G6-01	-1.024213	-1.774580	-1.064376	0.446404	0.928102
TCGA-A2-A259-01	-0.169316	-1.243618	-0.834185	0.913661	0.665782
TCGA-A2-A25A-01	-0.131581	-1.428796	1.006974	0.306957	-0.458201
TCGA-A2-A25B-01	1.592133	1.650972	-0.436368	0.037521	-1.313820
TCGA-A2-A25C-01	0.376167	-0.243715	-0.531784	-0.207513	0.044524
TCGA-A2-A25D-01	0.226658	0.003173	0.633047	0.899739	0.904160
TCGA-A2-A25E-01	0.766964	0.174938	-0.575028	1.050529	-1.404498
TCGA-A2-A25F-01	-1.222148	1.635363	-1.060072	-0.138490	1.671699
TCGA-A2-A3KC-01	0.227713	-0.883373	1.069059	0.695891	0.885701
TCGA-A2-A3KD-01	-0.095800	-1.443214	-1.273324	-0.040856	0.639001
TCGA-A2-A3XS-01	-2.018122	1.129993	0.703909	0.163032	-0.243091
TCGA-A2-A3XT-01	-1.602724	1.329649	-0.483852	-0.068083	-0.353440
TCGA-A2-A3XU-01	-2.055026	0.930592	-0.254295	0.445340	0.054766
TCGA-A2-A3XV-01	0.458049	1.257833	1.692289	-3.490360	0.657518
TCGA-A2-A3XW-01	-0.906268	-0.799952	0.196426	0.788097	0.152921
TCGA-A2-A3XX-01	-2.036534	0.761488	-0.234980	0.232107	0.157805
TCGA-A2-A3XY-01	-1.816612	0.565650	0.557402	0.424945	0.158979
TCGA-A2-A3XZ-01	-0.642181	-0.504793	0.086123	-0.735187	0.533683
TCGA-A2-A3Y0-01	-2.199293	0.868956	0.431504	-0.459761	-1.040773
TCGA-A2-A4RW-01	0.305569	-0.190453	0.803143	0.683927	1.233972
TCGA-A2-A4RX-01	-2.061945	-0.442301	0.032202	0.717913	0.205592
TCGA-A2-A4RY-01	-0.512701	-1.582023	0.681772	-0.043533	0.323637
TCGA-A2-A4S0-01	0.879903	-0.016337	-3.252063	0.538052	1.246534
TCGA-A2-A4S1-01	-0.173254	3.072899	-0.801649	-0.903133	-0.697639
TCGA-A2-A4S2-01	0.268142	-0.918210	0.420928	0.448241	0.498640
TCGA-A2-A4S3-01	0.082955	0.432123	-1.215334	-0.536448	-0.845643
TCGA-A7-A13D-01	-2.117336	1.340900	0.400027	0.989044	-0.617112
TCGA-A7-A13E-01	-1.896968	1.560575	1.404894	1.344750	0.076870
TCGA-A7-A13F-01	1.016322	0.228968	1.151413	0.719565	-0.727338
TCGA-A7-A13G-01	0.289134	-0.751623	-1.348874	0.400412	1.391548
TCGA-A7-A13H-01	-0.152413	-1.386138	0.267730	0.513774	0.056137
TCGA-A7-A26E-01	0.466861	-0.621357	0.760970	0.180952	0.870282
TCGA-A7-A26F-01	-1.342138	0.568279	2.273721	-1.126989	-0.856526
TCGA-A7-A26G-01	-1.525614	0.219349	-1.101839	-0.326984	0.299197
TCGA-A7-A26H-01	0.731451	-0.348098	0.680547	0.082243	-0.645644
TCGA-A7-A26I-01	-1.967678	1.072145	-0.737423	0.605747	-0.578866
TCGA-A7-A26J-01	0.709093	-0.291109	0.592672	0.844008	-1.659417
TCGA-A7-A2KD-01	0.266478	-0.513292	-0.615811	-0.423185	-1.091042
TCGA-A7-A3IY-01	-0.815128	-1.363632	-1.319877	0.741229	0.265349
TCGA-A7-A3IZ-01	1.928637	0.391077	-0.080041	0.483435	0.891432
TCGA-A7-A3J0-01	0.050577	-0.875978	-2.715077	0.595863	-0.285081
TCGA-A7-A3J1-01	0.154269	-0.985924	-0.275996	-0.924937	0.161819
TCGA-A7-A3RF-01	1.426864	0.852230	-2.481742	-0.161920	-0.718947
TCGA-A7-A425-01	-0.126782	-1.418911	0.454998	-0.553109	-0.938329
TCGA-A7-A426-01	0.138143	-1.605988	0.807960	0.531400	-1.016694
TCGA-A7-A4SA-01	-0.208300	-0.449651	-1.104283	0.253133	-0.631728
TCGA-A7-A4SB-01	0.469915	-0.562986	-0.327344	0.931592	-1.672410
TCGA-A7-A4SC-01	0.129762	-1.032323	1.109707	-0.842436	0.601243
TCGA-A7-A4SD-01	-2.052706	0.865324	-0.213818	0.412127	-2.063369
TCGA-A7-A4SE-01	-2.094003	0.172941	0.190560	1.069482	-1.043707
TCGA-A7-A4SF-01	1.204649	1.277712	0.755057	-0.016635	-1.665174
TCGA-A7-A56D-01	0.693727	0.294821	0.625022	-0.302079	0.125741
TCGA-A7-A5ZV-01	-1.607299	1.676150	2.437928	1.381022	0.186154
TCGA-A7-A5ZW-01	-0.328650	-1.201848	0.052723	0.394008	1.055657
TCGA-A7-A5ZX-01	-0.146464	-1.606531	0.696281	0.522955	0.493915
TCGA-A7-A6VV-01	-2.077779	0.537673	0.317870	0.545941	-0.111597
TCGA-A7-A6VW-01	-1.889484	0.291012	1.396156	0.040483	0.021926
TCGA-A7-A6VX-01	0.787311	0.400515	0.114218	0.099146	-0.154105
TCGA-A7-A6VY-01	-1.933914	0.723019	1.409618	0.647204	-0.021543
TCGA-AC-A23C-01	0.407719	-0.325545	0.863318	-0.692296	-0.620303
TCGA-AC-A23E-01	0.504063	-0.705334	0.165820	0.053835	-0.655023
TCGA-AC-A23G-01	-0.404357	-1.053308	0.846725	0.957585	0.150724
TCGA-AC-A23H-01	0.855657	1.292707	1.381696	-2.273334	-0.664409
TCGA-AC-A2B8-01	0.632120	-0.591442	0.225136	-0.371427	-0.698469
TCGA-AC-A2BK-01	-1.014533	2.250214	-1.357618	-0.229776	0.128743
TCGA-AC-A2BM-01	1.114518	0.895464	-0.502663	1.292930	-0.332039
TCGA-AC-A2FB-01	-0.317276	-1.246681	-0.164516	0.010340	0.788151
TCGA-AC-A2FE-01	0.363028	-0.555566	0.995151	-0.235562	1.793060
TCGA-AC-A2FF-01	-0.580339	-1.294562	-0.441656	-0.152052	0.898324
TCGA-AC-A2FG-01	-0.422955	-1.938029	0.079307	-0.326213	-1.509322
TCGA-AC-A2FK-01	-1.231459	-1.943854	-0.653263	-0.494308	0.681366
TCGA-AC-A2FM-01	1.045096	0.048175	1.574856	1.672722	1.924562
TCGA-AC-A2FO-01	0.375434	-0.710004	0.566661	0.746291	-0.414053
TCGA-AC-A2QH-01	-0.213021	3.285287	-1.335284	0.279736	0.402845
TCGA-AC-A2QI-01	0.222613	-0.551880	-0.054760	-0.210662	-1.438484
TCGA-AC-A2QJ-01	-1.874494	0.685703	0.271959	0.394279	-1.029241
TCGA-AC-A3BB-01	0.318314	-1.044749	0.309449	-0.466986	0.864114
TCGA-AC-A3EH-01	0.636840	-0.066079	1.535432	-0.059624	0.446126
TCGA-AC-A3HN-01	-0.330360	-1.437594	-0.709590	-0.250339	0.774503
TCGA-AC-A3OD-01	0.092014	-1.243841	0.954004	0.104624	1.380166
TCGA-AC-A3QP-01	-0.312232	-1.454072	-0.098505	0.002545	0.389802
TCGA-AC-A3QQ-01	0.739215	-0.782901	1.092193	0.176022	-1.467655
TCGA-AC-A3TM-01	0.121859	-1.360799	1.069869	0.284996	0.267040
TCGA-AC-A3TN-01	1.061443	-0.822634	1.082662	0.088471	0.333560
TCGA-AC-A3W5-01	0.227354	0.360502	0.855932	-3.113641	-0.557121
TCGA-AC-A3W6-01	0.770986	0.137477	-0.676218	-1.272902	1.922562
TCGA-AC-A3W7-01	-0.090718	-1.749490	1.043751	-0.576145	1.077664
TCGA-AC-A3YI-01	-0.586388	-1.301785	0.699211	0.584596	0.822750
TCGA-AC-A3YJ-01	1.145252	-0.149798	-1.515552	-0.548468	-0.141543
TCGA-AC-A4ZE-01	1.228534	0.248728	1.092804	-0.162835	0.316324
TCGA-AC-A5EH-01	-0.053283	0.696014	0.900933	-2.201370	-2.016371
TCGA-AC-A5XS-01	0.399345	-0.432297	0.525681	-0.481416	-0.853518
TCGA-AC-A5XU-01	1.092034	0.669399	1.225608	1.514018	-0.244414
TCGA-AC-A62V-01	1.676481	2.080516	0.674333	0.676277	-0.790839
TCGA-AC-A62X-01	-1.818955	0.870832	0.933210	-0.072701	0.735396
TCGA-AC-A62Y-01	0.838161	-0.011486	-2.473823	-1.284507	1.488334
TCGA-AC-A6IV-01	0.171975	-0.233396	-0.057514	1.042152	0.003866
TCGA-AC-A6IW-01	-1.748718	0.699880	-0.101363	0.354531	0.281920
TCGA-AC-A6IX-01	0.436078	-0.094497	1.109319	0.293189	1.621322
TCGA-AC-A6NO-01	0.009318	-0.865614	-0.402699	-0.254008	-1.164240
TCGA-AC-A7VB-01	1.501500	1.723487	1.638590	0.882681	-0.568240
TCGA-AC-A7VC-01	-0.716330	1.731763	-1.375458	0.554802	-0.055690
TCGA-AC-A8OP-01	0.598551	0.050610	1.199194	0.695063	-1.699905
TCGA-AC-A8OQ-01	-1.916017	0.511111	-0.321969	0.757948	-0.746901
TCGA-AC-A8OR-01	-0.179425	-0.189891	-1.902316	0.871050	0.737441
TCGA-AC-A8OS-01	0.244589	-1.365026	0.904562	-0.807958	-0.428033
TCGA-AO-A12B-01	1.344675	0.744627	-2.775600	-0.592222	-0.133587
TCGA-AO-A1KO-01	-1.267574	-1.309312	-1.101746	-0.277137	0.656957
TCGA-AO-A1KP-01	1.218116	0.375870	0.784917	0.781589	0.145809
TCGA-AO-A1KQ-01	1.225880	1.095340	-1.657130	-0.352754	-1.037596
TCGA-AO-A1KR-01	-1.428400	0.600272	0.988200	-0.385785	-0.135966
TCGA-AO-A1KS-01	0.624662	-0.131838	0.463943	-0.046022	0.654625
TCGA-AO-A1KT-01	0.644044	0.197859	0.091993	0.721724	-1.224254
TCGA-AQ-A0Y5-01	0.387445	0.688234	0.520881	-0.727385	1.060125
TCGA-AQ-A1H2-01	1.608382	1.064566	-0.743508	0.038083	-1.278340
TCGA-AQ-A1H3-01	0.203328	-0.597637	0.129726	-0.390993	1.349361
TCGA-AQ-A54N-01	-2.021369	1.319103	-0.611075	0.344113	0.519192
TCGA-AQ-A54O-01	0.682018	0.030691	-2.118900	0.673846	0.140372
TCGA-AQ-A7U7-01	0.312397	-0.447528	0.190766	0.499883	0.633923
TCGA-AR-A1AI-01	-1.995851	1.639966	-0.832101	-0.077210	-0.291097
TCGA-AR-A1AJ-01	-1.796443	1.107826	-0.389289	-0.598841	1.030908
TCGA-AR-A1AK-01	-0.135232	-1.081596	0.226807	0.531563	0.806511
TCGA-AR-A1AL-01	-0.287638	-1.618449	-0.318536	-0.039314	-0.450795
TCGA-AR-A1AM-01	-0.056368	-1.271762	-0.311067	0.215722	-1.204666
TCGA-AR-A1AN-01	0.731226	0.399779	-2.177714	-1.572579	1.591632
TCGA-AR-A1AO-01	-1.386459	-0.793148	-0.482662	-1.233809	0.190422
TCGA-AR-A1AP-01	0.149047	-0.191231	0.806765	-0.061698	0.859337
TCGA-AR-A1AQ-01	-1.941690	1.137900	0.457281	-0.203956	0.728931
TCGA-AR-A1AR-01	-1.384629	1.572490	-0.612633	-0.200211	1.541396
TCGA-AR-A1AS-01	0.440125	-0.009920	0.472907	-1.482154	-1.961092
TCGA-AR-A1AT-01	0.356376	0.623102	0.578719	-2.326548	0.936687
TCGA-AR-A1AU-01	-0.270793	-0.854000	-0.462268	1.337260	0.359560
TCGA-AR-A1AV-01	2.000947	0.909464	0.122197	-0.463575	1.240903
TCGA-AR-A1AW-01	0.319759	0.288331	0.473177	-0.492679	2.064412
TCGA-AR-A1AX-01	-0.610580	-0.720056	-0.702137	-0.680684	1.333335
TCGA-AR-A1AY-01	-2.135101	0.727848	0.640451	0.171170	0.730167
TCGA-AR-A24H-01	1.121575	1.034829	0.447170	-0.448171	-0.488994
TCGA-AR-A24K-01	0.951835	0.440628	0.054174	0.226236	1.631927
TCGA-AR-A24L-01	0.482456	-0.133346	-1.133201	1.532469	-1.477299
TCGA-AR-A24M-01	0.270485	-1.553255	-0.318360	-0.122305	-0.916723
TCGA-AR-A24N-01	0.849526	0.924646	0.518915	-0.158835	1.205626
TCGA-AR-A24O-01	-0.047848	-1.523871	-0.529428	-0.634785	-1.163022
TCGA-AR-A24P-01	-0.136555	-0.566507	0.294718	-0.091792	0.671665
TCGA-AR-A24Q-01	-1.624115	0.539088	-0.896694	0.979953	-0.065080
TCGA-AR-A24R-01	0.942228	0.441140	0.378999	0.866568	-0.785833
TCGA-AR-A24S-01	0.225564	0.183118	-0.963780	-0.587144	-1.310294
TCGA-AR-A24T-01	0.568446	-0.389186	0.843076	1.241368	1.258066
TCGA-AR-A24U-01	-0.102688	1.083434	-0.226351	-2.578027	-0.269562
TCGA-AR-A24V-01	0.684268	0.611707	0.095953	0.828397	-1.390435
TCGA-AR-A24W-01	-0.650280	-1.725711	-1.031005	0.015397	-0.108395
TCGA-AR-A24X-01	0.431001	-0.262246	0.784835	0.030677	1.261573
TCGA-AR-A24Z-01	1.595427	0.549235	-0.958943	-1.742391	-1.329074
TCGA-AR-A250-01	0.768383	0.505081	1.499228	0.711487	-0.155177
TCGA-AR-A251-01	-1.811411	1.093556	-0.604827	0.238336	-0.830082
TCGA-AR-A252-01	0.124230	-0.394556	-1.189933	0.211856	0.526904
TCGA-AR-A254-01	-0.083630	-0.056932	0.330377	-0.843120	1.453844
TCGA-AR-A255-01	0.537000	-0.361527	1.027912	-0.030492	-1.152145
TCGA-AR-A256-01	-1.982284	1.428737	0.252394	0.351881	-1.384075
TCGA-AR-A2LE-01	0.658668	0.479930	-0.623781	0.331475	-0.399342
TCGA-AR-A2LH-01	-1.032422	-1.362636	0.481905	-0.769448	0.707681
TCGA-AR-A2LJ-01	-0.330326	-1.203358	-0.197415	0.667213	1.261669
TCGA-AR-A2LK-01	1.035750	0.320707	0.440168	0.887481	1.208662
TCGA-AR-A2LM-01	-0.104789	-1.282247	-0.272188	0.299399	0.777988
TCGA-AR-A2LN-01	-0.021371	-1.477551	0.105751	-0.372690	0.009623
TCGA-AR-A2LO-01	-0.333025	-0.885641	0.346944	1.630108	0.465344
TCGA-AR-A2LQ-01	-0.822628	-1.155744	0.456350	-0.743665	0.733560
TCGA-AR-A5QM-01	0.585380	-0.836487	1.107074	0.123744	-0.142483
TCGA-AR-A5QN-01	0.507418	-0.586405	1.469452	0.704192	1.307105
TCGA-AR-A5QP-01	-0.396560	-0.943567	0.774628	0.626426	1.149102
TCGA-AR-A5QQ-01	-1.662818	-0.087750	1.794790	0.569167	-0.738689
TCGA-B6-A0I1-01	-2.140501	1.286758	0.396664	0.033005	-0.779159
TCGA-B6-A1KC-01	1.617933	1.878005	-0.421733	0.939773	0.332261
TCGA-B6-A1KF-01	-1.779640	1.544834	0.906255	0.001175	-0.166615
TCGA-B6-A1KI-01	0.555472	-0.922237	-1.564616	-1.588043	-0.811188
TCGA-B6-A1KN-01	0.263698	0.052399	1.808883	0.468029	-0.614101
TCGA-B6-A2IU-01	0.404006	-0.769633	-0.362709	0.577155	-1.200547
TCGA-B6-A3ZX-01	-2.088657	0.471368	-0.331230	0.354945	0.437310
TCGA-B6-A400-01	-2.220055	0.893075	-0.137147	1.351587	-0.863200
TCGA-B6-A401-01	-0.409455	-1.152363	0.722952	-1.226300	-0.356633
TCGA-B6-A402-01	-2.362142	0.875519	-0.323748	1.157496	-0.213975
TCGA-B6-A408-01	0.748909	0.182229	0.037193	1.090026	-0.757856
TCGA-B6-A409-01	-1.999827	0.237830	-0.248629	0.321272	-0.463181
TCGA-B6-A40B-01	0.771700	-0.525766	1.251936	0.374497	-0.103204
TCGA-B6-A40C-01	0.571161	0.032013	1.193986	0.347042	0.729849
TCGA-BH-A0AU-01	0.584782	0.320933	-0.967305	0.659497	-0.534883
TCGA-BH-A0AZ-01	0.078531	-1.093529	-0.449452	0.616143	-0.660886
TCGA-BH-A0B5-01	0.438992	-0.420261	0.967053	0.051874	-1.307924
TCGA-BH-A0BF-01	0.172134	0.290460	0.791947	-0.603396	-0.279788
TCGA-BH-A0BS-01	0.299227	-0.717989	-1.088886	-0.360348	-0.965789
TCGA-BH-A0BT-01	0.194014	-0.506651	0.698923	-0.386613	-2.161631
TCGA-BH-A0BZ-01	0.347230	0.731593	1.189347	0.499523	-1.056028
TCGA-BH-A0C3-01	0.181647	0.614403	-0.717909	-0.720781	-0.396738
TCGA-BH-A0DD-01	1.489345	1.371838	0.156708	0.163940	-0.416921
TCGA-BH-A0DG-01	0.068474	-0.903102	0.249036	0.274664	0.574858
TCGA-BH-A0DI-01	-0.133683	-0.489824	1.488276	0.221100	1.119562
TCGA-BH-A0DV-01	-0.208691	-1.351660	0.024896	-0.753691	0.437496
TCGA-BH-A0E2-01	0.472920	-0.125320	1.255348	2.056291	0.728441
TCGA-BH-A0H3-01	-0.141918	-0.732226	0.057653	0.561402	1.137335
TCGA-BH-A0HA-01	0.556766	-0.568161	-0.025629	1.198744	0.524141
TCGA-BH-A0HN-01	1.477313	0.014705	-0.081350	-1.183300	-0.261887
TCGA-BH-A1EN-01	1.151970	1.307312	0.899015	-1.845931	1.212384
TCGA-BH-A1EO-01	0.915516	0.606519	0.686921	0.380940	1.087182
TCGA-BH-A1ES-01	0.327764	-0.207419	0.554542	1.508392	0.933298
TCGA-BH-A1ET-01	0.920743	-0.845786	-0.314544	-0.243454	-1.227310
TCGA-BH-A1EU-01	0.003120	-1.248256	-1.198414	-0.201383	0.632792
TCGA-BH-A1EV-01	0.465341	0.026331	0.022957	-1.341615	1.388822
TCGA-BH-A1EW-01	0.585510	-0.227371	0.513734	-0.153097	1.526174
TCGA-BH-A1EX-01	0.304060	-0.152665	0.494150	-2.576532	-1.402294
TCGA-BH-A1EY-01	0.797028	0.701236	-0.615623	-1.993867	1.139605
TCGA-BH-A1F0-01	-1.790951	0.536550	-0.592931	0.094435	-0.215472
TCGA-BH-A1F2-01	1.044245	1.196397	0.415142	-1.862553	-1.185000
TCGA-BH-A1F5-01	0.917950	-0.410673	-1.083490	-0.038846	0.034779
TCGA-BH-A1F6-01	-1.829617	1.459785	1.369420	-0.055687	0.038864
TCGA-BH-A1F8-01	0.883903	0.934459	0.775535	0.401729	0.489229
TCGA-BH-A1FB-01	-0.722657	-1.577721	-0.394602	0.061915	0.878225
TCGA-BH-A1FC-01	-1.318301	2.435892	0.185094	-0.140021	1.427768
TCGA-BH-A1FE-01	-0.078817	-0.751894	0.196824	0.023559	-0.246605
TCGA-BH-A1FG-01	0.267243	-0.554509	-1.062243	1.178040	1.408902
TCGA-BH-A1FH-01	-0.276811	-1.210703	-0.708185	0.366364	0.373711
TCGA-BH-A1FJ-01	1.170318	0.173260	0.317336	-0.377459	-1.448156
TCGA-BH-A1FL-01	0.938887	0.080665	0.248929	-0.093618	-0.012891
TCGA-BH-A1FM-01	1.001857	1.586448	-0.907074	0.388237	-1.005925
TCGA-BH-A1FN-01	-0.175315	0.684330	-1.724884	-0.347014	-0.150463
TCGA-BH-A1FR-01	0.352197	-0.388706	-2.377893	-0.020734	-0.396394
TCGA-BH-A1FU-01	-1.125941	-0.198556	-0.228376	-1.092463	0.580278
TCGA-BH-A201-01	-0.608215	-1.532345	-0.161417	0.104815	0.079071
TCGA-BH-A202-01	0.052322	0.365319	0.734433	-1.887281	0.994545
TCGA-BH-A203-01	-0.263313	0.219602	1.344899	-1.610197	1.162130
TCGA-BH-A204-01	2.091879	1.806222	0.281659	1.188906	-0.897728
TCGA-BH-A208-01	-1.395371	-0.353768	-0.395330	-0.959008	-2.121949
TCGA-BH-A209-01	0.308274	0.871023	-2.138833	-1.236809	2.210250
TCGA-BH-A28O-01	-0.926044	-1.852762	-0.550116	-0.161867	0.606541
TCGA-BH-A28Q-01	0.627513	-0.580049	-0.053176	-0.265685	1.036842
TCGA-BH-A2L8-01	-0.134633	-0.563888	-0.193648	0.154406	1.332619
TCGA-BH-A42T-01	1.223235	1.007372	0.701632	-0.017294	1.995758
TCGA-BH-A42U-01	-0.985177	-2.025326	0.907798	-0.149654	0.091527
TCGA-BH-A42V-01	-0.115432	-1.179024	0.964477	0.926313	0.390107
TCGA-BH-A5IZ-01	-2.170846	0.860821	0.035262	0.615302	-0.421169
TCGA-BH-A5J0-01	0.579574	-0.573091	0.194853	-0.107657	-0.807527
TCGA-BH-A6R8-01	1.366647	0.558606	-0.477489	0.290481	-1.480913
TCGA-BH-A6R9-01	-1.062453	0.520035	0.069516	1.122419	0.908886
TCGA-BH-A8FY-01	1.216965	-0.431211	1.344773	0.598814	-1.307894
TCGA-BH-A8FZ-01	-0.565941	-1.901738	0.235459	-0.579423	0.739512
TCGA-BH-A8G0-01	-0.352340	-1.592164	-0.082870	0.422937	0.446336
TCGA-BH-AB28-01	0.345000	-0.454385	1.024390	-0.040462	0.795631
TCGA-C8-A1HE-01	0.747811	-1.011544	0.178310	-0.412880	1.553327
TCGA-C8-A1HF-01	-0.051944	0.994015	-0.374921	-1.472033	1.418854
TCGA-C8-A1HG-01	0.230741	0.553355	-1.074970	0.779650	-1.025128
TCGA-C8-A1HI-01	0.043314	-1.097040	-0.067281	0.793451	-0.769481
TCGA-C8-A1HJ-01	-2.095603	1.041706	-0.341531	0.775372	-0.868699
TCGA-C8-A1HK-01	0.368067	0.398928	-0.615153	-1.513526	-0.709983
TCGA-C8-A1HL-01	1.060364	0.493418	-0.536083	0.162052	-1.703295
TCGA-C8-A1HM-01	1.104320	1.499242	-0.011261	-0.630970	-1.100615
TCGA-C8-A1HN-01	1.317670	1.791191	-0.916474	0.182929	-1.049605
TCGA-C8-A1HO-01	1.882641	1.681739	-0.436129	1.038737	1.697274
TCGA-C8-A26V-01	0.789541	0.252840	0.894293	0.091738	0.746504
TCGA-C8-A26W-01	0.109465	-0.477972	-1.536094	0.147425	-1.108055
TCGA-C8-A26X-01	-0.249278	0.646079	1.014435	-2.859540	0.253386
TCGA-C8-A26Y-01	-0.520430	1.543517	-0.089549	-3.013202	-1.304145
TCGA-C8-A26Z-01	1.105318	0.381245	-0.517811	1.105681	-1.702990
TCGA-C8-A273-01	0.474272	-0.018657	0.219506	1.617138	-0.989351
TCGA-C8-A274-01	1.145871	0.400230	1.150401	-1.900193	0.447387
TCGA-C8-A275-01	-0.160426	0.246833	1.172716	-1.776404	1.072504
TCGA-C8-A278-01	-0.185459	0.235840	0.971405	-2.611362	0.168945
TCGA-C8-A27A-01	1.410080	1.436983	0.006270	0.867171	-1.292128
TCGA-C8-A27B-01	-1.795099	1.987067	-0.987451	-0.176520	0.282967
TCGA-C8-A3M7-01	-0.337407	-1.015809	1.158073	-1.480587	0.675489
TCGA-C8-A3M8-01	1.112214	0.482496	0.925198	1.051231	0.138407
TCGA-C8-A8HP-01	-0.654357	0.057978	-0.533259	-2.351626	0.308380
TCGA-C8-A8HQ-01	0.716322	0.127546	1.069939	0.637156	-0.654853
TCGA-C8-A8HR-01	-0.543744	-0.759145	-0.098248	0.302314	0.114588
TCGA-D8-A1J8-01	0.625653	0.230283	1.403050	-0.933961	1.302688
TCGA-D8-A1J9-01	0.603099	-0.023671	1.081129	-1.516945	0.037130
TCGA-D8-A1JA-01	0.468376	1.273032	0.230443	-2.959705	-0.309489
TCGA-D8-A1JB-01	-0.189779	-0.827034	-0.180754	0.909866	0.796353
TCGA-D8-A1JC-01	0.346495	0.246288	0.069849	0.784007	-2.362117
TCGA-D8-A1JD-01	0.528157	0.063634	0.097083	0.451595	-0.906959
TCGA-D8-A1JE-01	1.252909	0.183702	-2.467181	-0.678461	-0.506534
TCGA-D8-A1JF-01	0.362545	1.823539	1.233669	-3.298259	-0.764736
TCGA-D8-A1JG-01	-0.260137	1.090240	1.094779	-3.523130	-0.167543
TCGA-D8-A1JH-01	0.022099	-0.936366	-0.572990	0.523497	0.730529
TCGA-D8-A1JI-01	1.834658	0.993054	-1.222072	0.050268	-1.064869
TCGA-D8-A1JJ-01	0.755933	1.048525	-0.068625	-1.400035	1.207080
TCGA-D8-A1JK-01	-0.609037	0.915516	0.515105	-2.543508	-2.412880
TCGA-D8-A1JL-01	-1.716465	0.993676	-0.815922	-0.030566	0.399725
TCGA-D8-A1JN-01	1.067241	0.283913	0.809246	-2.636926	0.509117
TCGA-D8-A1JP-01	0.111404	-0.156926	-0.301493	0.519573	1.419370
TCGA-D8-A1JS-01	0.980874	-0.554822	-1.828069	-1.450489	0.119565
TCGA-D8-A1JT-01	0.883204	0.517161	0.010202	0.947240	-1.541113
TCGA-D8-A1JU-01	0.058746	-0.687796	-0.842509	0.068620	0.764544
TCGA-D8-A1X5-01	1.735042	1.912828	-0.392707	-0.143401	-0.232721
TCGA-D8-A1X6-01	1.613159	1.174303	-1.624649	-0.461437	-0.801596
TCGA-D8-A1X7-01	0.805268	0.231033	-1.823685	-1.582807	-1.153409
TCGA-D8-A1X8-01	0.703975	-1.130373	-0.140572	0.334762	-0.620241
TCGA-D8-A1X9-01	1.374732	1.067376	0.715220	1.617174	-0.656777
TCGA-D8-A1XA-01	1.077526	1.013561	-0.127461	0.809701	-1.210026
TCGA-D8-A1XB-01	0.249033	-0.458960	0.868639	0.580541	-0.236827
TCGA-D8-A1XC-01	1.636283	0.566431	-2.221914	-0.483476	0.775300
TCGA-D8-A1XD-01	0.287021	0.344640	0.070375	1.649356	-0.327738
TCGA-D8-A1XF-01	1.094348	1.125527	1.601017	1.998187	1.972381
TCGA-D8-A1XG-01	-0.329872	-0.944545	-1.656995	0.971395	0.310318
TCGA-D8-A1XJ-01	0.532492	0.486790	0.676626	-2.237569	1.696561
TCGA-D8-A1XK-01	-1.880051	1.427018	-0.786002	0.561669	0.958707
TCGA-D8-A1XL-01	0.101709	0.546628	-1.209080	0.252351	1.404250
TCGA-D8-A1XM-01	0.022038	-0.794308	-0.701432	0.425902	0.070932
TCGA-D8-A1XO-01	0.389994	-0.680126	-1.071734	-1.195556	0.047191
TCGA-D8-A1XQ-01	-1.374012	1.744742	-0.843441	0.577677	-1.331815
TCGA-D8-A1XR-01	1.067015	-0.100420	-2.189471	-1.321383	-0.885822
TCGA-D8-A1XS-01	0.430950	-0.148020	-0.728682	0.738423	-0.209234
TCGA-D8-A1XT-01	-0.007968	2.181086	-0.095027	-2.384887	0.806262
TCGA-D8-A1XU-01	0.901692	-0.585053	0.600533	0.608275	-0.596644
TCGA-D8-A1XV-01	1.277888	-0.061265	-0.825651	-0.118646	0.340859
TCGA-D8-A1XW-01	-1.948132	0.655173	-0.824457	0.555170	-0.139570
TCGA-D8-A1XY-01	0.172450	-0.329386	-0.815907	0.448866	-1.960800
TCGA-D8-A1XZ-01	0.729420	1.518194	-0.242964	0.890190	0.325480
TCGA-D8-A1Y0-01	0.419885	0.004169	0.176839	0.381247	-0.214360
TCGA-D8-A1Y1-01	1.337712	0.993801	-0.466192	-0.516409	0.166841
TCGA-D8-A1Y2-01	0.339281	0.618555	-1.841341	-0.969594	1.564667
TCGA-D8-A1Y3-01	0.758372	1.700253	0.932677	0.091603	1.429690
TCGA-D8-A27E-01	0.646623	-0.111004	-3.523548	-0.231981	0.812415
TCGA-D8-A27F-01	-2.077654	0.851358	-0.418561	0.723312	-0.228094
TCGA-D8-A27G-01	1.163731	0.979405	0.499827	-0.977010	1.049426
TCGA-D8-A27H-01	-2.116610	0.894231	0.267220	1.795868	-0.354547
TCGA-D8-A27I-01	-0.201772	-1.028762	-0.065329	0.050321	-0.666686
TCGA-D8-A27K-01	-0.122052	-1.166367	-0.144663	-0.695163	1.068625
TCGA-D8-A27L-01	-0.023554	-1.204060	-0.258764	-0.071690	-0.930635
TCGA-D8-A27M-01	-2.019686	0.603264	-0.570202	1.139983	-0.775343
TCGA-D8-A27N-01	0.485417	-0.039901	0.241227	-0.073072	0.592720
TCGA-D8-A27P-01	-0.275700	-1.810379	-0.966022	-0.229932	-0.597678
TCGA-D8-A27R-01	0.032142	0.639773	-0.543936	0.478705	-0.624132
TCGA-D8-A27T-01	1.178993	0.503994	-0.674270	-0.589580	-0.886268
TCGA-D8-A27V-01	-0.052552	-1.046963	0.673059	0.117855	-2.115895
TCGA-D8-A27W-01	0.971509	0.585340	0.319485	1.313626	0.915996
TCGA-D8-A3Z5-01	-0.068027	-1.811839	0.009773	0.002758	-0.288987
TCGA-D8-A3Z6-01	0.587736	-1.473843	0.593936	0.199020	-0.644304
TCGA-D8-A4Z1-01	-0.483849	-1.875794	0.188038	0.294451	0.217963
TCGA-D8-A73U-01	0.119887	-0.604965	-0.692859	-1.550562	1.409818
TCGA-D8-A73W-01	1.002117	0.233040	-1.607617	-1.691815	0.129567
TCGA-D8-A73X-01	0.388030	-0.949645	1.242353	-0.054073	1.486203
TCGA-E2-A14N-01	-1.569366	0.829875	-0.608468	-0.195177	1.141484
TCGA-E2-A14U-01	-0.759173	-2.147972	-0.320297	0.437979	0.391891
TCGA-E2-A15I-01	0.022469	-1.127826	-1.081725	-0.415747	-1.646950
TCGA-E2-A15J-01	1.076238	0.634106	-0.173418	-0.973368	1.713583
TCGA-E2-A15K-01	0.998368	0.413678	-0.997941	-0.763991	-1.587613
TCGA-E2-A1AZ-01	-1.719109	1.223831	-0.402389	-0.004013	0.186380
TCGA-E2-A1B0-01	-0.796654	0.572371	0.002264	-1.743124	-1.219740
TCGA-E2-A1B1-01	-0.855522	-1.600968	-0.983799	-0.604137	0.622441
TCGA-E2-A1B4-01	0.435265	-1.465065	-0.487048	0.206941	-0.671712
TCGA-E2-A1B5-01	-0.127814	-0.632679	-0.046333	-0.437689	1.015247
TCGA-E2-A1B6-01	-1.897640	-0.018942	-0.520236	0.577426	0.563482
TCGA-E2-A1BC-01	0.324893	-0.603341	0.205890	-0.716914	0.511827
TCGA-E2-A1BD-01	0.398123	-0.839082	1.712908	-0.581209	1.132215
TCGA-E2-A1IE-01	1.332738	-0.124813	0.234716	1.589400	-0.857214
TCGA-E2-A1IF-01	-0.450874	-1.700093	-0.664108	-0.743134	-0.528546
TCGA-E2-A1IG-01	0.638079	0.069744	0.192045	2.050850	-1.762981
TCGA-E2-A1IH-01	0.985427	0.467601	-1.220275	-0.613634	1.577108
TCGA-E2-A1II-01	-1.275995	1.748795	-1.196319	0.227294	0.888356
TCGA-E2-A1IJ-01	-0.058496	-1.372445	0.252454	-0.577692	-0.452838
TCGA-E2-A1IK-01	-0.232725	-1.399916	-2.450796	0.194643	-0.451034
TCGA-E2-A1IL-01	0.314181	-0.782875	-0.698919	-0.277081	-1.183714
TCGA-E2-A1IN-01	0.526345	-0.450637	-0.788845	0.719433	-0.985699
TCGA-E2-A1IO-01	-0.048517	-0.717246	-0.187861	0.609000	-0.395894
TCGA-E2-A1IU-01	0.315685	-1.402192	-0.156033	0.251189	-1.576735
TCGA-E2-A1L6-01	0.163247	-1.834553	-0.508380	-0.316213	-0.259864
TCGA-E2-A1L7-01	0.502001	0.211955	0.528397	0.212702	2.086881
TCGA-E2-A1L8-01	0.851020	-0.222797	-1.186190	-0.528288	-1.319773
TCGA-E2-A1L9-01	-0.041635	-0.254678	-0.660137	-0.755115	-0.488199
TCGA-E2-A1LA-01	0.344772	0.118912	-0.308465	1.379240	-1.634474
TCGA-E2-A1LB-01	0.452674	0.740758	0.106639	-3.205113	1.512276
TCGA-E2-A1LE-01	-0.041818	0.724938	1.391199	-2.231285	0.900841
TCGA-E2-A1LG-01	-2.000769	0.682110	-0.184508	0.803112	-1.594768
TCGA-E2-A1LH-01	-2.302514	0.547857	0.079996	0.366995	-0.281928
TCGA-E2-A1LI-01	-1.693434	1.284168	-0.444036	0.035719	-0.314993
TCGA-E2-A1LK-01	-1.954282	1.935614	2.089956	1.164119	-0.636402
TCGA-E2-A1LL-01	-1.235427	-0.088636	1.754380	0.489920	-2.192841
TCGA-E2-A1LS-01	-1.662468	0.627960	-0.389272	-0.057381	0.153093
TCGA-E2-A2P5-01	0.556463	-0.105936	1.807235	0.284984	-0.004806
TCGA-E2-A2P6-01	1.050847	-0.498841	0.822536	-0.007140	1.343668
TCGA-E2-A3DX-01	-0.421543	-1.286271	-0.590397	-0.924932	0.876675
TCGA-E2-A56Z-01	1.364249	0.235181	-0.611930	1.483456	-0.655541
TCGA-E2-A570-01	0.355759	-0.808902	-0.066202	-0.162096	0.412906
TCGA-E2-A572-01	0.876160	-0.845686	-0.075190	1.104014	-0.684883
TCGA-E2-A573-01	-2.153470	0.720154	-0.234137	-0.149226	0.033789
TCGA-E2-A574-01	-1.915279	1.010578	0.116201	1.310031	-2.083591
TCGA-E2-A576-01	1.096541	0.250671	1.910617	1.470837	0.786233
TCGA-E2-A9RU-01	0.875724	0.452001	1.695684	-0.186028	1.628382
TCGA-E9-A1N3-01	0.805947	-0.235556	-2.690417	-0.011164	-0.568185
TCGA-E9-A1N4-01	0.275188	-0.863324	-1.446616	-0.783311	-1.078142
TCGA-E9-A1N5-01	1.107843	0.509974	-1.167468	-0.299585	1.071073
TCGA-E9-A1N6-01	0.371798	1.122046	-0.341064	-1.883382	-0.149297
TCGA-E9-A1N8-01	-2.203028	0.824342	-0.497387	0.900027	0.564489
TCGA-E9-A1N9-01	-0.311201	0.237949	-0.035973	0.191654	-0.141251
TCGA-E9-A1NA-01	1.092935	2.270386	0.717948	0.199505	1.504865
TCGA-E9-A1ND-01	-1.900679	0.690953	1.200361	-0.641781	0.198021
TCGA-E9-A1NE-01	-0.202378	-0.432202	-0.812750	0.606883	0.024127
TCGA-E9-A1NF-01	0.728110	0.294269	0.032558	-1.734847	1.218166
TCGA-E9-A1NG-01	-0.236731	-0.603904	-0.895661	-0.130093	-0.996547
TCGA-E9-A1NH-01	0.049417	-0.882938	0.235255	-0.747762	0.553040
TCGA-E9-A1NI-01	1.520769	0.694562	0.143746	-1.083204	-1.400894
TCGA-E9-A1QZ-01	-0.255047	-0.807430	-0.726954	0.561896	-1.087394
TCGA-E9-A1R0-01	0.449152	-0.564355	0.013724	0.794355	-0.934311
TCGA-E9-A1R2-01	0.095704	0.044098	-0.358352	0.759534	0.602610
TCGA-E9-A1R3-01	-0.153997	-1.248646	-1.337720	0.123037	-0.769846
TCGA-E9-A1R4-01	0.602625	0.164313	-0.493171	-0.141272	-0.134091
TCGA-E9-A1R5-01	1.135682	1.674624	0.395984	-0.680138	1.804944
TCGA-E9-A1R6-01	1.686693	1.453998	0.108608	1.536270	-0.257310
TCGA-E9-A1R7-01	0.876737	0.963809	0.087127	0.501532	-0.003619
TCGA-E9-A1RA-01	0.088434	-0.504279	-1.014623	-0.651658	1.423284
TCGA-E9-A1RB-01	-0.026455	-0.440555	-1.843331	-0.857480	-0.677538
TCGA-E9-A1RC-01	1.083988	0.809043	0.609205	-0.100637	2.066535
TCGA-E9-A1RD-01	0.788254	-1.134346	-0.390650	-0.760353	0.369124
TCGA-E9-A1RE-01	1.826513	1.841091	0.598917	0.482402	1.166239
TCGA-E9-A1RF-01	0.599759	0.475182	0.589269	1.008986	-1.412386
TCGA-E9-A1RG-01	0.389038	0.260990	-1.356951	0.747358	-1.974436
TCGA-E9-A1RH-01	-0.423554	1.780546	0.861154	-2.622728	-1.693428
TCGA-E9-A1RI-01	0.236557	-0.742869	-0.487880	1.089793	0.651457
TCGA-E9-A226-01	0.229505	-0.198000	-1.077523	0.127481	-1.370467
TCGA-E9-A227-01	0.163251	-1.084017	-1.787597	-0.186268	-0.381660
TCGA-E9-A228-01	1.640333	1.895132	-0.689822	0.907924	1.437308
TCGA-E9-A229-01	0.390885	-0.630525	-1.024058	0.893937	-1.236908
TCGA-E9-A22A-01	0.013693	0.507744	-0.117270	0.616227	0.860310
TCGA-E9-A22B-01	0.505316	-0.007459	0.672585	1.766452	1.168343
TCGA-E9-A22D-01	1.164786	0.438686	-0.795653	0.057199	1.738706
TCGA-E9-A22E-01	0.690885	0.689909	-1.991410	-1.268816	-0.831963
TCGA-E9-A22G-01	-1.859659	1.707864	-0.445547	0.037079	-1.191161
TCGA-E9-A22H-01	1.090384	-0.336957	-1.172110	-0.453878	-0.852835
TCGA-E9-A243-01	-1.152944	0.926815	-1.388851	-1.182876	0.087940
TCGA-E9-A244-01	-1.984041	0.734412	0.356192	0.855082	-1.128569
TCGA-E9-A245-01	0.600872	-0.883654	-2.206822	0.825154	-0.770885
TCGA-E9-A247-01	0.585308	-0.146458	1.609257	1.760964	0.249623
TCGA-E9-A248-01	-0.953079	0.598867	-0.976822	-1.268586	-0.791073
TCGA-E9-A249-01	0.812384	0.432955	-1.189135	-1.564835	0.963932
TCGA-E9-A24A-01	0.224750	-0.700153	-2.584406	-0.218046	0.721695
TCGA-E9-A295-01	0.432043	-0.699983	1.509892	1.608661	-0.759098
TCGA-E9-A2JS-01	0.718048	0.305168	1.590343	1.116879	1.439278
TCGA-E9-A2JT-01	-0.232279	-0.314444	-0.814319	-1.030196	1.827752
TCGA-E9-A3Q9-01	1.224710	0.302823	-2.384344	-1.022031	-0.773989
TCGA-E9-A3QA-01	-1.936173	0.896546	-0.684748	-0.025720	0.467402
TCGA-E9-A3X8-01	-0.344962	-1.383314	-0.183483	-0.216047	0.448505
TCGA-E9-A54X-01	0.784241	-0.082070	-3.164504	-0.528220	0.484273
TCGA-E9-A54Y-01	1.315809	0.958722	1.369356	0.639007	-1.598717
TCGA-E9-A5FK-01	0.143849	-1.241076	0.911971	-0.088330	0.627618
TCGA-E9-A5FL-01	-1.723045	0.821298	0.284755	0.581917	-0.223870
TCGA-E9-A5UO-01	1.996129	1.686479	-0.117847	0.537244	-0.814909
TCGA-E9-A5UP-01	0.913083	1.155481	-0.346228	-0.923514	1.539529
TCGA-E9-A6HE-01	0.447028	-0.387872	1.008141	0.317143	0.452484
TCGA-EW-A1IW-01	0.186769	-0.642113	1.537669	0.523419	1.047854
TCGA-EW-A1IX-01	0.244417	-0.789916	-1.543039	0.101454	-0.543924
TCGA-EW-A1IY-01	-0.165840	-0.545359	-0.459958	-0.642367	0.930573
TCGA-EW-A1IZ-01	0.048356	0.218627	0.112994	0.652561	0.659881
TCGA-EW-A1J1-01	1.048257	0.693608	-2.417953	1.010196	-1.341659
TCGA-EW-A1J2-01	0.145055	-1.425715	0.359191	0.308254	-0.349370
TCGA-EW-A1J3-01	0.434944	-1.248100	0.333458	0.368052	-0.125244
TCGA-EW-A1J5-01	0.758593	-0.291504	0.990691	0.452061	-1.258103
TCGA-EW-A1J6-01	0.516226	0.389099	-1.303743	1.260960	-0.197340
TCGA-EW-A1OV-01	-0.107536	0.938718	1.004666	-1.004368	0.268625
TCGA-EW-A1OW-01	-2.129739	0.810193	-0.097542	1.151630	-1.135516
TCGA-EW-A1OX-01	1.657081	1.485450	-0.134636	1.610179	-0.790343
TCGA-EW-A1OY-01	0.437322	-0.151142	-1.246406	0.235768	-2.096167
TCGA-EW-A1OZ-01	0.858970	1.093112	1.344560	-0.546301	0.360405
TCGA-EW-A1P0-01	0.879185	1.053941	-2.035686	0.008980	-0.068410
TCGA-EW-A1P1-01	-1.156800	-0.893964	0.448590	-0.116792	0.481837
TCGA-EW-A1P3-01	0.457495	-0.958574	-0.113836	0.106890	-0.817488
TCGA-EW-A1P4-01	-1.920111	1.058559	0.044699	0.866565	0.237664
TCGA-EW-A1P5-01	0.581651	-0.423226	-0.334273	0.529288	0.589090
TCGA-EW-A1P6-01	0.459168	-0.425981	-0.984406	0.348856	-0.464605
TCGA-EW-A1P7-01	-2.013133	-0.732716	-0.384936	0.229748	0.168170
TCGA-EW-A1P8-01	-2.020055	0.889163	-0.799156	0.050808	0.308015
TCGA-EW-A1PA-01	0.482725	-0.237175	0.745205	1.564483	0.538632
TCGA-EW-A1PB-01	-1.667179	1.334706	0.241255	-0.367342	0.209729
TCGA-EW-A1PC-01	0.696107	1.078647	1.702734	-1.020738	-1.449095
TCGA-EW-A1PD-01	0.282447	-0.186549	0.024502	1.145613	1.473607
TCGA-EW-A1PE-01	0.550508	-0.949657	-0.959295	-1.227024	-0.246539
TCGA-EW-A1PF-01	0.011233	-0.628375	-0.199031	0.615306	0.220530
TCGA-EW-A1PG-01	-0.663510	-1.660290	0.079539	-0.110868	-0.268117
TCGA-EW-A1PH-01	-1.992267	1.037326	-0.255134	0.800012	-1.507867
TCGA-EW-A2FR-01	-0.444681	0.316974	-0.461417	-1.184290	0.472966
TCGA-EW-A2FS-01	0.132116	-0.258707	0.363265	1.809207	-1.034987
TCGA-EW-A2FV-01	0.027027	-0.374814	0.496550	0.122144	-1.237880
TCGA-EW-A2FW-01	1.134163	0.163583	-1.562379	0.580840	0.038738
TCGA-EW-A3E8-01	0.635110	-0.452017	1.075209	0.169227	1.193428
TCGA-EW-A3U0-01	-1.817164	0.755865	-0.784273	0.311358	0.220874
TCGA-EW-A423-01	1.063780	0.103800	0.919832	0.087896	0.237796
TCGA-EW-A424-01	0.370755	-0.653130	1.644191	0.937703	0.896152
TCGA-EW-A6S9-01	0.138332	0.044618	0.295796	0.683588	0.876870
TCGA-EW-A6SA-01	1.836526	2.282299	0.850158	1.148468	-0.359334
TCGA-EW-A6SB-01	-1.979338	1.180714	0.716233	0.171227	0.419896
TCGA-EW-A6SC-01	0.533143	-0.332370	-0.315378	0.893531	-1.454439
TCGA-EW-A6SD-01	-0.647277	0.545297	-0.353369	-2.379950	1.129969
TCGA-GI-A2C8-01	0.716556	0.199093	0.603603	0.254927	0.797077
TCGA-GI-A2C9-01	-2.018161	1.011251	0.289372	1.009608	-0.220451
TCGA-GM-A2D9-01	0.871186	-0.866344	0.947114	-0.143889	0.419511
TCGA-GM-A2DA-01	0.304297	-0.829350	0.002642	-0.018978	-1.620022
TCGA-GM-A2DB-01	-0.921807	0.255545	1.046371	-2.342205	-1.195346
TCGA-GM-A2DC-01	1.044615	0.985580	0.380441	1.302142	-0.358971
TCGA-GM-A2DD-01	-0.531546	-0.048027	1.910692	-1.776453	-1.322585
TCGA-GM-A2DF-01	-1.694582	1.322191	0.279020	0.027650	0.147596
TCGA-GM-A2DH-01	-0.415663	0.576325	0.530005	-1.067209	1.109072
TCGA-GM-A2DI-01	-0.575795	-1.182995	-0.988464	0.327395	0.736723
TCGA-GM-A2DK-01	0.016910	-0.631042	-0.314355	0.861803	0.074249
TCGA-GM-A2DL-01	1.078428	0.567219	0.142458	-0.986796	1.586409
TCGA-GM-A2DM-01	0.419192	-0.269186	-2.593751	0.606774	1.415156
TCGA-GM-A2DN-01	-0.361662	-1.248646	0.283180	-0.158637	0.277736
TCGA-GM-A2DO-01	0.245658	0.280140	-0.760068	0.534110	0.328707
TCGA-GM-A3NW-01	0.660057	-0.764929	1.253842	1.290595	0.388816
TCGA-GM-A3NY-01	0.379053	-1.319249	0.708057	-0.396481	0.232056
TCGA-GM-A3XG-01	-1.011879	-2.050561	-0.477718	0.372285	0.564288
TCGA-GM-A3XL-01	-1.885248	1.020587	0.435576	-0.301283	0.915541
TCGA-GM-A3XN-01	-0.316135	-1.151890	-0.246345	0.140268	0.837304
TCGA-GM-A4E0-01	-0.232168	-1.076521	0.443674	-0.659374	0.168782
TCGA-GM-A5PV-01	-0.006392	-1.762220	0.133719	0.345705	-1.623934
TCGA-GM-A5PX-01	0.409643	-0.630021	-0.318107	-0.137191	-0.156836
TCGA-HN-A2NL-01	-1.077202	1.541083	-0.652579	0.206597	1.508375
TCGA-HN-A2OB-01	-0.067963	-1.404414	0.406346	0.380356	0.125645
TCGA-JL-A3YW-01	-0.808442	0.668495	1.912809	-1.927312	-0.427685
TCGA-JL-A3YX-01	0.451423	-0.857274	0.807654	0.109425	-0.272844
TCGA-LD-A66U-01	0.224120	-1.402406	0.417970	0.663268	-0.012745
TCGA-LD-A74U-01	-0.157423	-1.283803	1.153102	-0.198161	0.671574
TCGA-LD-A7W5-01	0.195365	0.070040	0.997033	0.545889	-0.184367
TCGA-LD-A7W6-01	0.220923	-1.531003	-0.146839	0.459887	-0.322701
TCGA-LD-A9QF-01	-0.982286	-0.679091	0.115977	-1.203319	0.470776
TCGA-LL-A440-01	-0.524129	-1.535776	-0.101975	0.123765	0.285406
TCGA-LL-A441-01	-1.387599	-0.084797	-0.280553	0.077996	0.749052
TCGA-LL-A442-01	1.578718	0.642116	-2.185833	-0.500315	-0.370566
TCGA-LL-A50Y-01	1.029185	-0.628937	0.719668	-0.811704	1.181747
TCGA-LL-A5YL-01	0.089752	-0.860630	1.679837	-0.723474	0.989009
TCGA-LL-A5YM-01	1.554807	1.050120	0.908564	0.886672	0.689921
TCGA-LL-A5YN-01	0.068956	-0.837678	0.475375	-0.524485	-1.337276
TCGA-LL-A5YO-01	-1.304461	0.087885	-0.126564	-2.405389	0.900162
TCGA-LL-A5YP-01	-2.017774	1.037056	-0.572336	0.501274	0.475251
TCGA-LL-A6FP-01	1.273023	-0.213340	1.015049	-0.187306	-2.115435
TCGA-LL-A6FQ-01	1.278995	0.041889	1.174889	0.613156	-1.823822
TCGA-LL-A6FR-01	-2.163740	0.214239	0.310897	0.848724	-0.655720
TCGA-LL-A73Y-01	-2.073250	0.648463	-0.749837	0.907477	0.199674
TCGA-LL-A73Z-01	-0.871369	-1.087140	1.028589	-0.510867	0.458783
TCGA-LL-A740-01	-0.216275	0.259897	2.546496	-1.348276	0.010053
TCGA-LL-A7SZ-01	0.420522	-0.021424	-0.162127	0.230030	-0.163636
TCGA-LL-A7T0-01	0.492959	0.330052	1.417479	1.636108	0.289991
TCGA-LL-A8F5-01	-1.739414	1.447656	0.352993	0.926547	-1.184986
TCGA-LL-A9Q3-01	0.774870	0.130665	0.821619	0.385387	0.181475
TCGA-LQ-A4E4-01	1.248133	0.137997	1.369819	-0.772736	-0.191961
TCGA-MS-A51U-01	-0.217920	-1.434573	-0.516358	-0.099680	-0.366983
TCGA-OK-A5Q2-01	-0.231929	-0.866097	1.458350	-0.775928	0.902140
TCGA-OL-A5D6-01	-0.723144	-0.315215	1.859155	-2.557797	0.465856
TCGA-OL-A5D7-01	-1.485152	1.669062	0.294992	-0.148748	1.580762
TCGA-OL-A5D8-01	1.082946	0.470914	1.674712	0.551634	0.899519
TCGA-OL-A5DA-01	0.080811	-0.942589	0.072681	1.215207	0.983201
TCGA-OL-A5RU-01	0.093841	-0.879643	-0.297789	-0.550700	-0.401211
TCGA-OL-A5RV-01	-0.301313	-1.988155	-0.236768	-0.418821	-0.727585
TCGA-OL-A5RW-01	-2.468672	0.520807	0.174124	0.715757	-0.040282
TCGA-OL-A5RX-01	-0.443143	-1.648950	0.439390	-0.219444	0.653870
TCGA-OL-A5RY-01	-1.248103	-0.778603	0.452502	-0.776209	0.713482
TCGA-OL-A5RZ-01	0.066617	0.888883	0.364419	-0.626577	-1.594017
TCGA-OL-A5S0-01	-2.256655	0.884465	-0.364158	0.803507	0.326318
TCGA-OL-A66H-01	0.859683	-0.167452	-1.352563	0.764159	-0.356008
TCGA-OL-A66I-01	-1.685242	1.029416	1.108231	0.883133	1.149861
TCGA-OL-A66J-01	0.618103	0.094319	0.796730	1.460397	-1.143586
TCGA-OL-A66K-01	0.736164	-0.322703	1.079787	0.849347	0.783985
TCGA-OL-A66L-01	0.442234	-1.075933	1.511520	-0.166715	-0.362372
TCGA-OL-A66N-01	0.430893	-0.682935	1.287547	-0.059522	1.336243
TCGA-OL-A66O-01	1.306825	0.458671	1.065741	1.957941	-1.138462
TCGA-OL-A66P-01	-0.547879	0.302928	1.231564	-2.730601	-0.412475
TCGA-OL-A6VO-01	-1.683957	1.806645	-0.519348	0.033492	0.651080
TCGA-OL-A6VQ-01	-0.019325	-1.772556	0.182508	-0.184970	-1.260818
TCGA-OL-A6VR-01	0.071344	-1.431278	-0.524248	0.724685	0.748338
TCGA-OL-A97C-01	-0.493745	-0.342665	-1.450682	0.633310	0.559350
TCGA-PE-A5DC-01	0.441313	-0.156797	1.168990	0.590028	-0.798807
TCGA-PE-A5DD-01	1.447772	0.149845	1.272408	-0.612172	1.576730
TCGA-PE-A5DE-01	0.284496	-1.310831	-0.375926	-0.541801	-0.979880
TCGA-PL-A8LV-01	-2.272661	0.164831	0.118930	1.338242	0.124524
TCGA-PL-A8LX-01	1.316470	1.487646	-1.802827	0.974424	0.471264
TCGA-PL-A8LY-01	-1.334978	-1.779310	-0.871596	0.103997	0.741281
TCGA-PL-A8LZ-01	-1.461189	1.292322	-1.018889	-0.286323	0.812861
TCGA-S3-A6ZF-01	0.733821	0.288132	0.556015	0.889740	0.382716
TCGA-S3-A6ZG-01	0.975741	-0.198590	1.326387	1.138550	1.416228
TCGA-S3-A6ZH-01	1.011814	0.175841	0.382801	0.766022	-1.346240
TCGA-S3-AA0Z-01	-1.894396	0.797874	0.266491	0.218483	0.370291
TCGA-S3-AA10-01	-2.212662	0.646292	-0.075802	1.443994	-0.697429
TCGA-S3-AA11-01	0.613226	-0.326475	1.395530	0.656585	-1.329552
TCGA-S3-AA12-01	1.684535	2.152731	-0.640196	0.764359	-1.542363
TCGA-S3-AA14-01	0.042322	-0.998355	-0.033447	-0.564142	-0.458182
TCGA-S3-AA15-01	-1.789338	-0.173537	-0.413373	0.346778	0.435692
TCGA-S3-AA17-01	1.000013	0.840348	0.199680	0.270994	1.654054
TCGA-UL-AAZ6-01	0.798537	0.751606	1.698001	0.970792	-1.880727
TCGA-UU-A93S-01	0.173113	1.413064	1.408188	-2.542411	-1.549399
TCGA-V7-A7HQ-01	0.104369	-1.101248	-0.361197	0.130381	0.265170
TCGA-W8-A86G-01	-0.397753	-1.839288	0.342417	0.293149	0.061211
TCGA-WT-AB41-01	0.280903	0.251943	0.065380	0.579400	1.426404
TCGA-WT-AB44-01	0.305201	-0.453808	1.184398	-1.157727	0.844611
TCGA-XX-A899-01	0.056170	-0.995391	0.435867	-0.289380	1.085692
TCGA-XX-A89A-01	-0.281235	-0.516527	-0.394912	-0.844121	-1.219073
TCGA-Z7-A8R5-01	-0.782431	-1.826669	0.896547	-0.053974	-0.149113
TCGA-Z7-A8R6-01	0.455773	-0.619853	-0.339873	0.393119	-1.104804
