sample_id	RNA_CV1	RNA_CV2	RNA_CV3	RNA_CV4	RNA_CV5	miRNA_CV1	miRNA_CV2	miRNA_CV3	miRNA_CV4	miRNA_CV5
TCGA-3C-AAAU-01	1.177198	-2.261345	0.030345	-0.139537	0.942757	0.870074	-2.015579	0.169995	-0.085003	1.142584
TCGA-3C-AALI-01	-0.164172	-1.184162	-1.135526	-0.637747	0.750987	-0.669331	-1.315743	-2.104738	0.221395	0.756048
TCGA-3C-AALJ-01	1.537302	-0.573000	1.048478	-2.288871	1.613820	-0.663571	-0.917405	0.739642	-1.158161	1.568488
TCGA-3C-AALK-01	0.672896	1.149847	-0.908455	0.664941	-0.156884	0.543072	0.260763	-0.707853	0.524791	-0.039681
TCGA-4H-AAAK-01	0.885699	0.674502	0.061946	-0.159860	-0.706713	-0.138217	-0.376003	-0.734631	-0.335433	-0.669263
TCGA-5L-AAT0-01	1.298224	0.707459	0.319852	0.048276	-0.815861	1.187603	0.447865	1.088300	0.148064	-0.140552
TCGA-5T-A9QA-01	0.403118	-2.808289	0.819457	0.673436	0.417512	0.389818	-1.444005	0.235163	0.016830	-0.054351
TCGA-A1-A0SB-01	-3.286717	0.948187	1.487820	0.786336	-0.617351	-3.068353	1.793393	0.809899	1.590061	-0.617530
TCGA-A1-A0SF-01	1.429029	1.169245	-0.085299	-0.958711	-0.602936	1.941999	0.512515	-0.512734	-0.501705	-0.132113
TCGA-A1-A0SG-01	0.521136	0.655360	0.128204	-0.208851	-0.676125	-0.525622	0.432383	0.568751	0.229243	-0.539801
TCGA-A1-A0SI-01	0.378857	-0.384587	-1.400347	1.086303	-0.054024	0.064434	0.017238	-1.450480	0.202137	0.766059
TCGA-A1-A0SN-01	0.769179	-0.841267	-0.528508	0.850523	0.062439	0.489587	-0.170134	-0.890015	0.175234	0.611108
TCGA-A1-A0SQ-01	2.633959	-0.706248	0.600929	1.822678	0.595280	2.305336	-2.181605	0.477300	1.618566	0.925791
TCGA-A2-A0CK-01	1.327048	0.997186	0.700041	0.146711	0.154176	0.718911	0.458479	0.874670	-0.049629	-0.064431
TCGA-A2-A0CO-01	1.224975	1.817579	0.689876	1.123690	0.192458	1.613781	1.702545	-0.036373	0.362677	0.045745
TCGA-A2-A0CR-01	1.206714	1.366896	0.225074	-0.163255	-0.154390	1.500615	2.272331	-0.034993	0.956970	-0.290000
TCGA-A2-A0EP-01	0.618155	1.739528	-0.782418	1.144511	1.150847	0.205164	1.604269	-0.880598	0.162054	1.146580
TCGA-A2-A1FV-01	1.953762	0.070999	1.284689	0.203210	0.545600	2.758227	-0.000621	1.118304	-0.108376	1.185198
TCGA-A2-A1FW-01	2.483924	-0.425105	0.079484	-1.863704	0.594784	1.981560	-1.062474	-0.319498	-1.161578	0.451826
TCGA-A2-A1FX-01	1.903074	-0.634613	0.572655	-1.285456	-0.220161	1.768918	-0.286399	0.883728	0.092083	0.444553
TCGA-A2-A1FZ-01	0.854702	1.322877	-0.601590	-0.794341	0.477548	1.066315	0.279420	-0.335090	0.119444	0.755897
TCGA-A2-A1G0-01	1.322244	0.657376	1.383742	-0.236897	0.192363	0.946579	-0.128133	1.510088	-0.617814	-0.415281
TCGA-A2-A1G1-01	-4.209631	-0.124507	0.186520	-0.587062	0.058670	-3.793258	-1.472528	0.149390	-0.474405	0.344119
TCGA-A2-A1G4-01	0.626174	-0.148855	0.850559	1.059936	0.423603	0.581239	0.177106	0.878614	0.509274	-0.242152
TCGA-A2-A1G6-01	0.952839	1.761470	1.479237	0.421987	-0.273598	0.523149	1.206555	1.324629	-0.145802	-0.300062
TCGA-A2-A259-01	1.150535	1.001782	0.958988	-0.257277	-0.260391	1.156353	1.866113	0.763710	0.366661	0.087672
TCGA-A2-A25A-01	0.714822	1.613710	0.347922	0.268763	0.302861	1.879011	2.436529	-0.124465	0.690232	-0.295657
TCGA-A2-A25B-01	1.081453	-2.497064	-0.748268	-0.882539	-0.252310	1.165348	-1.197196	0.299524	-1.663866	0.734563
TCGA-A2-A25C-01	0.940399	0.511261	-0.630477	0.540001	1.160224	1.386687	1.672326	-0.683878	0.928830	1.001772
TCGA-A2-A25D-01	0.855657	1.153431	0.932878	-2.277159	-0.068828	-0.337685	1.693351	0.660530	-1.454784	-0.377393
TCGA-A2-A25E-01	1.393293	-0.376816	1.446201	0.189730	0.726094	1.447889	-0.039366	1.914407	0.318025	0.582690
TCGA-A2-A25F-01	-3.689489	0.964128	1.413266	-0.903146	1.618606	-1.908616	2.189182	1.154631	-1.572598	1.774978
TCGA-A2-A3KC-01	1.417245	1.040263	0.317559	0.556415	-0.392900	0.554028	1.109278	0.893985	0.694956	-1.277146
TCGA-A2-A3KD-01	1.432847	0.005588	1.296266	1.574437	-0.119952	1.410787	0.964665	0.562679	1.844901	0.028410
TCGA-A2-A3XS-01	-5.002167	0.009966	0.931939	1.990073	0.017976	-4.339606	0.695996	0.845280	1.258622	0.865056
TCGA-A2-A3XT-01	-4.261468	1.025110	1.375458	0.219666	0.852732	-4.061271	0.588120	1.525693	0.930093	0.566347
TCGA-A2-A3XU-01	-4.291962	0.401878	0.810664	-0.437385	-0.508484	-3.693862	-0.623395	1.257025	-0.513611	-0.721085
TCGA-A2-A3XV-01	-0.081041	0.480298	-1.652763	-0.240446	1.809989	-0.781889	0.100633	-1.666151	0.516900	1.553116
TCGA-A2-A3XW-01	0.105907	1.372478	-0.204327	-0.031810	-0.258581	-0.259893	1.417059	-0.720452	-0.342154	-0.715075
TCGA-A2-A3XX-01	-4.694449	-0.102066	1.196816	0.932040	-0.478911	-4.209794	-0.172448	0.753234	0.139530	-0.497730
TCGA-A2-A3XY-01	-3.664004	1.212390	1.365223	-0.614373	0.266193	-2.634706	1.699972	-0.029546	-0.356523	0.805867
TCGA-A2-A3XZ-01	-0.687479	1.256855	-0.689012	1.181111	-0.101657	-0.404742	1.156234	0.185639	-0.641410	-0.391852
TCGA-A2-A3Y0-01	-4.481541	-0.272960	-1.464577	-0.052834	-0.036317	-3.759131	0.189843	0.028408	-0.104941	-0.147286
TCGA-A2-A4RW-01	0.552987	0.467001	-0.006422	-0.328654	0.449693	0.862232	0.307336	0.475889	-0.622237	0.120503
TCGA-A2-A4RX-01	-2.893891	0.845204	0.306875	0.425517	-0.319245	-2.611140	1.118874	0.252005	0.025480	-0.410916
TCGA-A2-A4RY-01	0.762353	1.968062	0.418300	0.456584	-0.101402	1.170767	2.348513	0.916124	-0.426812	-0.430480
TCGA-A2-A4S0-01	1.495637	-2.553884	1.941783	1.908671	1.381436	1.239825	-3.752660	2.185158	2.579379	1.366348
TCGA-A2-A4S1-01	-1.690968	-1.544285	-0.047819	-1.046673	0.695275	-1.784924	-1.747814	-0.030032	-1.098482	0.365889
TCGA-A2-A4S2-01	1.161533	0.307882	0.143608	0.125838	-0.882300	0.914462	0.506343	-0.187875	0.383690	-0.558787
TCGA-A2-A4S3-01	0.258368	-0.563749	-0.409913	-0.977010	0.368993	-0.545874	-0.479825	-0.454273	-0.586279	0.375803
TCGA-A7-A13D-01	-5.402981	-0.486608	0.357717	0.547963	-1.035433	-4.405496	-0.958202	0.222714	0.325784	-0.363935
TCGA-A7-A13E-01	-5.013374	-1.530272	1.184725	0.345002	-0.021193	-3.722735	-1.284371	1.906583	1.070570	-1.077892
TCGA-A7-A13F-01	0.640439	-0.514393	-0.489672	0.951709	-0.211349	0.057862	0.299102	-0.241188	1.575572	-1.429980
TCGA-A7-A13G-01	2.234952	0.054006	0.467853	0.063643	-0.947072	1.585812	-0.738419	-0.063260	0.516627	-1.961694
TCGA-A7-A13H-01	0.553256	1.300774	0.531309	-0.054404	-0.701729	0.698971	1.102020	0.196694	-0.173077	-0.520521
TCGA-A7-A26E-01	1.204221	0.658763	0.091714	-0.371893	-0.230025	1.209902	0.077150	0.412016	-0.702515	-0.285714
TCGA-A7-A26F-01	-2.567512	0.019629	-2.315804	-0.611462	0.629619	-1.727194	0.510864	-1.030220	0.040808	0.627588
TCGA-A7-A26G-01	-2.919741	0.683227	0.364399	1.035957	0.440173	-1.983029	0.254103	0.532664	0.291927	0.466240
TCGA-A7-A26H-01	0.687413	0.072857	-0.209749	-1.207456	-0.589493	0.296502	0.638160	0.180663	-1.463361	-0.592152
TCGA-A7-A26I-01	-3.547205	-1.658479	-0.482739	0.446715	-0.211337	-1.297375	-0.504216	-1.704765	0.630365	0.180029
TCGA-A7-A26J-01	1.748081	-0.553948	-0.135640	0.431072	-0.186501	1.499130	-0.295491	-0.091128	-0.226233	-0.595266
TCGA-A7-A2KD-01	-0.040975	-0.842589	-1.026727	-0.500713	-0.272407	0.013351	-0.131732	-0.741961	0.085890	-0.820777
TCGA-A7-A3IY-01	-0.486341	-0.982629	1.229979	1.439272	-0.589559	-0.500965	-0.747657	0.994179	1.322110	-0.817134
TCGA-A7-A3IZ-01	2.744969	-1.881161	1.566148	-0.004889	1.150855	1.613435	-1.454285	1.672954	0.174087	0.146898
TCGA-A7-A3J0-01	1.178750	-1.821040	0.546043	0.874734	0.646013	1.398876	-3.070975	1.212773	2.566259	1.031820
TCGA-A7-A3J1-01	1.077569	1.223178	-0.075768	1.061334	0.632049	0.302103	0.927927	-0.355598	0.822910	0.204690
TCGA-A7-A3RF-01	1.900491	-3.401963	1.267875	1.022925	1.087471	1.052894	-4.655049	1.357620	0.196894	1.705293
TCGA-A7-A425-01	0.774347	1.518766	-0.725993	0.914085	0.228854	1.445014	0.806906	0.010185	-0.437481	-0.109728
TCGA-A7-A426-01	1.700558	1.854451	1.023498	0.669992	-0.320954	1.630778	1.687476	0.755252	0.269146	-0.535747
TCGA-A7-A4SA-01	0.564505	1.080314	0.921806	0.007074	0.374088	0.525940	0.601368	1.223957	-0.408445	0.486905
TCGA-A7-A4SB-01	1.461667	0.213396	0.621365	0.200409	-0.028142	0.115076	-0.134703	1.362824	1.116520	-1.008571
TCGA-A7-A4SC-01	1.377151	1.586011	-0.489165	0.324711	0.129765	0.750880	1.337140	0.144817	1.043761	0.607099
TCGA-A7-A4SD-01	-4.310427	-0.515056	-0.755338	-0.189348	-0.555067	-2.650750	-0.327741	-1.275266	0.252491	-0.038343
TCGA-A7-A4SE-01	-3.259327	0.981203	0.640393	-0.328405	-0.228622	-2.556484	0.102989	0.005161	0.424290	0.253194
TCGA-A7-A4SF-01	1.296627	-0.933219	0.106195	-1.742584	0.357063	1.269507	-1.241541	0.548760	-1.547320	-0.760353
TCGA-A7-A56D-01	0.035688	-1.439368	-0.626741	0.725806	-1.334911	-0.536358	-1.857995	-0.451577	-0.121677	-1.351589
TCGA-A7-A5ZV-01	-4.987095	-1.551699	-0.087899	0.660148	-1.157098	-4.345711	0.017721	-1.010649	0.229460	-0.855642
TCGA-A7-A5ZW-01	0.562661	0.817303	-0.122074	-0.260014	-1.177437	0.353012	0.654937	0.399663	-0.486735	-0.816071
TCGA-A7-A5ZX-01	1.062416	0.941234	0.785039	0.143425	-0.786894	1.300751	0.703131	-0.154961	0.268030	-1.410915
TCGA-A7-A6VV-01	-3.908944	-0.444623	-0.451606	0.320948	-0.392835	-2.199452	-0.203396	-0.613452	-0.089222	-0.059030
TCGA-A7-A6VW-01	-3.339920	1.062091	-0.838598	0.164485	0.444165	-3.534032	0.937049	-0.155232	0.464323	-0.777338
TCGA-A7-A6VX-01	0.295389	-0.139140	-0.063252	-1.361853	0.177627	1.064266	-0.751756	-0.044512	-0.609209	-0.435819
TCGA-A7-A6VY-01	-4.965397	-1.155670	0.232403	-0.219353	-0.036572	-3.374354	-0.054880	-1.083108	-0.349509	-0.563607
TCGA-AC-A23C-01	0.470079	0.222380	-1.379570	-0.883192	-0.179159	1.241456	-0.269769	-1.525514	-0.137916	0.631619
TCGA-AC-A23E-01	0.769933	-0.328085	-0.644558	0.221783	-0.795566	0.788577	-1.132028	-1.361242	0.023201	-0.647057
TCGA-AC-A23G-01	0.450709	0.562082	-0.218498	-0.274935	-1.207281	-0.011570	0.928600	0.175044	-0.555276	-1.244535
TCGA-AC-A23H-01	0.895866	-1.493893	-2.825245	0.519042	0.332975	0.543234	-0.993721	-2.176697	0.487988	0.554883
TCGA-AC-A2B8-01	0.802939	1.161002	-0.523385	0.149939	-0.660507	0.716321	1.219421	-0.901593	0.691444	0.052333
TCGA-AC-A2BK-01	-2.778950	-1.608522	0.295421	-0.376158	-0.940746	-2.299545	-0.759889	-0.074426	0.639629	-2.302782
TCGA-AC-A2BM-01	1.328930	-1.134099	0.942890	-1.492091	-0.016018	1.375739	-0.703779	0.797554	-1.348895	-0.249016
TCGA-AC-A2FB-01	0.788248	1.418446	0.388552	-0.354219	0.360117	0.886713	1.775329	1.132464	-0.347385	-0.803261
TCGA-AC-A2FE-01	0.884930	1.947535	0.039057	-0.179494	-0.074222	0.571736	1.639969	0.405447	0.318509	-0.143852
TCGA-AC-A2FF-01	0.100404	1.968200	0.677687	0.181376	0.320139	0.064928	1.757491	0.727567	-0.376842	0.050666
TCGA-AC-A2FG-01	0.977871	2.081816	0.639544	0.474099	-0.218554	1.801597	0.910919	1.275944	0.560590	-0.706472
TCGA-AC-A2FK-01	-0.435938	1.903885	0.445382	1.148782	-0.343176	0.038891	2.589283	1.161696	0.863858	-0.064491
TCGA-AC-A2FM-01	2.295337	0.209117	1.170514	-1.322848	0.555980	0.988802	0.864858	1.164503	-0.464341	0.484073
TCGA-AC-A2FO-01	1.447559	1.413334	0.952112	-0.622988	0.022943	1.106675	1.732176	0.174080	-0.621566	0.657116
TCGA-AC-A2QH-01	-2.971246	-2.900230	0.606094	-1.601224	-0.155720	-2.745548	-2.553597	0.477821	-0.350813	-0.824118
TCGA-AC-A2QI-01	1.024484	0.702477	-0.517730	-0.426803	-0.110300	1.113787	0.697262	-0.518673	0.433734	-0.716779
TCGA-AC-A2QJ-01	-3.078042	-0.308641	-1.230131	0.329254	-0.457991	-2.311748	0.554514	-0.870407	-0.592925	-0.642881
TCGA-AC-A3BB-01	1.622076	1.832188	-0.417774	0.689208	0.133173	1.095192	2.167006	-0.549566	-0.434704	0.103375
TCGA-AC-A3EH-01	1.426838	0.071214	-1.041813	-1.009153	-0.680652	1.496609	0.502880	-0.745528	-0.462259	-1.245581
TCGA-AC-A3HN-01	1.091025	1.054513	-0.124069	1.421512	0.478775	1.053697	1.834019	0.525402	0.843054	0.027410
TCGA-AC-A3OD-01	0.487783	1.488437	0.580374	0.335069	-0.420244	0.846654	0.731181	0.476151	-0.137865	-0.299702
TCGA-AC-A3QP-01	0.861011	1.375140	0.781852	0.413784	-0.957449	0.789703	0.649814	-0.415705	0.310931	-0.678932
TCGA-AC-A3QQ-01	1.016247	1.329764	-0.115715	0.615065	-0.497157	1.441992	0.193283	0.077632	0.835165	-0.140015
TCGA-AC-A3TM-01	0.688333	1.347358	-0.662253	-0.143459	-1.383728	0.677236	1.078035	-1.179580	0.270004	-1.015166
TCGA-AC-A3TN-01	1.907571	0.255798	-0.040860	0.593819	-0.378837	1.267511	0.290602	-0.260391	0.254331	0.025433
TCGA-AC-A3W5-01	-0.836926	0.459306	-1.661981	0.684941	0.004116	-0.176465	0.450535	-2.009606	1.022351	-0.230017
TCGA-AC-A3W6-01	2.060913	0.624723	-0.909812	-0.964823	0.835578	1.655299	0.517983	-0.924365	0.298381	-0.058236
TCGA-AC-A3W7-01	1.967567	1.685483	-0.786832	1.699981	0.019920	1.305363	0.762454	-1.230167	1.087227	-0.448991
TCGA-AC-A3YI-01	0.066352	1.208898	0.667630	0.464118	-0.776058	0.637876	1.440786	0.463251	-0.166488	-0.758417
TCGA-AC-A3YJ-01	1.973123	-1.002928	0.135784	0.278697	-0.181079	1.436813	-0.537769	-0.191834	1.212000	-0.706362
TCGA-AC-A4ZE-01	1.316005	1.168679	-0.326914	0.945723	-0.101663	0.107317	0.185541	0.225382	3.622500	0.255105
TCGA-AC-A5EH-01	-2.539131	-0.896682	-3.421934	0.972182	-0.052118	-1.491421	-1.175950	-1.342963	0.276500	0.247174
TCGA-AC-A5XS-01	0.617697	0.925463	-0.113636	2.002675	0.273301	0.831589	1.228532	-0.226143	1.875482	0.897701
TCGA-AC-A5XU-01	0.591154	-1.893198	0.098824	-0.809479	0.259360	0.896784	-1.231963	0.755509	-0.700936	0.278266
TCGA-AC-A62V-01	1.276199	-1.514999	0.968735	-1.712899	0.707220	0.079560	-0.588413	1.068530	-1.598778	0.478659
TCGA-AC-A62X-01	-3.741459	-0.595348	-0.126726	0.364745	-0.926743	-1.825427	-0.720835	0.088770	0.002658	-1.470125
TCGA-AC-A62Y-01	1.758219	-0.995013	0.255868	1.572189	0.513872	1.302071	-0.062050	0.279495	0.950235	0.825845
TCGA-AC-A6IV-01	1.126706	0.906919	0.797839	0.439971	0.952176	0.728017	0.356134	0.666516	-0.438473	0.919105
TCGA-AC-A6IW-01	-3.173033	0.919295	0.993356	0.047834	0.074365	-2.386533	1.251911	1.345428	0.264597	1.517762
TCGA-AC-A6IX-01	1.084653	1.232456	-0.495841	-1.032522	0.722214	1.136043	1.217860	0.370129	0.216498	0.995232
TCGA-AC-A6NO-01	0.817188	0.509947	-0.325805	0.243507	-1.208175	0.862630	0.796294	-0.705902	-0.227219	-1.597813
TCGA-AC-A7VB-01	1.112896	-0.604575	0.748994	-0.469665	1.374857	1.674310	-1.151605	0.450786	-0.803807	0.886293
TCGA-AC-A7VC-01	-1.522932	-1.397453	-0.582920	-0.761620	-0.514507	-1.372010	-1.635466	-0.122220	-0.767083	-0.368871
TCGA-AC-A8OP-01	1.392571	0.603021	0.920337	-1.773617	0.512204	0.396964	1.275550	1.029453	-1.227436	0.356302
TCGA-AC-A8OQ-01	-3.495272	1.078372	0.691082	0.612383	1.022934	-2.486534	0.631889	1.556351	0.127902	0.609796
TCGA-AC-A8OR-01	-0.333922	-2.034121	1.204669	1.444984	-1.112298	-0.079988	-2.047569	1.181406	0.325618	-0.549920
TCGA-AC-A8OS-01	2.299875	1.804874	0.009747	1.396931	1.014565	1.236540	1.957492	-0.072960	-0.150621	1.075454
TCGA-AO-A12B-01	1.415773	-2.551769	0.829191	1.844556	0.658971	2.079595	-2.525371	0.882716	1.344002	0.835184
TCGA-AO-A1KO-01	-0.257933	1.586340	0.914732	0.466389	-0.119800	0.018679	1.146611	1.064722	0.785033	-0.702575
TCGA-AO-A1KP-01	1.664853	-0.498671	-0.788402	-0.584043	-1.099686	1.265954	-0.621607	-0.388379	-0.807228	-1.215693
TCGA-AO-A1KQ-01	1.233703	-1.797253	0.259225	0.613509	1.412315	-0.164828	-1.782166	0.543640	-0.095697	0.781003
TCGA-AO-A1KR-01	-2.474377	1.118360	-0.159082	-0.426010	-0.271901	-2.548462	1.021536	0.237984	-0.040824	0.815216
TCGA-AO-A1KS-01	1.297036	0.690814	0.240317	-0.864267	0.430024	0.651670	0.164263	-0.542609	-0.732839	-0.042875
TCGA-AO-A1KT-01	1.735487	-1.147853	-0.349421	-0.779669	-1.064292	0.989136	-1.544454	-0.296514	-1.324059	-0.630681
TCGA-AQ-A0Y5-01	-1.322413	-1.294751	-1.466759	0.046026	0.126246	-1.136987	-0.933668	-0.918689	0.238513	-0.023186
TCGA-AQ-A1H2-01	2.125047	-1.997849	-0.240607	-0.079676	-0.286981	2.142455	-2.307176	0.551931	0.198527	-1.065520
TCGA-AQ-A1H3-01	0.622155	0.612955	-0.919929	0.173492	-0.484241	0.037829	1.088424	-0.051111	-0.217612	-0.444161
TCGA-AQ-A54N-01	-3.465602	-0.702008	0.572230	0.687087	-1.345398	-3.161466	-0.572965	-0.051730	0.608562	-1.671339
TCGA-AQ-A54O-01	1.056019	-1.207458	0.735946	-0.067681	-0.319395	1.418998	-0.271244	0.500903	0.184882	-0.444659
TCGA-AQ-A7U7-01	0.984583	0.565967	0.324561	-0.198128	0.197576	0.848991	1.369045	-0.056052	0.128046	0.274314
TCGA-AR-A1AI-01	-4.854386	-0.027065	-0.274732	-0.683695	0.184293	-4.464652	-0.284339	-0.421554	-0.773932	-0.180877
TCGA-AR-A1AJ-01	-3.789927	0.885943	0.606501	-0.651192	1.872738	-3.598771	0.940552	0.650370	-1.040249	0.968554
TCGA-AR-A1AK-01	0.847168	1.113985	0.559521	0.733071	-0.215536	0.107704	0.707615	0.033768	1.840732	-0.255949
TCGA-AR-A1AL-01	1.516019	1.897364	0.285777	0.015567	-0.563115	0.872827	1.489589	0.701056	-0.385211	-0.225243
TCGA-AR-A1AM-01	1.437439	1.084082	0.789493	0.247973	-0.393427	0.149250	0.821828	0.221088	0.204675	-0.379012
TCGA-AR-A1AN-01	2.122662	0.308094	-0.862826	-0.831395	1.076124	1.876139	0.244089	0.196836	0.442148	1.538890
TCGA-AR-A1AO-01	-1.780569	1.522095	-0.600503	0.003990	0.803865	-1.521461	0.682233	-0.032906	0.211064	0.139435
TCGA-AR-A1AP-01	0.029994	0.717234	0.077839	-0.516211	-0.807656	-0.447627	0.492880	0.077380	-0.705859	-0.988532
TCGA-AR-A1AQ-01	-3.842390	-0.557926	0.031252	-0.335742	0.564172	-3.843977	-0.195897	0.537825	0.335811	0.331944
TCGA-AR-A1AR-01	-3.110747	1.505949	0.552482	-1.447311	1.410930	-2.744498	1.215155	0.565175	-0.946316	1.209926
TCGA-AR-A1AS-01	-0.545725	-0.647421	-2.208258	1.753650	-1.997206	-0.593100	-0.467841	-2.908465	2.096263	-1.851352
TCGA-AR-A1AT-01	0.364167	0.733357	-1.380792	0.114542	-0.734678	-0.429839	0.357548	-0.188807	-1.477356	0.007471
TCGA-AR-A1AU-01	0.623490	1.806705	0.838532	-0.544787	-0.166461	0.400374	0.378210	1.119133	-0.866702	0.049695
TCGA-AR-A1AV-01	1.729554	-1.802552	-0.014005	0.446947	0.231906	1.411861	-0.978047	-0.403887	0.498410	-0.221539
TCGA-AR-A1AW-01	-0.668976	0.731360	-0.045729	-1.267427	-0.322415	0.217188	1.023993	0.447474	-1.181577	-0.369202
TCGA-AR-A1AX-01	-0.072816	1.220947	-0.753202	-1.682045	0.194023	-0.141798	1.443564	-1.144996	-0.993053	0.479280
TCGA-AR-A1AY-01	-4.807539	0.544929	0.647140	0.179257	-0.112114	-3.869183	-0.221436	0.230793	-0.520041	-1.473461
TCGA-AR-A24H-01	1.160701	-1.285120	-0.486201	0.006885	0.623268	1.220747	-0.357141	-0.492935	-0.232526	0.819490
TCGA-AR-A24K-01	1.019994	-1.039542	-0.731965	-2.283890	-1.434387	0.138402	-0.793249	-1.285321	-1.591238	-1.746032
TCGA-AR-A24L-01	0.921365	-0.995561	1.360290	0.069993	0.663697	1.138804	-1.249767	1.173252	0.307459	0.406601
TCGA-AR-A24M-01	1.280294	-0.597460	-0.415138	1.284262	-0.446061	1.214600	-0.637194	-0.358690	1.807060	-0.580509
TCGA-AR-A24N-01	0.284239	-1.044643	-0.681884	-1.327146	-0.671005	1.497434	-0.695307	-0.833701	-1.025482	-1.162725
TCGA-AR-A24O-01	1.158958	1.490077	0.018118	1.144167	0.740987	1.732496	1.414784	-0.477762	1.454429	0.774004
TCGA-AR-A24P-01	-0.083747	0.139256	-1.150453	-0.442218	-1.373531	0.483788	0.054319	-0.523389	0.023311	-1.663990
TCGA-AR-A24Q-01	-3.045063	-1.166748	1.706904	-0.179619	-0.545242	-3.564294	-0.950614	1.925919	-0.664547	-0.179771
TCGA-AR-A24R-01	1.503362	0.125194	1.260018	-0.451094	1.023486	1.415270	-0.860209	-0.032428	-0.578890	0.498756
TCGA-AR-A24S-01	0.328254	-0.039112	0.057332	-1.175311	-0.163260	0.362425	-0.114854	-0.199548	-0.926016	0.641767
TCGA-AR-A24T-01	1.086814	0.240869	0.504369	-0.054119	-0.856026	1.253150	0.247205	0.539265	0.271352	-0.029815
TCGA-AR-A24U-01	-0.999400	1.496429	-1.519382	-0.920888	1.735820	-0.347462	0.986513	-1.338354	-0.536986	1.259767
TCGA-AR-A24V-01	0.545188	-1.156862	0.629146	-0.889449	-0.828451	-0.354865	-1.192220	0.769780	-0.703961	-0.493431
TCGA-AR-A24W-01	0.946802	1.370048	0.512982	0.706329	0.191725	0.826237	1.664307	0.199152	0.929652	0.124866
TCGA-AR-A24X-01	1.764274	0.724390	-0.031811	-0.688569	-0.287607	1.316472	0.644587	-0.527717	-0.943897	-0.663975
TCGA-AR-A24Z-01	1.453156	-1.112568	-0.718984	0.885234	0.940099	1.411351	-1.706951	-1.621267	0.695107	1.722412
TCGA-AR-A250-01	1.482711	-1.686667	-0.816312	-1.134411	0.072124	1.317276	-1.703546	-0.018020	-0.425668	0.588183
TCGA-AR-A251-01	-4.281200	-0.026579	1.010258	0.065523	0.936751	-3.567089	-0.290184	0.860214	-0.351409	1.591675
TCGA-AR-A252-01	1.826391	-0.132219	0.428776	0.029476	1.697063	1.332798	0.463572	0.490668	-1.060397	1.048324
TCGA-AR-A254-01	-0.157410	1.386932	-0.941411	-0.088175	-0.085827	-0.504154	0.729738	-1.814592	0.600083	0.026512
TCGA-AR-A255-01	1.235825	0.730139	-0.285442	-0.470501	-0.040882	0.791581	0.910311	0.228664	-0.191796	-0.041307
TCGA-AR-A256-01	-5.037451	-0.909069	0.904257	-0.322689	0.720716	-3.333305	-0.462260	0.439634	0.904170	0.461854
TCGA-AR-A2LE-01	1.718952	0.144928	-0.468345	-0.368213	-0.359259	0.683545	0.804030	1.001044	-0.723703	0.205443
TCGA-AR-A2LH-01	-0.664059	2.844808	-1.567736	1.034210	0.371454	-0.224521	2.987191	-0.346388	0.516272	-0.058148
TCGA-AR-A2LJ-01	0.466641	1.979024	1.008680	-0.657271	-0.807316	0.972174	1.561988	0.971569	-0.522580	0.219099
TCGA-AR-A2LK-01	1.447351	-0.691926	-0.093625	-2.141267	-0.726893	1.167567	-0.379001	-0.109491	-1.505551	-1.348944
TCGA-AR-A2LM-01	0.949770	1.157250	0.341906	-0.436598	-0.790212	1.563039	1.965651	0.053375	-0.087388	-1.236728
TCGA-AR-A2LN-01	1.062085	1.500243	-0.392786	0.742756	-0.285388	1.922130	2.243883	0.118066	1.087965	0.417415
TCGA-AR-A2LO-01	-0.118862	1.549170	1.222378	-1.031812	-0.391881	0.482576	1.789631	0.971428	-1.329576	-0.743915
TCGA-AR-A2LQ-01	0.307063	2.582837	-1.002547	0.655393	0.281704	0.069855	2.436574	-0.147104	0.220693	0.205130
TCGA-AR-A5QM-01	2.191998	0.722204	0.102373	1.103158	-0.050578	1.650918	0.657478	0.598970	0.437725	-0.002725
TCGA-AR-A5QN-01	2.051742	0.584182	0.309392	-1.473902	0.405015	1.086936	0.830206	0.845393	-0.460731	1.119301
TCGA-AR-A5QP-01	0.033735	1.951683	0.850513	-0.352944	-0.714576	0.432069	0.539168	0.670726	-0.034428	-0.843686
TCGA-AR-A5QQ-01	-2.915832	0.420411	-0.106869	-0.324103	-0.791026	-3.311204	0.691230	0.081364	-0.011694	-0.208272
TCGA-B6-A0I1-01	-4.060126	-1.486721	-0.559245	-0.130212	-0.695748	-3.124645	-0.954022	-0.163458	-0.936972	-1.059301
TCGA-B6-A1KC-01	1.792293	-2.446147	0.851211	-0.839935	0.557772	1.186826	-1.563981	1.598708	-0.140131	1.410026
TCGA-B6-A1KF-01	-4.085919	-1.563801	-0.110889	0.692247	-0.153903	-3.221549	-1.532222	0.159314	1.239851	-0.844815
TCGA-B6-A1KI-01	1.531253	0.024814	0.186184	1.670061	0.568081	1.444418	-0.281725	0.347719	1.409701	1.106526
TCGA-B6-A1KN-01	0.234477	0.737115	-0.247980	-0.714906	0.267692	0.371400	0.425033	-0.821280	-0.036643	0.157588
TCGA-B6-A2IU-01	1.929188	1.016138	0.418872	-0.230815	-0.406988	0.982222	0.997968	1.158381	0.635896	-0.316992
TCGA-B6-A3ZX-01	-3.239204	1.273227	1.288735	-0.230649	0.481983	-2.998331	0.216543	1.018736	0.326836	1.213584
TCGA-B6-A400-01	-4.486945	-0.270546	0.969135	-0.057490	-0.073458	-4.105802	0.025808	0.475565	0.144804	0.043709
TCGA-B6-A401-01	-1.289222	2.326827	-0.930667	0.945028	-1.030207	-0.871879	1.453097	-1.423204	1.447074	-0.907074
TCGA-B6-A402-01	-5.235051	-1.912725	0.617835	1.378616	-1.475406	-4.512442	-1.677559	1.587806	0.981624	-2.230470
TCGA-B6-A408-01	1.798007	-1.053921	0.264244	-1.744189	-0.907035	1.643073	-1.482849	-0.056053	-1.799560	-1.011839
TCGA-B6-A409-01	-3.874289	0.818599	1.087765	0.629028	-0.308362	-3.946396	0.518830	0.546200	1.133320	0.571450
TCGA-B6-A40B-01	1.314220	0.653235	-0.390852	0.434831	-0.255396	0.870647	1.312619	-0.981052	0.021436	-0.610796
TCGA-B6-A40C-01	1.144615	0.484590	0.177165	-0.109982	-0.615455	0.728197	1.030383	-0.175599	-0.800900	-0.127536
TCGA-BH-A0AU-01	1.750279	0.003029	0.065122	-1.173480	-0.006161	0.971277	0.551635	0.515901	-1.101699	-0.588550
TCGA-BH-A0AZ-01	1.300797	0.190650	0.427136	0.536305	0.029136	0.408919	0.274941	0.448238	0.356627	0.029168
TCGA-BH-A0B5-01	1.149999	0.943142	-0.652382	-0.368625	0.100645	0.742701	0.093288	-1.113220	-0.757035	-0.351159
TCGA-BH-A0BF-01	-1.523342	0.905534	-0.805419	-0.225208	-0.405814	-0.616693	0.730173	-1.241502	-0.585228	0.050858
TCGA-BH-A0BS-01	1.429407	-0.480161	0.182145	-0.081576	0.048424	1.527424	-0.533490	-1.035065	-0.298299	-0.989642
TCGA-BH-A0BT-01	0.959678	0.372289	0.119879	-0.645584	-1.060898	0.103985	-0.306925	-0.516417	-1.305015	-0.632330
TCGA-BH-A0BZ-01	-0.227856	-0.077359	0.098222	-0.249015	0.253087	-0.231455	2.127900	1.575037	-0.288688	-0.065976
TCGA-BH-A0C3-01	-0.010619	1.442354	-0.258495	-0.308793	2.281113	0.800320	1.525517	-0.093787	-0.140423	1.236498
TCGA-BH-A0DD-01	-0.397834	-1.923629	-0.182587	-1.546034	-0.289151	-0.837669	-0.493404	-0.695651	-1.914015	-0.046030
TCGA-BH-A0DG-01	0.301676	0.681610	-0.261267	0.443764	0.852028	0.986340	0.227708	-0.347536	0.643346	0.094706
TCGA-BH-A0DI-01	0.696052	1.308070	-0.545149	0.196053	0.158589	-0.237918	0.865841	-0.700679	-0.282155	-0.202685
TCGA-BH-A0DV-01	0.949745	1.872147	-0.166273	1.000586	0.098161	1.121842	1.749023	-1.484039	1.156198	0.135213
TCGA-BH-A0E2-01	0.622445	-0.341163	0.351415	-0.349737	0.712141	0.875085	-0.595621	-0.309862	-1.528204	0.232357
TCGA-BH-A0H3-01	0.740232	0.823129	0.461194	-0.686970	-0.715258	0.699210	0.822440	0.020958	-0.907284	-0.798032
TCGA-BH-A0HA-01	1.592523	-0.258766	0.869333	-0.142336	0.570032	1.780656	-0.744479	0.373507	-0.389117	0.110141
TCGA-BH-A0HN-01	1.648318	-1.239746	-0.536609	0.557644	-1.433545	1.493290	-1.027153	-0.175068	-0.533579	-1.109969
TCGA-BH-A1EN-01	0.463350	-1.335132	-0.889794	2.355946	0.353679	0.062513	-1.039121	1.106235	2.523119	0.265285
TCGA-BH-A1EO-01	0.568992	0.373252	-0.173067	-1.862363	-0.038411	0.963856	0.509412	-0.121896	-1.436127	-0.217751
TCGA-BH-A1ES-01	0.840077	-1.557495	-0.869926	-0.811167	-0.454700	0.457478	-1.332807	0.107690	-0.115586	-1.309808
TCGA-BH-A1ET-01	2.731169	-0.342970	0.424676	0.716329	0.378495	1.772847	-0.103195	0.238133	-0.079811	0.345786
TCGA-BH-A1EU-01	1.944546	1.269264	0.588418	0.229932	0.962431	1.186240	1.618911	0.388702	-0.055288	0.852849
TCGA-BH-A1EV-01	1.047165	-0.946727	-2.487396	-0.407470	-1.262692	0.908574	-1.872275	-1.785119	-0.162404	-1.059340
TCGA-BH-A1EW-01	0.326886	0.157953	-0.912708	-0.865150	0.058184	0.067370	0.592574	-0.261756	-0.726636	0.342712
TCGA-BH-A1EX-01	-0.140432	0.155649	-1.715952	1.684430	-0.045289	-1.006176	0.703772	-1.915605	1.287327	-0.909951
TCGA-BH-A1EY-01	0.263919	0.405458	-0.516738	-0.342469	1.394156	0.785963	-0.725591	-0.469654	0.095528	1.685429
TCGA-BH-A1F0-01	-3.515053	1.159076	0.523617	0.418119	1.079687	-3.729476	0.596360	0.691429	0.068563	0.454355
TCGA-BH-A1F2-01	0.265971	0.130563	-0.764693	0.610588	1.859694	0.130387	-0.672029	-1.461823	0.149550	1.192246
TCGA-BH-A1F5-01	1.806234	-0.386699	0.381415	0.563839	-0.139304	1.001064	0.276281	0.258541	1.053331	-0.327809
TCGA-BH-A1F6-01	-4.719096	-0.055983	0.219689	0.512563	1.275802	-4.641297	-0.028444	0.096151	-0.030177	0.324985
TCGA-BH-A1F8-01	0.517827	-2.153516	-1.264396	-0.269644	-0.865332	0.137948	-0.826648	0.009561	-0.055804	0.331986
TCGA-BH-A1FB-01	-0.008256	1.617369	0.070576	-0.048255	-0.096313	-0.797088	1.070131	0.735398	-0.854522	-0.524611
TCGA-BH-A1FC-01	-5.073020	-1.440170	0.136563	0.700687	0.053296	-4.065074	-1.673725	0.728548	0.216762	0.312432
TCGA-BH-A1FE-01	0.622032	1.026535	-0.775083	-0.638731	0.154113	0.276861	0.764236	-0.628743	0.236440	-0.071705
TCGA-BH-A1FG-01	1.305615	-0.918918	1.456490	0.092527	-0.444990	1.089264	0.098668	1.119036	0.523961	-0.458055
TCGA-BH-A1FH-01	1.801666	1.037641	-0.221425	0.034588	-0.218810	0.997020	0.365986	0.484918	-0.552907	0.316574
TCGA-BH-A1FJ-01	0.877113	-1.965555	-0.035448	2.909971	-0.813288	-0.535673	-1.186479	0.619502	2.642011	0.164911
TCGA-BH-A1FL-01	1.213502	1.001159	0.026255	-1.968072	-0.441523	1.180252	0.573783	-0.562859	-1.283296	-0.351925
TCGA-BH-A1FM-01	-0.189724	-2.584029	-0.784416	-0.692682	-0.301232	-0.094981	-2.306181	-0.418109	-0.349932	-0.307731
TCGA-BH-A1FN-01	0.058100	-1.286608	-1.465735	-1.403809	-0.754283	0.081830	-1.611851	-1.447913	-1.542891	-0.053144
TCGA-BH-A1FR-01	2.124334	-1.155945	1.404871	0.593727	1.458535	1.362406	-1.567084	0.762241	0.639116	2.010920
TCGA-BH-A1FU-01	-1.555996	0.779345	-1.174890	-0.752999	0.272492	-0.972379	0.812884	-1.444855	-0.360049	1.304526
TCGA-BH-A201-01	0.654204	0.874132	-0.183707	1.241151	-0.426831	0.425451	0.490140	-0.006506	1.627092	-0.908309
TCGA-BH-A202-01	-0.302278	-0.408197	-1.883404	-0.399874	-0.152812	-0.001248	-0.495498	-1.152810	-0.650317	-0.328217
TCGA-BH-A203-01	-0.650152	-0.209088	-1.608263	-0.749298	1.124437	-1.334174	0.384992	-1.897071	-1.442221	1.268640
TCGA-BH-A204-01	2.329647	-2.652226	0.898377	0.285527	0.341994	2.436036	-1.919032	0.584676	0.485975	0.370032
TCGA-BH-A208-01	-2.135568	-0.320294	-1.157766	0.600619	0.722253	-0.989630	0.293881	-1.333465	1.031750	0.527812
TCGA-BH-A209-01	-0.570018	-0.461727	0.144092	-2.268571	0.400747	-0.611875	0.903408	0.607332	-1.962414	0.254157
TCGA-BH-A28O-01	0.655973	2.212871	0.573977	0.883305	-0.299610	0.288380	1.906015	0.083144	0.862835	0.103826
TCGA-BH-A28Q-01	0.848446	0.962883	-0.528598	-0.259805	-1.283675	1.275416	0.853215	-0.490402	0.784872	-0.962233
TCGA-BH-A2L8-01	0.577440	1.428918	-0.372655	-0.676003	-0.049650	0.279821	2.016163	-1.155724	-0.613643	-0.049664
TCGA-BH-A42T-01	0.064997	0.007573	-0.016424	-0.146839	-0.542701	-0.409394	-0.255205	1.179111	0.544494	-0.919003
TCGA-BH-A42U-01	0.452681	2.440515	0.276150	1.172203	-0.497576	0.610544	2.197410	0.649470	0.533946	-0.231029
TCGA-BH-A42V-01	1.140927	1.751963	1.254009	0.192366	-0.437502	1.006610	1.493107	1.117594	0.528309	-0.020971
TCGA-BH-A5IZ-01	-5.269861	-0.231765	-0.010705	0.942762	0.044423	-4.088680	-1.519981	-0.231985	0.261825	0.576990
TCGA-BH-A5J0-01	2.302524	0.846401	-0.265187	-0.810222	-0.289947	1.114721	0.350293	-0.672309	-0.143368	0.126612
TCGA-BH-A6R8-01	0.701264	-1.742267	0.174075	0.454759	-0.304755	0.927577	-0.927567	0.613260	0.257344	-0.909089
TCGA-BH-A6R9-01	-1.992691	-0.384045	-0.013511	-1.352512	-0.380143	-0.768781	0.272125	0.322591	-0.170297	-1.424087
TCGA-BH-A8FY-01	2.590353	0.368152	0.453924	-0.296313	-0.507566	1.970462	0.835697	-0.059973	1.337997	-0.753881
TCGA-BH-A8FZ-01	0.793900	2.274006	-0.279989	0.051619	-0.170879	0.978790	1.527555	-0.104217	-0.222012	0.015377
TCGA-BH-A8G0-01	1.457033	2.068747	0.217664	-0.073931	-0.314707	0.722118	1.831200	1.214864	-0.330297	0.101673
TCGA-BH-AB28-01	0.402306	0.868409	0.015155	0.135823	-1.430839	0.098218	1.156843	0.222789	1.211005	-1.287619
TCGA-C8-A1HE-01	1.918272	-0.101451	-0.340995	1.774174	-1.194124	1.001408	-0.498065	0.661569	1.904091	-1.743927
TCGA-C8-A1HF-01	-0.684906	-1.563389	-1.542170	0.432084	-0.189060	-0.337559	-1.449076	-0.972317	-0.739725	0.694556
TCGA-C8-A1HG-01	0.296228	-1.458817	-0.443254	-0.818742	0.709127	0.172986	-1.321087	-0.361936	-0.854376	0.747005
TCGA-C8-A1HI-01	1.534158	-0.301204	0.403798	-0.587266	-0.530368	1.002366	-1.402362	0.431758	-1.148462	-1.383150
TCGA-C8-A1HJ-01	-4.879508	-0.190992	0.491634	0.566836	1.022336	-4.307639	-0.196145	0.819888	0.742852	0.010946
TCGA-C8-A1HK-01	0.834174	-1.557227	-1.431637	0.967507	0.269446	0.904441	-0.659756	-1.740085	-0.066641	0.316699
TCGA-C8-A1HL-01	1.540086	-1.414064	0.332887	0.980652	0.667952	2.071157	-1.310680	0.240196	0.970211	0.645894
TCGA-C8-A1HM-01	0.182714	-1.226319	-1.553195	-0.950493	-0.254206	0.325560	-0.756569	-1.908147	-1.131449	-0.884796
TCGA-C8-A1HN-01	1.353437	-2.252259	0.311496	-1.320910	-0.118788	1.229026	-2.463349	0.011258	-1.181609	0.395403
TCGA-C8-A1HO-01	1.474486	-2.646291	0.758397	-0.062533	0.681458	1.783363	-2.275781	1.281184	-0.150726	0.870578
TCGA-C8-A26V-01	0.741999	-1.692242	-1.489482	0.123769	-1.004329	-0.309970	-1.286495	-0.627194	-0.153096	-0.884039
TCGA-C8-A26W-01	1.189959	0.425871	-0.279833	-0.128446	-0.002194	0.704166	0.118398	-0.852138	-0.794210	0.944445
TCGA-C8-A26X-01	-2.092492	0.458806	-2.399558	-0.097249	1.513751	-1.114036	-0.380268	-2.104694	-0.582627	1.075216
TCGA-C8-A26Y-01	-2.616571	-0.853902	-1.532770	0.035045	1.212023	-1.608466	-1.620221	-1.086472	-0.388330	1.895652
TCGA-C8-A26Z-01	2.544979	-1.412389	0.788565	-1.217565	0.087701	1.241204	-1.297623	0.352953	-1.201002	-0.335638
TCGA-C8-A273-01	0.825004	-0.715643	0.569527	-1.044144	-0.750122	0.942455	-1.737185	0.397129	-0.540433	0.435680
TCGA-C8-A274-01	0.424703	-1.539298	-2.392631	1.898471	-0.947304	0.039556	-0.797264	-1.446621	2.177719	-0.218404
TCGA-C8-A275-01	-1.230830	-0.095627	-2.428587	0.305748	0.528192	-0.830013	0.120259	-2.268946	0.219815	0.651826
TCGA-C8-A278-01	-0.759494	-0.269759	-1.565899	-0.348551	-0.121778	-0.427270	-1.049495	-2.074841	0.478319	0.603247
TCGA-C8-A27A-01	1.518822	-2.107413	0.126654	-0.927302	1.013692	0.880186	-2.843743	0.137204	-1.225223	2.159784
TCGA-C8-A27B-01	-5.744997	-1.568542	-0.063725	-0.156412	-0.629980	-4.457135	-0.841668	-0.357486	-0.656904	-0.241230
TCGA-C8-A3M7-01	1.846141	2.099395	-0.664205	1.197360	-0.027489	1.897670	2.365353	-0.971730	1.141768	0.129655
TCGA-C8-A3M8-01	1.891505	-0.050290	0.916428	-0.593869	0.486264	1.472839	0.269225	0.508447	-0.974045	0.389959
TCGA-C8-A8HP-01	-0.878665	1.177195	-2.250473	1.353882	1.119769	-0.732420	0.998031	-1.434518	1.215949	0.212434
TCGA-C8-A8HQ-01	0.079855	-0.277798	0.168496	0.586006	0.417956	0.319384	-0.388864	-0.429458	1.121980	0.204204
TCGA-C8-A8HR-01	0.004303	1.544554	0.089886	0.393949	-0.622793	0.238493	1.437995	0.061215	-0.262709	0.177404
TCGA-D8-A1J8-01	0.871093	-1.655169	-1.185533	0.239253	0.509931	0.840485	-1.396976	-1.112473	-0.832808	0.102189
TCGA-D8-A1J9-01	0.846460	-1.168168	-2.375657	1.548807	0.030878	0.795796	-0.548121	-2.318392	2.241879	0.099176
TCGA-D8-A1JA-01	-1.403795	-0.472134	-3.904324	1.413058	0.626130	-0.955431	-0.946922	-3.561542	2.190884	-0.103490
TCGA-D8-A1JB-01	0.510482	0.491463	1.096478	-0.668803	0.062599	0.328466	1.361055	0.382663	-0.814603	-0.359166
TCGA-D8-A1JC-01	-0.504519	-1.150261	-0.790943	-0.209926	-0.496960	-0.445781	-1.051247	-0.381161	-0.999809	-0.027141
TCGA-D8-A1JD-01	0.483732	-1.370233	0.218585	-0.767736	-1.062438	0.612570	-0.883044	-0.153137	-0.791621	-0.627750
TCGA-D8-A1JE-01	1.968097	-2.718363	-0.568453	1.524857	-1.132283	1.078128	-2.034059	-0.960773	1.360945	-0.446640
TCGA-D8-A1JF-01	-1.106270	0.897528	-1.749772	-1.349218	1.498711	-1.399580	0.619190	-2.300725	-1.299691	0.632002
TCGA-D8-A1JG-01	-1.072645	-0.137121	-2.697792	-0.387141	0.524181	-1.317463	-0.352026	-1.610057	0.316424	1.053538
TCGA-D8-A1JH-01	0.796253	0.414904	-0.031224	-0.019174	0.386847	-0.020207	0.341347	0.328276	-0.334376	0.104518
TCGA-D8-A1JI-01	2.143332	-1.543228	0.616769	0.597870	0.394037	1.822800	-2.236909	0.394901	0.668981	0.743078
TCGA-D8-A1JJ-01	0.566236	-1.773239	-1.895438	-0.226491	0.140660	0.674867	-1.775178	-1.680487	-0.600676	0.294726
TCGA-D8-A1JK-01	-2.695329	-0.902884	-2.140627	-0.718749	0.743676	-2.422588	-1.154532	-2.005651	-0.830491	1.053463
TCGA-D8-A1JL-01	-3.182444	-0.594393	0.235420	-0.550423	-0.466438	-2.971521	0.262555	-0.094004	0.691299	0.134004
TCGA-D8-A1JN-01	1.557483	-0.601836	-1.180053	0.784199	-0.270761	2.305509	-0.372045	-0.662506	1.141186	-0.470926
TCGA-D8-A1JP-01	0.223868	-0.711084	-0.712731	-1.629361	-1.295775	0.189763	-0.072130	-0.812329	-0.923655	-0.782846
TCGA-D8-A1JS-01	2.548280	-1.088843	-0.386794	2.469947	-0.038772	2.544723	-1.329035	-0.380340	1.312809	-0.333770
TCGA-D8-A1JT-01	0.728703	-1.514969	0.623682	-0.530333	-1.968811	0.577406	-2.578132	0.824686	0.358652	-0.901076
TCGA-D8-A1JU-01	0.921287	1.265010	0.079921	-0.471318	0.290912	0.499271	0.104740	-0.179736	-0.530402	0.116250
TCGA-D8-A1X5-01	1.397227	-3.078030	-0.548798	-1.751642	-0.115345	0.570343	-2.101920	-1.035862	-1.506828	0.139932
TCGA-D8-A1X6-01	1.484739	-2.132717	0.409164	-0.856560	-0.288069	1.554656	-1.852148	0.488471	-0.095362	0.331834
TCGA-D8-A1X7-01	0.583801	-0.830907	0.627491	2.137623	0.104710	0.639191	0.036078	-0.196212	0.886428	-0.407189
TCGA-D8-A1X8-01	2.355367	0.560114	0.214255	1.339606	0.598410	1.648667	0.426606	1.110867	0.563590	0.139758
TCGA-D8-A1X9-01	0.436561	-1.774930	-0.100464	-1.064341	-0.755836	0.548178	-1.279591	-0.254904	0.277681	0.438253
TCGA-D8-A1XA-01	0.954904	-0.562737	0.208136	-0.206729	0.318936	0.221955	-0.854330	-0.623752	-0.816654	-0.510101
TCGA-D8-A1XB-01	0.588046	-0.285207	-1.002546	-0.603385	-0.815801	0.129917	-0.345663	-0.565874	0.460467	-1.253649
TCGA-D8-A1XC-01	1.956746	-4.172364	1.261790	2.757081	0.496939	2.205043	-3.937575	1.579418	2.214280	0.974700
TCGA-D8-A1XD-01	0.224657	-0.711407	0.505011	-0.687602	-0.216733	0.707422	-1.466072	-0.054312	-0.768580	-0.616910
TCGA-D8-A1XF-01	0.492551	-1.089523	1.235289	0.054095	0.451847	0.568662	-1.471747	0.682625	-0.993724	0.069481
TCGA-D8-A1XG-01	0.402879	-2.038525	1.622876	0.669673	-0.509497	0.296813	-2.271805	0.701048	0.906154	-0.939821
TCGA-D8-A1XJ-01	1.410076	-1.166517	-0.499471	0.149797	0.660807	1.515282	-1.320592	-0.999056	0.894363	0.039442
TCGA-D8-A1XK-01	-3.451767	-0.965889	0.814804	-0.748200	0.432289	-3.017480	-1.360809	0.394953	-0.745174	-0.587193
TCGA-D8-A1XL-01	-0.079428	-0.888520	-0.238106	-1.359409	-0.365612	0.722986	-1.007345	0.499435	-0.775925	-0.081204
TCGA-D8-A1XM-01	0.816746	1.167988	-0.000617	-0.416234	0.314740	0.165956	1.627449	-0.605948	-0.948988	0.906198
TCGA-D8-A1XO-01	0.981810	-0.062843	-0.606616	1.351318	-0.685741	0.758270	-1.165820	-0.557074	1.113905	-0.374939
TCGA-D8-A1XQ-01	-3.851987	-1.010267	-0.055010	0.198900	-0.329084	-2.645616	-1.693246	-1.254009	-0.501124	-0.185726
TCGA-D8-A1XR-01	1.638367	-1.090041	-0.658066	1.405457	0.770563	1.501031	-1.089789	-0.940481	2.025521	0.760981
TCGA-D8-A1XS-01	0.807166	-1.412609	-0.401382	-0.402181	-0.828623	0.974459	-0.246431	-0.422082	-1.566648	-1.098200
TCGA-D8-A1XT-01	-1.914062	-1.104025	-1.746799	-0.938243	1.162017	-1.141915	-2.261331	-1.178913	-1.024077	2.190686
TCGA-D8-A1XU-01	0.976131	-1.307980	0.224242	-0.324127	-0.218040	1.294916	-1.098756	0.305309	-0.376121	-0.768196
TCGA-D8-A1XV-01	1.977680	-2.612408	1.521206	2.222624	0.372422	1.371858	-2.754048	1.263505	1.834762	0.933093
TCGA-D8-A1XW-01	-4.442830	-1.258202	1.903871	1.948126	-1.993371	-3.458158	-0.776041	1.584169	0.769100	-1.166942
TCGA-D8-A1XY-01	0.635822	-0.483749	-0.649992	0.217139	-0.836194	0.854487	-1.978636	-0.098624	0.324513	-0.382735
TCGA-D8-A1XZ-01	0.347333	-2.351574	0.159769	-2.222478	-0.643041	-0.901392	-2.417409	-0.237598	-2.125198	0.414907
TCGA-D8-A1Y0-01	0.773647	0.215232	-0.219908	-1.142797	-0.249010	0.635221	-0.004877	0.483534	-1.226225	-1.084596
TCGA-D8-A1Y1-01	1.146323	-1.574604	-0.197340	-0.752931	-0.947965	1.188674	-1.219899	-1.124417	-1.667469	-0.953620
TCGA-D8-A1Y2-01	-0.749512	-0.523708	-0.086396	-0.411147	0.220054	0.177660	-0.416229	-0.193610	-1.102004	-0.128477
TCGA-D8-A1Y3-01	0.093076	-1.268150	-0.221549	-1.327040	0.190514	-0.170113	-0.598141	-0.976588	-1.019846	-0.683442
TCGA-D8-A27E-01	1.701595	-3.083130	1.521679	2.353631	0.763765	0.484918	-1.542232	0.441415	2.286317	-0.071232
TCGA-D8-A27F-01	-4.834424	0.567285	0.106206	0.374800	-0.630800	-4.204002	-0.077888	0.303903	1.035739	0.375031
TCGA-D8-A27G-01	0.207199	-0.327529	-0.189183	-0.540393	0.276250	0.295176	0.333761	0.259454	-0.438207	0.618109
TCGA-D8-A27H-01	-4.714547	-0.708007	1.455892	0.628636	-0.348514	-3.577711	-1.048471	1.123926	1.144567	-0.956867
TCGA-D8-A27I-01	0.591761	1.877468	0.288378	-0.549233	0.164704	0.504954	1.344501	0.295579	-0.983680	0.274912
TCGA-D8-A27K-01	1.289593	1.390571	-0.678313	0.040074	-0.738556	0.831961	0.656140	-0.663404	0.090327	-0.447147
TCGA-D8-A27L-01	0.404456	1.212093	-0.442213	0.374067	-0.559921	0.627856	1.129070	-0.296469	0.569378	-0.329156
TCGA-D8-A27M-01	-4.550026	-0.120997	1.493886	0.187238	0.558502	-2.623920	-1.313665	2.028551	-0.000049	0.607298
TCGA-D8-A27N-01	0.425322	0.078343	-0.366517	-0.803539	1.360046	0.083725	-0.151113	-0.862196	-0.682641	1.402582
TCGA-D8-A27P-01	1.379780	0.249642	-0.378757	0.647945	-0.941855	1.001672	-0.274622	-0.492552	1.039789	-0.730929
TCGA-D8-A27R-01	-0.706654	-1.182104	-0.158548	-0.716904	1.038295	-0.615491	0.386500	0.516179	-0.312791	1.430818
TCGA-D8-A27T-01	1.279267	0.558089	-0.557751	-1.212954	0.318332	0.942861	0.548163	-0.402136	-1.143766	0.132960
TCGA-D8-A27V-01	1.428197	0.963711	-0.262431	0.188893	-0.543207	1.519179	0.070769	-0.456110	0.727282	-1.212332
TCGA-D8-A27W-01	1.648719	-1.529742	0.279415	-0.417448	1.037424	0.888442	-0.081576	0.193729	-0.802374	1.536170
TCGA-D8-A3Z5-01	1.209577	1.814032	1.221171	0.378775	-0.763204	1.279712	1.137060	0.710877	-0.084408	-0.728430
TCGA-D8-A3Z6-01	2.193603	-0.405205	0.131233	-0.097078	-0.563536	1.717184	-0.504491	-0.252477	0.401930	-0.667300
TCGA-D8-A4Z1-01	1.373214	1.693749	0.698095	-0.074537	0.087248	1.288878	1.766905	0.770669	0.161164	-0.366188
TCGA-D8-A73U-01	0.842101	0.856450	-1.276442	0.556528	-0.371567	0.886956	0.824967	-0.553246	0.967718	-0.040809
TCGA-D8-A73W-01	0.858964	-1.117621	0.905328	2.199243	0.260203	1.031838	-1.000223	0.763496	1.958081	1.057104
TCGA-D8-A73X-01	1.030670	0.448631	-0.502451	-0.954683	-1.626559	1.077307	-0.051992	-0.000227	-0.321737	-1.735322
TCGA-E2-A14N-01	-3.251514	0.751570	0.512734	-0.830990	0.248913	-2.316589	1.590033	0.956680	-0.340854	0.634912
TCGA-E2-A14U-01	0.824068	1.693387	1.059425	0.239554	-0.599342	0.496574	2.566184	1.206875	0.442112	-0.143727
TCGA-E2-A15I-01	1.634937	-0.269501	0.025608	-0.102058	-0.292211	1.829608	-0.027823	0.551539	0.278737	0.851659
TCGA-E2-A15J-01	0.791927	-1.341639	-1.074191	-0.595130	-0.669456	0.923658	0.042977	-0.043734	-0.174535	-0.986827
TCGA-E2-A15K-01	0.683417	-0.279505	-0.454298	1.031018	-0.300797	0.183097	-0.123191	-0.865246	0.495296	0.139566
TCGA-E2-A1AZ-01	-3.180143	0.363655	0.263955	-0.834977	0.350935	-3.167282	1.281844	-0.289512	0.273296	1.265613
TCGA-E2-A1B0-01	-1.416213	-0.154090	-2.113999	-0.671763	0.641749	-1.274909	-0.402749	-1.641733	-0.862681	0.622324
TCGA-E2-A1B1-01	0.177625	1.398269	-0.836207	1.203264	0.937533	-0.102994	0.853330	-0.747058	0.834490	0.658268
TCGA-E2-A1B4-01	1.172374	-0.462971	0.294778	0.844923	-1.106656	0.883561	0.045264	-0.008404	0.515157	-0.872579
TCGA-E2-A1B5-01	1.061313	0.903151	-0.357892	0.028434	1.027670	1.277366	0.333596	0.725367	-1.112208	0.659728
TCGA-E2-A1B6-01	-3.126693	0.693390	2.020539	-0.779806	0.652879	-2.844704	1.101418	1.389314	-0.628331	1.066169
TCGA-E2-A1BC-01	1.062576	1.520202	-0.683087	0.021100	0.393707	0.424966	0.443602	-0.303688	0.780836	0.427736
TCGA-E2-A1BD-01	0.739904	0.477988	-0.824975	-0.659554	-1.747963	0.478967	0.145340	-0.932648	-0.700446	-1.251179
TCGA-E2-A1IE-01	2.511583	-0.550374	1.028609	0.145914	0.740800	1.671214	-0.800618	0.694683	-0.627220	0.451596
TCGA-E2-A1IF-01	1.118265	1.098566	0.243031	1.299636	-0.327124	0.307589	0.873352	0.003104	1.208105	-0.512838
TCGA-E2-A1IG-01	1.634278	-0.551989	0.300078	-1.393868	0.180372	0.803706	-1.294085	-0.354308	-0.634761	0.951092
TCGA-E2-A1IH-01	0.832381	0.803835	0.234453	-1.209642	0.552467	0.393670	0.385624	0.125709	-0.789689	-0.973140
TCGA-E2-A1II-01	-3.637048	-0.590786	1.079666	-0.196753	-0.513029	-2.428271	-0.095282	1.756727	0.364348	-1.213572
TCGA-E2-A1IJ-01	1.237647	1.058827	-0.647482	0.664003	-0.764233	0.823020	0.043818	-0.095069	-0.222333	-0.437019
TCGA-E2-A1IK-01	1.979351	-0.827262	1.619566	1.479908	1.143520	1.734182	-0.131308	1.183685	0.627426	1.103715
TCGA-E2-A1IL-01	1.377314	0.202658	-0.697543	0.885047	0.486869	1.321354	-0.082155	-0.895874	0.399579	0.405572
TCGA-E2-A1IN-01	1.855900	-0.954550	-0.152189	-1.152889	-1.066325	0.805173	-0.645879	-0.679948	-0.559996	-1.564582
TCGA-E2-A1IO-01	0.480693	0.546519	0.778217	-1.168230	-0.373498	0.687694	0.140026	0.558929	-0.942975	-0.116461
TCGA-E2-A1IU-01	1.593399	-0.219497	0.393825	2.298935	0.410480	0.560179	0.029723	-0.200234	1.070753	0.033491
TCGA-E2-A1L6-01	1.185913	0.461502	-0.133352	0.611098	-0.321673	0.602566	0.623045	0.499290	0.337792	-0.359217
TCGA-E2-A1L7-01	0.323087	0.150562	-0.551088	-0.752054	0.524097	-0.179846	-0.112766	1.530652	-0.350544	0.349053
TCGA-E2-A1L8-01	1.508530	-0.369488	-0.110418	0.662129	0.175730	0.435843	-0.522255	-1.302804	0.088925	-0.515927
TCGA-E2-A1L9-01	0.761967	-0.163424	-1.348925	0.277965	-0.219030	0.802701	-0.275508	-1.441020	0.332834	-0.549119
TCGA-E2-A1LA-01	0.826304	-0.053701	1.105944	-1.766513	-0.141025	0.340304	-0.207051	0.272392	-1.377191	-0.371182
TCGA-E2-A1LB-01	0.024868	-1.262655	-2.306224	0.479600	0.566800	0.857121	-0.518789	-1.933682	0.900893	0.315967
TCGA-E2-A1LE-01	-1.523348	1.799014	-0.531298	1.560418	1.426174	-0.391673	1.343841	-0.822406	-0.268902	1.053602
TCGA-E2-A1LG-01	-4.183907	-1.198750	-0.303993	0.221315	-0.689169	-2.550048	-0.695484	-1.251508	-0.716940	-0.430485
TCGA-E2-A1LH-01	-5.260682	0.486397	1.134845	0.649040	0.654872	-4.537581	-0.294462	0.693578	0.117655	0.403086
TCGA-E2-A1LI-01	-4.459065	-0.396956	0.658990	-0.195688	-1.037365	-3.017516	0.015672	0.778719	0.166240	-0.271416
TCGA-E2-A1LK-01	-6.021598	-1.728873	0.453447	0.360393	-0.709251	-4.450429	-1.346106	0.848339	0.794001	-0.709631
TCGA-E2-A1LL-01	-2.775395	1.542499	0.022233	-0.967089	-0.198096	-2.678580	0.715140	-0.283035	-0.422071	-0.103379
TCGA-E2-A1LS-01	-2.952860	0.833683	0.550541	0.865906	-0.718069	-2.480280	-0.002459	1.623020	1.024932	-0.331211
TCGA-E2-A2P5-01	1.751377	-0.209922	-0.450708	-1.525883	-0.596998	0.126137	1.384419	-0.515144	0.001119	0.706521
TCGA-E2-A2P6-01	1.372422	0.220732	0.288128	0.744988	1.012844	1.779540	-0.136654	0.141962	1.461646	0.122283
TCGA-E2-A3DX-01	0.162799	1.506534	-0.025257	-0.423599	-0.188214	0.344365	1.701421	0.741850	-0.294475	0.708644
TCGA-E2-A56Z-01	3.034592	-1.344106	1.290529	0.598580	0.712304	2.330872	-0.886845	0.699491	0.189324	0.677205
TCGA-E2-A570-01	1.371429	0.676736	-0.769266	-0.294669	-0.516277	1.792055	0.112710	-0.159764	-0.498225	-1.325629
TCGA-E2-A572-01	2.283895	-0.350261	1.776206	1.110366	0.757296	2.363864	0.633505	0.953367	0.874076	0.139266
TCGA-E2-A573-01	-3.723187	-0.313130	-0.785030	-0.277477	0.094529	-3.563443	-0.319579	-0.381964	0.097021	1.207987
TCGA-E2-A574-01	-5.084280	-0.312358	0.564506	0.360421	-1.168357	-4.737276	-2.026844	0.249886	-0.019340	-1.090665
TCGA-E2-A576-01	1.852431	0.498153	1.187078	-1.498717	0.034409	2.442903	0.177487	1.452205	-1.849784	0.363256
TCGA-E2-A9RU-01	-0.078147	-0.985267	-0.790628	0.499824	-1.306392	-0.306513	-1.117253	-0.498436	-0.502247	-1.847456
TCGA-E9-A1N3-01	2.548507	-1.342196	1.431761	1.343696	2.064413	2.378128	-1.841905	0.701937	0.887483	1.814135
TCGA-E9-A1N4-01	1.731851	1.188887	0.697725	0.629754	-0.096389	0.587815	0.244883	0.453862	-0.194762	0.048525
TCGA-E9-A1N5-01	0.721143	-0.821488	-0.170663	0.323566	0.012743	1.352824	-0.215209	0.210145	-1.224568	0.297339
TCGA-E9-A1N6-01	-0.212545	-1.010765	-1.864025	0.206564	0.955321	-0.358813	-1.210425	-1.956818	0.239637	0.814624
TCGA-E9-A1N8-01	-4.237020	-1.027585	1.104735	0.408951	-0.896023	-3.910796	-0.913688	0.794838	1.505112	-1.007945
TCGA-E9-A1N9-01	-0.758947	0.113142	0.294640	-1.104372	0.168942	0.484998	0.316050	0.474953	-0.083613	-0.166428
TCGA-E9-A1NA-01	-0.899259	-1.562165	-0.611346	-1.006929	0.018715	-0.431198	-2.118297	-0.995780	-0.780539	1.058626
TCGA-E9-A1ND-01	-2.922615	0.407645	-2.232965	-0.809122	1.021689	-2.571167	0.172199	-2.493298	-0.488443	1.330068
TCGA-E9-A1NE-01	-0.133316	0.787244	0.889524	-0.330216	0.563887	-0.218467	0.315994	1.401344	0.189151	0.221394
TCGA-E9-A1NF-01	-0.157782	-0.882122	-1.535166	-0.234579	0.242178	1.456082	-1.494704	-0.322351	0.264872	0.625788
TCGA-E9-A1NG-01	-0.233651	-1.831234	-1.952118	0.959010	-0.376255	0.019993	-1.483313	-1.458414	0.138983	-0.495020
TCGA-E9-A1NH-01	0.297742	0.209906	-1.203711	0.270713	-0.796220	0.602667	-0.588248	-1.042229	-0.020189	-0.091055
TCGA-E9-A1NI-01	0.982503	-0.927420	-0.192921	0.188798	-0.798018	0.212116	-0.570064	-0.717211	0.162040	-1.266732
TCGA-E9-A1QZ-01	0.916750	1.610997	2.121027	-1.045949	0.852032	0.655536	1.405527	1.261171	-0.956435	1.079076
TCGA-E9-A1R0-01	1.121297	1.924970	0.168607	-0.504998	0.042928	0.205837	1.862112	0.798821	0.537983	1.104359
TCGA-E9-A1R2-01	-0.164728	0.268477	0.674461	0.897651	0.519043	0.154353	-0.836443	0.074344	0.898173	0.613815
TCGA-E9-A1R3-01	0.792100	-0.910981	-0.554121	1.323170	0.089096	-0.472511	-0.369053	-1.168401	0.043652	0.175765
TCGA-E9-A1R4-01	0.727326	-0.569565	-0.733516	-0.686216	0.546865	1.313345	-0.751017	-1.466803	0.674966	0.691245
TCGA-E9-A1R5-01	0.055913	-0.690896	-0.464342	-1.132929	0.324790	0.834966	-0.767875	-0.525192	-1.185861	0.061671
TCGA-E9-A1R6-01	1.632450	-2.812783	0.552195	-0.890047	-0.906551	1.642334	-1.740395	0.244937	-1.260910	-0.397038
TCGA-E9-A1R7-01	0.841516	-1.192234	0.374778	0.350118	1.080658	1.487465	-0.992082	0.803185	0.290220	1.738032
TCGA-E9-A1RA-01	0.892058	0.127761	-1.114231	-0.580297	-0.017460	0.646907	0.597506	-0.603369	-0.854945	0.430036
TCGA-E9-A1RB-01	-0.214942	-0.456217	-1.202764	0.000978	-0.205444	-0.503601	-0.745098	0.209606	-0.917221	-0.101880
TCGA-E9-A1RC-01	0.975273	-1.198382	-0.202600	-0.714673	-0.009702	1.031396	-1.605681	-1.020534	-0.978559	-1.067719
TCGA-E9-A1RD-01	2.437899	-0.912452	-1.080094	2.125151	-0.177036	0.700063	0.249900	-0.103296	1.272057	-1.933225
TCGA-E9-A1RE-01	2.142870	-0.401580	0.076919	-2.113881	0.401817	1.378182	-0.523818	-0.828651	-2.112136	0.621222
TCGA-E9-A1RF-01	0.498104	-0.723949	-0.201555	-1.665770	0.202778	-0.099608	-1.268181	-0.137012	-1.345841	0.544779
TCGA-E9-A1RG-01	0.406018	-1.295263	0.290185	-0.569108	-0.297289	0.820235	-1.147093	0.634194	-0.233522	-0.468452
TCGA-E9-A1RH-01	-2.708556	-0.542093	-2.648326	-0.391131	0.627060	-2.476604	-0.936868	-2.072515	-0.165026	0.008718
TCGA-E9-A1RI-01	1.295932	-0.705723	0.218757	-0.154648	0.176637	1.201936	-0.854490	0.618478	-0.025644	0.091986
TCGA-E9-A226-01	0.746744	-0.750061	-0.880678	-0.341717	-0.775906	0.513707	-0.871935	-0.392374	-0.444497	-0.900640
TCGA-E9-A227-01	2.592187	-0.048467	0.568045	0.285553	0.241860	1.515079	0.288506	0.744954	-0.449559	1.006404
TCGA-E9-A228-01	1.587913	-2.664895	0.965706	-0.921301	1.039441	1.201155	-1.487467	0.019470	-0.448222	1.463294
TCGA-E9-A229-01	0.890926	-0.819704	0.319523	0.278637	-0.268971	0.792823	-1.044823	0.293738	-0.017904	-0.109588
TCGA-E9-A22A-01	0.325305	-1.282989	-0.394919	-1.369293	0.084057	-0.185609	-0.338096	-0.461341	-1.540725	0.854921
TCGA-E9-A22B-01	0.891383	0.507973	1.119065	-1.354689	0.496401	1.395689	-0.153274	0.662905	-0.981310	0.635131
TCGA-E9-A22D-01	1.828458	-1.680564	0.246422	-0.723013	0.629738	1.018942	-2.067579	0.669938	-0.827264	1.320764
TCGA-E9-A22E-01	0.934407	-1.197748	-1.079155	0.225756	0.111905	0.418941	-1.342085	-1.193218	0.545495	0.093921
TCGA-E9-A22G-01	-4.643242	-0.639389	0.966710	-0.047902	0.066633	-5.600815	-0.779129	1.546946	0.049407	-0.251406
TCGA-E9-A22H-01	2.547031	-0.775495	-0.858268	0.667538	0.102777	1.771240	-0.168338	-1.118197	0.591683	0.670930
TCGA-E9-A243-01	-2.993405	-0.028533	-0.867572	0.293124	0.821184	-3.179953	0.254802	-0.950902	0.173675	1.282720
TCGA-E9-A244-01	-4.637782	0.260784	0.850607	0.056514	0.168665	-4.129865	-0.942034	1.287964	0.992481	0.138548
TCGA-E9-A245-01	2.090379	-1.726694	1.231369	1.100471	1.146753	1.947729	-1.521409	1.186104	1.525461	1.835161
TCGA-E9-A247-01	1.464550	0.171590	0.238397	-1.070076	-0.507919	1.564071	-0.022461	0.242727	-1.129035	-0.462120
TCGA-E9-A248-01	-1.633494	-0.356118	-1.239418	0.691046	0.917994	-2.150516	0.192831	-0.927033	-0.168359	2.225790
TCGA-E9-A249-01	0.800248	-0.599239	-1.236924	-0.188236	-1.267616	-0.403842	0.238363	-0.635825	-0.891599	-1.574058
TCGA-E9-A24A-01	1.312971	-2.069123	-0.539614	2.086935	-0.347248	1.532723	-2.047740	-0.608947	2.083015	1.363652
TCGA-E9-A295-01	1.616839	0.488409	-0.133605	-1.646848	-0.379684	1.434625	0.822886	0.242649	-1.316277	-0.600866
TCGA-E9-A2JS-01	0.702502	-0.543919	0.136257	-1.424533	0.645055	-0.295224	0.187222	0.876109	-0.965211	-0.610010
TCGA-E9-A2JT-01	1.048312	2.078525	-0.101276	0.449782	0.815492	0.173601	2.303625	-0.329855	0.700130	0.550561
TCGA-E9-A3Q9-01	1.638362	-0.651741	0.207504	1.175373	1.271728	0.262385	-0.592558	0.872536	0.924793	1.396550
TCGA-E9-A3QA-01	-4.959773	-0.386478	1.276428	0.236889	0.574633	-4.876449	0.509913	0.822812	0.860412	-0.006138
TCGA-E9-A3X8-01	0.839232	2.019378	0.132420	0.531481	-0.483455	0.933849	1.286495	-0.133200	-0.506720	-0.155341
TCGA-E9-A54X-01	1.400004	-2.402634	0.951297	0.840350	1.229150	1.550041	-1.134314	0.461273	0.338672	0.043854
TCGA-E9-A54Y-01	1.920683	-1.048939	0.123054	-1.353824	-0.792325	2.370641	-1.253990	0.788023	-0.498290	-0.251503
TCGA-E9-A5FK-01	1.878921	1.997543	0.305769	-0.739433	-0.138091	1.583494	1.061061	0.316092	-0.796201	0.424671
TCGA-E9-A5FL-01	-2.986674	0.415628	-0.249423	-0.723658	1.940805	-2.822984	1.164383	0.410663	-0.597904	0.519410
TCGA-E9-A5UO-01	2.202292	-2.814612	0.895164	1.063913	0.894417	1.660282	-1.813231	0.364823	1.689571	-0.761880
TCGA-E9-A5UP-01	-0.190402	-1.832727	-0.297584	-0.622365	-2.078356	0.521483	-0.811612	-0.301382	-0.718710	-2.639989
TCGA-E9-A6HE-01	0.771434	1.866960	0.424285	-0.033691	-0.121887	0.498712	0.615566	0.038692	-0.254678	-0.420058
TCGA-EW-A1IW-01	0.401970	1.821693	0.314197	-0.387992	-0.595572	0.412522	0.876431	0.503113	-0.925712	0.330186
TCGA-EW-A1IX-01	1.320470	0.175341	0.129207	0.707837	0.617693	1.048917	0.412542	0.183896	-0.491803	-0.127821
TCGA-EW-A1IY-01	0.335178	0.221298	-0.505118	-0.738120	-0.377080	0.979863	0.035726	-0.723119	-0.474992	-0.429120
TCGA-EW-A1IZ-01	0.527098	-0.151191	0.460943	-0.765471	-0.006562	0.460449	-0.040136	0.283239	-0.451996	-0.354399
TCGA-EW-A1J1-01	2.031773	-1.945005	1.057369	-0.668005	0.383428	1.617068	-1.729909	1.187643	-0.143769	-0.419593
TCGA-EW-A1J2-01	1.259090	1.090662	-0.052767	0.577545	-0.983820	0.596469	1.081885	0.430400	0.190289	-0.617346
TCGA-EW-A1J3-01	1.663205	0.944666	-0.397544	0.164100	-0.165456	1.140627	0.328846	-0.927898	-0.026866	-0.840428
TCGA-EW-A1J5-01	1.082507	0.745592	-0.080158	0.487296	-0.688155	0.790423	0.961749	-0.772941	0.200626	-1.333134
TCGA-EW-A1J6-01	1.432190	-0.242851	1.095677	-1.936040	-0.581055	1.372846	-0.466341	0.321528	-1.297976	-0.295730
TCGA-EW-A1OV-01	-0.037665	0.759663	-1.468905	-0.342697	0.531145	0.779719	0.515395	0.053859	-1.150696	0.066547
TCGA-EW-A1OW-01	-4.177366	0.404995	0.682936	0.355947	-0.274054	-4.008831	-0.114752	0.369498	0.156041	-0.909343
TCGA-EW-A1OX-01	2.090173	-2.627109	0.977971	0.766428	1.162284	2.440303	-3.314752	0.793383	1.087049	0.892281
TCGA-EW-A1OY-01	0.924536	-0.401893	-0.156783	-1.446820	-0.659892	0.408225	-1.535979	-0.670072	-1.538919	-0.600006
TCGA-EW-A1OZ-01	0.542768	-0.252723	-0.018106	-1.296855	0.161847	0.066892	0.047960	-1.241272	-1.146282	-0.203736
TCGA-EW-A1P0-01	0.802359	-2.508626	1.471663	-0.141188	0.737464	1.061595	-2.318567	0.792367	-1.179699	0.791726
TCGA-EW-A1P1-01	-1.509041	1.573224	-0.128532	-0.625428	0.624797	-0.643797	1.803110	0.349073	-0.246898	0.806797
TCGA-EW-A1P3-01	1.090202	1.129579	-0.053620	-0.560820	-0.680337	1.052161	1.093658	0.183991	0.241106	-0.326961
TCGA-EW-A1P4-01	-5.153693	-0.945512	-0.451268	-0.450590	-0.330599	-4.589699	-0.706334	-0.208749	-0.596544	-0.041227
TCGA-EW-A1P5-01	0.333435	-1.128704	-0.944399	0.346915	-0.395781	0.591881	-0.749303	-0.176854	1.074148	-0.062446
TCGA-EW-A1P6-01	0.998750	-0.562377	-0.105639	-0.307776	-1.418683	0.984548	-0.091693	-0.384559	-0.536179	-1.582256
TCGA-EW-A1P7-01	-2.430452	1.311000	1.280216	0.567889	0.070905	-2.743924	1.595671	1.126556	0.099336	0.588060
TCGA-EW-A1P8-01	-3.537931	0.582462	0.429047	-0.757950	0.869095	-3.478008	0.024077	0.179748	-0.095233	-0.166951
TCGA-EW-A1PA-01	0.592866	0.665352	1.599587	-1.666139	-0.131414	0.949708	0.563719	0.805770	-1.076726	0.953238
TCGA-EW-A1PB-01	-3.518097	-0.473993	-0.097180	-0.352338	-0.211514	-1.779111	0.298537	-1.637112	-0.195088	0.681548
TCGA-EW-A1PC-01	0.257461	-0.623305	-1.886619	-0.063929	0.362038	-0.426580	-0.830319	-2.193668	-0.086055	0.059737
TCGA-EW-A1PD-01	0.717604	0.533136	0.618025	-0.071596	1.097257	0.811514	0.036332	0.436183	-0.039551	1.296871
TCGA-EW-A1PE-01	1.387470	-0.027318	-1.331346	1.930232	0.339755	1.105455	0.282774	-1.695988	1.483327	0.165328
TCGA-EW-A1PF-01	0.887674	0.479827	0.325767	-0.304593	-0.306331	0.190139	0.345317	1.037514	-0.270545	0.264962
TCGA-EW-A1PG-01	0.600907	1.730629	0.235130	-0.676030	-0.219639	0.902275	1.694912	0.800350	-0.388059	0.472467
TCGA-EW-A1PH-01	-3.915488	-0.467376	0.407385	0.605842	-0.108752	-3.260590	0.323705	0.172661	0.288539	0.805888
TCGA-EW-A2FR-01	-1.239130	-1.207511	-1.049559	0.988589	0.750452	-2.037763	-0.618247	-1.337057	1.366748	0.062546
TCGA-EW-A2FS-01	0.203531	-0.272395	2.043510	-0.173013	0.239195	1.005261	0.189857	1.479642	-0.027851	0.205277
TCGA-EW-A2FV-01	-0.228832	1.299046	0.136288	1.726158	-0.234860	0.848806	0.598354	-0.022917	0.976612	-0.079722
TCGA-EW-A2FW-01	1.987044	-1.619779	1.510712	1.006891	0.775870	2.088886	-1.488341	0.951209	0.400875	0.994072
TCGA-EW-A3E8-01	1.466902	0.972428	1.106199	-1.220008	0.233735	1.360066	0.591948	0.620683	-1.238153	0.067973
TCGA-EW-A3U0-01	-3.815170	1.155118	1.619837	0.107846	0.913316	-3.612408	1.489914	1.006277	0.406113	0.626233
TCGA-EW-A423-01	1.839463	-1.607474	-0.966815	0.741245	-0.892994	1.046680	-0.697360	-0.718280	1.035982	-0.355172
TCGA-EW-A424-01	0.865136	0.683523	0.846351	0.057282	-1.524124	0.761980	-0.624333	0.892405	0.174108	-1.440272
TCGA-EW-A6S9-01	0.425992	-0.514789	-1.081292	0.238147	-0.429933	0.665100	-1.447150	-0.543171	-0.871573	-0.425988
TCGA-EW-A6SA-01	0.526228	-2.012038	1.479516	-1.040471	0.525099	1.752181	-1.973656	1.062957	-1.039304	0.511047
TCGA-EW-A6SB-01	-5.745666	0.073185	-0.169891	0.416749	-1.003618	-3.638271	0.352763	0.019552	0.211562	-1.878349
TCGA-EW-A6SC-01	1.381643	0.142707	0.662344	-0.803941	0.148996	1.026003	-0.033420	0.853549	-1.561115	0.528333
TCGA-EW-A6SD-01	-1.939175	-0.138258	-2.663883	-0.824978	0.965536	-1.787926	-0.125435	-1.821254	-0.691192	0.612572
TCGA-GI-A2C8-01	0.094558	-0.887458	-0.120148	-1.020367	0.098876	0.481111	-0.830555	0.422157	-1.294048	-0.267059
TCGA-GI-A2C9-01	-4.879041	-0.858811	1.292162	0.981286	-0.784560	-4.082343	-1.689668	0.413582	1.158713	-1.330725
TCGA-GM-A2D9-01	2.340000	0.342073	-0.864968	0.843707	-0.206573	2.108964	1.022829	-0.706209	1.240746	0.007538
TCGA-GM-A2DA-01	2.305504	1.107190	-0.323774	-0.062576	-0.197130	1.908702	0.144680	0.464479	-0.923659	0.105066
TCGA-GM-A2DB-01	-1.659552	0.741397	-1.452815	0.176516	1.073283	-1.271807	1.312124	-2.426862	-0.583026	2.060927
TCGA-GM-A2DC-01	1.785223	-0.510911	0.592917	-1.314433	0.926418	2.075906	0.388923	0.765321	-0.790916	-0.436953
TCGA-GM-A2DD-01	-1.218893	1.742054	-1.134547	-0.627875	1.402562	-1.294232	1.637682	-1.252805	-0.835932	1.099534
TCGA-GM-A2DF-01	-4.492639	0.474800	0.907385	1.228077	0.661764	-2.281712	1.357337	1.315711	0.984066	0.046405
TCGA-GM-A2DH-01	-1.314297	0.101385	-1.497655	0.171499	0.795155	-0.253550	1.361091	-1.319442	0.128840	1.778498
TCGA-GM-A2DI-01	0.640199	1.288487	0.678160	-0.698317	0.088728	0.837294	2.122622	-0.250021	-0.500121	0.092940
TCGA-GM-A2DK-01	1.058289	0.982762	0.760632	-0.771692	0.774927	0.740728	1.031259	0.576640	-0.309304	1.710881
TCGA-GM-A2DL-01	1.244711	0.263075	-0.343060	-0.469684	0.421646	0.835868	2.035749	0.162642	-0.440345	-0.117204
TCGA-GM-A2DM-01	1.871171	-2.470867	0.553294	0.748053	-0.570258	1.276441	-2.748579	0.572595	0.838869	0.412836
TCGA-GM-A2DN-01	0.851161	0.235040	-0.539351	0.388748	-1.097469	0.380486	0.753997	-0.422272	0.096837	-0.780305
TCGA-GM-A2DO-01	0.684319	-0.182014	0.616760	-1.540097	-0.466967	0.232903	0.601764	0.495193	-2.209630	-0.353154
TCGA-GM-A3NW-01	2.290611	0.538818	1.825028	0.239612	-0.579158	2.039074	1.104124	1.786851	-0.535391	0.769235
TCGA-GM-A3NY-01	1.374131	1.845993	-0.247206	1.723786	-0.062839	1.368347	1.192543	-0.786429	1.856850	-0.301193
TCGA-GM-A3XG-01	0.762591	1.261182	0.924393	0.408451	-0.740053	0.620733	1.750807	1.331046	0.567659	-0.789766
TCGA-GM-A3XL-01	-4.704279	0.130417	-0.209396	-0.087922	-0.355336	-3.881329	0.134528	-0.265146	-0.722918	-0.056302
TCGA-GM-A3XN-01	1.464291	1.999323	0.131880	-0.419222	-0.196376	1.057654	1.961317	-0.614046	-0.229067	-0.010640
TCGA-GM-A4E0-01	0.905470	2.164706	-0.254919	0.783324	-0.269355	1.108932	2.569991	-1.021738	2.669327	0.724537
TCGA-GM-A5PV-01	1.107889	0.598612	0.976895	0.498679	-0.561763	1.315626	1.751743	0.768254	-0.047247	-0.225899
TCGA-GM-A5PX-01	1.634061	0.877626	0.043196	0.115666	0.067905	1.363140	0.910258	0.490329	-0.426377	-0.707522
TCGA-HN-A2NL-01	-2.983071	0.007841	0.909046	-0.500314	0.002882	-1.794412	0.033413	1.177236	-0.848820	-0.549669
TCGA-HN-A2OB-01	0.755229	2.227248	0.702584	0.196835	-0.866472	0.961355	0.421849	0.043764	-0.205386	-1.246403
TCGA-JL-A3YW-01	-2.496527	0.821646	-2.035421	-0.152246	0.907743	-2.049633	-0.102934	-1.474248	-0.389544	-0.346684
TCGA-JL-A3YX-01	1.553808	1.330227	-0.845445	-0.602591	-0.075284	0.600206	0.774523	-1.498909	-0.394500	-0.516834
TCGA-LD-A66U-01	1.473191	1.081292	0.695517	-0.369517	-0.657773	1.281306	1.114579	0.183142	0.009971	-1.032357
TCGA-LD-A74U-01	2.237469	2.407029	0.118708	0.500178	0.344277	1.562869	1.461684	-0.519451	0.370260	0.119415
TCGA-LD-A7W5-01	0.730213	1.598980	0.415888	-1.349181	0.268992	1.309509	0.796696	0.819475	-1.085644	0.534270
TCGA-LD-A7W6-01	1.241039	0.901728	0.661560	1.023764	0.009986	1.190595	0.898925	0.795288	1.140767	-0.517895
TCGA-LD-A9QF-01	-1.113401	1.253614	-1.300539	0.711273	0.627475	-1.483588	1.650809	-1.192809	0.633340	0.243546
TCGA-LL-A440-01	1.044794	2.003843	0.071918	0.100964	0.131633	0.095596	1.283667	1.116787	0.052850	0.319214
TCGA-LL-A441-01	-2.113447	1.469285	1.257010	0.329101	-0.082571	-2.746684	1.576722	0.754402	-0.118872	0.795419
TCGA-LL-A442-01	2.743369	-2.648666	0.878206	0.893485	-0.077544	1.003178	-2.128236	-0.106235	1.585594	-0.348755
TCGA-LL-A50Y-01	2.052685	-0.194798	-0.144243	1.308756	-0.288529	1.104663	0.120282	-1.055737	0.888342	-0.516139
TCGA-LL-A5YL-01	0.010428	0.553725	0.141049	2.870467	-0.614897	-0.363835	1.197694	-0.464734	2.433112	-1.097406
TCGA-LL-A5YM-01	2.405920	-0.357593	0.304325	-0.250332	1.282836	1.780156	-0.018562	0.870822	-0.097104	1.577856
TCGA-LL-A5YN-01	0.291573	0.767118	-0.867359	-0.126311	-0.387281	0.593186	0.791610	-0.770671	-0.408951	-0.243457
TCGA-LL-A5YO-01	-2.123664	0.652870	-1.615769	0.111425	1.195009	-2.011986	1.445308	-2.206878	0.009643	1.769914
TCGA-LL-A5YP-01	-3.725989	-0.132273	1.154081	0.068326	0.031910	-3.689032	-0.177551	0.177140	-0.089185	0.175510
TCGA-LL-A6FP-01	2.570391	-0.783411	0.305377	0.964681	-0.032598	2.017012	-1.875372	0.432666	1.046379	-0.506650
TCGA-LL-A6FQ-01	2.120153	-0.121577	-0.386454	-0.072029	0.049250	1.188216	-0.173282	0.097596	-0.520233	-0.192100
TCGA-LL-A6FR-01	-3.873726	-0.983399	0.125193	1.203167	-1.410553	-3.593260	-1.586413	-0.606260	1.660108	-1.945252
TCGA-LL-A73Y-01	-3.806998	-0.434487	2.124704	1.199562	-0.141994	-1.975552	-0.006578	2.195685	0.801029	1.029178
TCGA-LL-A73Z-01	-0.578044	1.852305	0.120052	0.585072	0.493823	-0.494592	1.543971	0.076480	0.469821	0.267143
TCGA-LL-A740-01	-1.125905	0.499839	-1.520436	-0.543155	0.417689	-0.244061	1.314856	-1.324358	-0.191469	1.518080
TCGA-LL-A7SZ-01	0.459400	0.300045	0.532304	-1.192523	-1.391346	0.210814	-0.407709	0.877621	-1.517269	-0.889787
TCGA-LL-A7T0-01	0.536608	0.024120	0.285419	-0.771006	0.053507	0.869591	-0.509637	1.199663	-1.046099	-0.117577
TCGA-LL-A8F5-01	-4.715368	-1.052105	-0.150725	-0.405380	-0.869621	-2.993807	-1.225688	-0.211067	-1.093114	-0.631536
TCGA-LL-A9Q3-01	2.201438	-0.433696	0.123448	-0.517955	0.110743	2.051714	-0.867201	0.463514	-1.033909	-0.269773
TCGA-LQ-A4E4-01	2.147854	-0.078891	-0.587523	1.209852	0.608547	2.108488	0.033073	0.466468	1.420092	0.298532
TCGA-MS-A51U-01	0.510557	1.272813	0.721229	-0.197979	-0.558656	0.486046	0.155005	-0.324751	-0.496782	-0.477168
TCGA-OK-A5Q2-01	-0.112270	1.876957	-0.876351	0.736023	-0.173993	-0.049914	1.311386	-0.762899	1.201674	-0.339705
TCGA-OL-A5D6-01	-1.434271	1.277599	-2.048197	0.236398	0.400140	-0.880384	0.455837	-1.426825	0.167630	0.045418
TCGA-OL-A5D7-01	-4.870777	-0.586524	0.878245	-0.686316	0.324751	-4.481236	-0.751080	2.092951	-0.792174	-0.830225
TCGA-OL-A5D8-01	0.526646	-0.396522	-0.307145	-0.079085	-0.739567	1.085872	-0.073662	-1.297520	-0.718543	-0.297762
TCGA-OL-A5DA-01	1.500751	0.011509	0.612990	-0.431231	-1.103377	1.427323	0.276675	1.119839	-0.597913	-1.002617
TCGA-OL-A5RU-01	1.084303	1.113983	-0.223913	-0.359862	0.163753	0.911781	0.885245	0.200450	-0.159636	0.693415
TCGA-OL-A5RV-01	0.820671	1.223254	-0.660234	0.897152	-0.913169	1.024255	1.621087	-0.123896	0.726932	-0.628097
TCGA-OL-A5RW-01	-4.244441	-0.667654	0.000336	0.646380	-1.228378	-4.305895	-0.865598	-1.112943	0.743437	-0.669849
TCGA-OL-A5RX-01	0.373816	1.443859	-0.043111	0.921382	-0.597802	0.524514	1.215726	-0.383570	0.418078	-0.295248
TCGA-OL-A5RY-01	-1.391029	1.182869	-0.255037	-0.100009	0.806486	-1.455984	1.371078	-0.314684	0.221257	1.017155
TCGA-OL-A5RZ-01	0.170186	-0.215028	-0.764279	-0.583478	1.265427	0.699239	-0.571263	-1.054907	-0.066801	0.333838
TCGA-OL-A5S0-01	-4.808050	0.156339	1.565539	-0.142570	0.275805	-3.188254	0.926125	0.129538	-0.369195	0.523352
TCGA-OL-A66H-01	2.648918	-1.603616	0.956752	1.082697	0.610193	2.340841	-0.858349	0.723874	0.204249	0.866940
TCGA-OL-A66I-01	-4.939304	0.535728	1.913542	-0.265451	0.173924	-3.870318	-0.034769	0.695382	-0.063069	0.450387
TCGA-OL-A66J-01	0.880392	1.393594	1.863171	-0.528111	0.182812	0.596500	1.020125	1.626966	-0.350767	0.806507
TCGA-OL-A66K-01	1.314421	-0.630792	0.055745	-0.026179	-0.897195	1.403464	0.288020	-0.276402	0.018583	-1.103431
TCGA-OL-A66L-01	1.210756	1.608484	0.636218	0.864138	-0.437591	1.620395	1.842525	0.648155	0.345169	-0.486616
TCGA-OL-A66N-01	0.639080	0.642401	0.684952	2.034859	-0.989984	0.925735	0.782251	0.282292	1.482736	0.390029
TCGA-OL-A66O-01	2.784638	-1.012640	1.034242	-0.350111	-0.351926	2.187103	-0.494881	1.097283	-0.362590	-0.448183
TCGA-OL-A66P-01	-1.538404	1.146040	-1.740109	0.047121	1.490665	-2.201024	0.821113	-1.703943	-0.144064	2.304612
TCGA-OL-A6VO-01	-4.217301	-0.214097	0.453780	0.383334	0.944382	-4.499497	-0.525394	0.582800	-0.374136	1.763270
TCGA-OL-A6VQ-01	1.121521	1.845798	-0.066660	-0.366459	-0.538761	1.175672	1.963070	-0.566044	0.356630	-0.370043
TCGA-OL-A6VR-01	1.311952	0.434819	0.252741	0.365004	-0.506318	1.578213	0.558687	0.681249	0.078142	0.055789
TCGA-OL-A97C-01	0.614946	-1.113649	-0.163585	0.178709	-0.841294	-1.295368	-0.868860	0.238679	-1.063206	-0.252486
TCGA-PE-A5DC-01	0.654767	0.793051	0.293223	-0.827254	0.138537	0.628365	1.177487	-0.229571	-0.675023	0.067046
TCGA-PE-A5DD-01	2.208548	0.386082	0.134124	0.157306	0.392816	1.480634	-0.232937	0.671269	-0.466707	-0.263097
TCGA-PE-A5DE-01	1.746451	0.373783	0.010059	1.883183	0.702020	1.660457	0.460020	-0.314055	2.533165	0.577053
TCGA-PL-A8LV-01	-4.328756	0.196117	0.694199	-0.417264	-0.477746	-3.264908	1.078743	2.069737	-0.376683	0.016785
TCGA-PL-A8LX-01	2.117201	-3.287624	0.817496	0.889443	1.058272	1.800904	-2.842832	1.631382	1.682461	1.156527
TCGA-PL-A8LY-01	0.286537	1.935306	0.755427	0.532540	-0.347015	-0.074199	1.956524	1.353708	0.496881	0.043240
TCGA-PL-A8LZ-01	-3.916954	0.842439	0.168688	-0.537640	1.642530	-2.619206	0.458039	0.078602	0.676060	1.271765
TCGA-S3-A6ZF-01	-0.014372	0.119301	-0.212847	-2.233058	0.161360	1.187702	0.236742	0.088205	-1.277998	-0.708537
TCGA-S3-A6ZG-01	0.534122	-0.017755	-0.070774	0.394879	0.108246	1.955093	0.248855	-0.092058	-0.112898	-0.221798
TCGA-S3-A6ZH-01	0.646503	-0.111874	1.255611	-0.083533	-0.591887	0.765490	-0.055441	0.708349	-1.169449	-1.383151
TCGA-S3-AA0Z-01	-3.725941	0.663657	0.283566	0.618776	-0.177250	-3.984595	0.369640	-0.168489	-0.502871	-0.377769
TCGA-S3-AA10-01	-4.971767	-0.637359	1.491099	-0.492809	-0.671033	-3.196481	-0.717095	1.456317	-0.109527	-0.393030
TCGA-S3-AA11-01	1.120380	-0.417618	-0.016226	0.087403	-0.098361	1.446032	-0.270401	-0.076304	-0.410584	-0.708204
TCGA-S3-AA12-01	1.187246	-2.569298	1.450183	-1.249271	0.145167	0.771949	-3.172040	1.035432	0.123913	-0.299712
TCGA-S3-AA14-01	1.538416	1.451356	-0.602839	0.949353	0.037593	0.385063	1.030402	-0.383940	0.832560	0.051769
TCGA-S3-AA15-01	-2.398497	1.905847	0.602016	-0.466457	0.503000	-1.336992	1.618762	1.118183	-0.105970	0.376709
TCGA-S3-AA17-01	0.811715	-0.516848	0.988873	-0.940812	-0.623685	-0.353412	-0.391299	1.142376	0.288743	-0.533014
TCGA-UL-AAZ6-01	-1.152097	-2.278914	-0.296481	-0.506587	0.253526	-0.059313	-2.285136	0.424055	-0.650109	-0.873978
TCGA-UU-A93S-01	-1.611192	-0.045962	-0.414120	-1.317785	1.494984	-0.376015	0.684861	-0.293577	-0.925725	0.801708
TCGA-V7-A7HQ-01	0.824836	0.615862	-0.748634	0.366154	-0.171404	0.673459	-0.083002	-0.336955	1.180976	-0.679598
TCGA-W8-A86G-01	1.479947	1.417860	1.283164	1.053232	-0.956674	0.732808	1.090488	0.547331	1.064966	-1.290778
TCGA-WT-AB41-01	1.316256	1.242776	0.948793	-1.827673	0.326792	0.202457	1.075310	0.750265	-0.988747	0.699424
TCGA-WT-AB44-01	1.039611	0.851247	-0.263191	-0.555150	-0.416681	1.202365	0.463648	-0.499244	-0.506488	-0.235631
TCGA-XX-A899-01	0.507349	2.064851	0.294013	0.899345	0.079481	0.055434	2.312632	0.155831	0.085871	0.436507
TCGA-XX-A89A-01	1.007870	1.759896	-0.747668	0.077212	1.302384	0.912292	1.340684	-1.302969	1.117156	0.925973
TCGA-Z7-A8R5-01	0.150310	1.922652	0.057257	0.345872	-1.130880	0.802898	1.883054	0.556928	0.526581	-1.187015
TCGA-Z7-A8R6-01	1.244352	0.106189	-0.937523	-0.933780	0.070923	0.730599	0.021225	-1.390627	-0.793992	-0.255268
