sample_id	RNA_neural_1	RNA_neural_2	miRNA_neural_1	miRNA_neural_2	shared_neural_1	shared_neural_2
TCGA-3C-AAAU-01	-0.352438	0.435493	-0.433286	0.277797	-0.392862	0.356645
TCGA-3C-AALI-01	-0.095239	0.231455	-0.178683	-0.149754	-0.136961	0.040850
TCGA-3C-AALJ-01	-0.336596	0.486342	-0.217120	0.064483	-0.276858	0.275412
TCGA-3C-AALK-01	-0.088860	0.113917	-0.313011	0.121077	-0.200935	0.117497
TCGA-4H-AAAK-01	-0.179999	0.270991	-0.117207	-0.015790	-0.148603	0.127601
TCGA-5L-AAT0-01	-0.160582	0.195143	-0.300235	0.104554	-0.230409	0.149849
TCGA-5T-A9QA-01	-0.571625	0.335550	-0.495582	0.137197	-0.533603	0.236374
TCGA-A1-A0SB-01	1.080611	-1.287432	0.799131	-0.920978	0.939871	-1.104205
TCGA-A1-A0SF-01	-0.178006	0.397438	-0.281872	0.257088	-0.229939	0.327263
TCGA-A1-A0SG-01	-0.194527	0.203441	-0.223385	0.065054	-0.208956	0.134247
TCGA-A1-A0SI-01	-0.154210	0.132090	-0.144364	0.037742	-0.149287	0.084916
TCGA-A1-A0SN-01	-0.047581	0.037044	-0.239116	0.086109	-0.143349	0.061576
TCGA-A1-A0SQ-01	-0.496840	0.504035	-0.514449	0.211875	-0.505645	0.357955
TCGA-A2-A0CK-01	-0.304241	0.279942	-0.275425	0.062845	-0.289833	0.171394
TCGA-A2-A0CO-01	-0.362687	0.284063	-0.379378	0.177704	-0.371032	0.230884
TCGA-A2-A0CR-01	-0.209308	0.298660	-0.304615	0.106273	-0.256962	0.202467
TCGA-A2-A0EP-01	-0.442731	0.255703	-0.340206	0.148569	-0.391469	0.202136
TCGA-A2-A1FV-01	-0.496117	0.596566	-0.549011	0.307139	-0.522564	0.451853
TCGA-A2-A1FW-01	-0.463038	0.658142	-0.488853	0.336504	-0.475945	0.497323
TCGA-A2-A1FX-01	-0.445494	0.323063	-0.587423	0.195266	-0.516459	0.259164
TCGA-A2-A1FZ-01	-0.248140	0.249605	-0.244107	-0.052487	-0.246123	0.098559
TCGA-A2-A1G0-01	-0.225318	0.204189	-0.233115	0.081618	-0.229217	0.142904
TCGA-A2-A1G1-01	1.370390	-1.507048	0.931314	-0.904028	1.150852	-1.205538
TCGA-A2-A1G4-01	-0.309997	0.220549	-0.359702	0.096077	-0.334849	0.158313
TCGA-A2-A1G6-01	-0.253630	0.191582	-0.239131	0.018544	-0.246381	0.105063
TCGA-A2-A259-01	-0.123956	0.159434	-0.338753	0.177379	-0.231354	0.168406
TCGA-A2-A25A-01	-0.170719	0.053205	-0.376198	0.090374	-0.273459	0.071789
TCGA-A2-A25B-01	-0.195207	0.373736	-0.313630	0.152981	-0.254418	0.263358
TCGA-A2-A25C-01	-0.124728	0.178416	-0.474753	0.136885	-0.299740	0.157650
TCGA-A2-A25D-01	-0.084917	0.193397	0.083456	0.003451	-0.000730	0.098424
TCGA-A2-A25E-01	-0.352571	0.244952	-0.195409	0.100318	-0.273990	0.172635
TCGA-A2-A25F-01	0.510322	-0.669298	0.141775	-0.278956	0.326048	-0.474127
TCGA-A2-A3KC-01	-0.193284	0.247348	-0.213465	0.018312	-0.203374	0.132830
TCGA-A2-A3KD-01	-0.405317	0.439297	-0.388941	0.187102	-0.397129	0.313199
TCGA-A2-A3XS-01	1.690668	-1.898237	1.253568	-1.180590	1.472118	-1.539414
TCGA-A2-A3XT-01	1.140062	-1.253343	0.796901	-0.798433	0.968481	-1.025888
TCGA-A2-A3XU-01	1.452651	-1.535468	0.920716	-0.873232	1.186683	-1.204350
TCGA-A2-A3XV-01	0.148471	-0.355556	-0.022527	-0.222624	0.062972	-0.289090
TCGA-A2-A3XW-01	0.182414	-0.280446	0.056150	-0.292100	0.119282	-0.286273
TCGA-A2-A3XX-01	1.485401	-1.627407	0.859019	-0.862502	1.172210	-1.244954
TCGA-A2-A3XY-01	1.183074	-1.135882	0.740508	-0.778003	0.961791	-0.956942
TCGA-A2-A3XZ-01	0.074727	-0.021563	-0.069394	-0.038924	0.002666	-0.030243
TCGA-A2-A3Y0-01	1.382217	-1.558188	0.989802	-0.871298	1.186009	-1.214743
TCGA-A2-A4RW-01	-0.299556	0.337750	-0.511069	0.218961	-0.405313	0.278355
TCGA-A2-A4RX-01	0.968799	-0.999545	0.750523	-0.705710	0.859661	-0.852628
TCGA-A2-A4RY-01	-0.097215	0.156724	-0.307754	0.162072	-0.202485	0.159398
TCGA-A2-A4S0-01	-0.857755	0.384277	-0.661719	0.169842	-0.759737	0.277060
TCGA-A2-A4S1-01	0.368460	-0.166714	0.269768	-0.150995	0.319114	-0.158854
TCGA-A2-A4S2-01	-0.157633	0.240425	-0.284523	0.128671	-0.221078	0.184548
TCGA-A2-A4S3-01	-0.443169	0.293229	0.008368	-0.115820	-0.217401	0.088705
TCGA-A7-A13D-01	1.497061	-1.649527	0.992348	-1.070735	1.244704	-1.360131
TCGA-A7-A13E-01	1.763852	-1.738584	1.127863	-1.079872	1.445858	-1.409228
TCGA-A7-A13F-01	-0.218316	0.184041	-0.224444	0.090001	-0.221380	0.137021
TCGA-A7-A13G-01	-0.259619	0.407752	-0.358728	0.237468	-0.309174	0.322610
TCGA-A7-A13H-01	-0.103048	0.184021	-0.148175	0.092376	-0.125612	0.138198
TCGA-A7-A26E-01	-0.243496	0.167072	-0.209464	0.064304	-0.226480	0.115688
TCGA-A7-A26F-01	0.788493	-0.861509	0.450694	-0.552639	0.619594	-0.707074
TCGA-A7-A26G-01	0.568350	-0.667121	0.374984	-0.381709	0.471667	-0.524415
TCGA-A7-A26H-01	-0.110931	0.245504	-0.127174	-0.000905	-0.119053	0.122300
TCGA-A7-A26I-01	1.045520	-1.219779	0.453734	-0.573560	0.749627	-0.896669
TCGA-A7-A26J-01	-0.169487	0.254636	-0.242180	0.085858	-0.205834	0.170247
TCGA-A7-A2KD-01	-0.140974	0.198522	-0.220174	0.087525	-0.180574	0.143023
TCGA-A7-A3IY-01	-0.079329	-0.059468	-0.002881	-0.181976	-0.041105	-0.120722
TCGA-A7-A3IZ-01	-0.674801	0.484263	-0.328141	0.115914	-0.501471	0.300088
TCGA-A7-A3J0-01	-0.830160	0.164567	-0.742002	0.067034	-0.786081	0.115801
TCGA-A7-A3J1-01	-0.169281	0.348922	-0.240560	0.027113	-0.204921	0.188017
TCGA-A7-A3RF-01	-0.527349	0.514704	-0.542123	0.188319	-0.534736	0.351511
TCGA-A7-A425-01	-0.239699	0.304047	-0.435006	0.174472	-0.337353	0.239260
TCGA-A7-A426-01	-0.289180	0.355786	-0.396061	0.196696	-0.342620	0.276241
TCGA-A7-A4SA-01	-0.385363	0.141995	-0.321049	0.148482	-0.353206	0.145239
TCGA-A7-A4SB-01	-0.335656	0.277035	-0.240832	0.018785	-0.288244	0.147910
TCGA-A7-A4SC-01	-0.479688	0.408580	-0.323054	0.043636	-0.401371	0.226108
TCGA-A7-A4SD-01	1.396663	-1.406862	0.575955	-0.600619	0.986309	-1.003741
TCGA-A7-A4SE-01	0.979847	-0.988509	0.605931	-0.594657	0.792889	-0.791583
TCGA-A7-A4SF-01	-0.539389	0.321326	-0.467875	0.142132	-0.503632	0.231729
TCGA-A7-A56D-01	-0.072073	0.069730	-0.055697	0.005514	-0.063885	0.037622
TCGA-A7-A5ZV-01	1.209382	-1.473929	1.103099	-1.189667	1.156240	-1.331798
TCGA-A7-A5ZW-01	-0.036302	0.146399	-0.174770	0.050220	-0.105536	0.098309
TCGA-A7-A5ZX-01	-0.257363	0.273171	-0.273881	0.100919	-0.265622	0.187045
TCGA-A7-A6VV-01	1.425126	-1.494507	0.689085	-0.712601	1.057105	-1.103554
TCGA-A7-A6VW-01	1.217649	-1.179963	1.015166	-0.952879	1.116407	-1.066421
TCGA-A7-A6VX-01	-0.033051	0.133079	-0.357431	0.192957	-0.195241	0.163018
TCGA-A7-A6VY-01	1.536011	-1.704122	0.888664	-0.857794	1.212337	-1.280958
TCGA-AC-A23C-01	-0.241891	0.264639	-0.350383	0.126957	-0.296137	0.195798
TCGA-AC-A23E-01	-0.103064	0.160329	-0.286351	0.052449	-0.194707	0.106389
TCGA-AC-A23G-01	-0.033504	0.108844	-0.167571	0.076269	-0.100537	0.092556
TCGA-AC-A23H-01	-0.363837	0.187382	-0.390722	0.069245	-0.377279	0.128313
TCGA-AC-A2B8-01	-0.193784	0.391071	-0.361864	0.088959	-0.277824	0.240015
TCGA-AC-A2BK-01	0.958961	-0.862247	0.493167	-0.530008	0.726064	-0.696127
TCGA-AC-A2BM-01	-0.305478	0.306199	-0.313203	0.101193	-0.309340	0.203696
TCGA-AC-A2FB-01	-0.165017	0.124802	-0.231147	0.143077	-0.198082	0.133940
TCGA-AC-A2FE-01	-0.311259	0.372267	-0.224303	0.172949	-0.267781	0.272608
TCGA-AC-A2FF-01	-0.103853	0.036652	-0.093861	-0.097053	-0.098857	-0.030201
TCGA-AC-A2FG-01	-0.230489	0.287622	-0.327902	0.092969	-0.279195	0.190296
TCGA-AC-A2FK-01	0.076964	-0.172478	0.031887	-0.214360	0.054426	-0.193419
TCGA-AC-A2FM-01	-0.497416	0.507518	-0.537876	0.303112	-0.517646	0.405315
TCGA-AC-A2FO-01	-0.257083	0.296965	-0.405085	0.220391	-0.331084	0.258678
TCGA-AC-A2QH-01	0.735638	-0.734020	0.510428	-0.516428	0.623033	-0.625224
TCGA-AC-A2QI-01	-0.257286	0.158176	-0.396655	0.078016	-0.326971	0.118096
TCGA-AC-A2QJ-01	1.192623	-1.301715	0.516110	-0.608887	0.854367	-0.955301
TCGA-AC-A3BB-01	-0.206057	0.405970	-0.235709	0.111649	-0.220883	0.258809
TCGA-AC-A3EH-01	-0.274992	0.159806	-0.374591	0.124129	-0.324791	0.141968
TCGA-AC-A3HN-01	-0.183686	0.244805	-0.380482	0.156462	-0.282084	0.200634
TCGA-AC-A3OD-01	-0.190017	0.249943	-0.229593	0.099041	-0.209805	0.174492
TCGA-AC-A3QP-01	-0.072953	0.167651	-0.281912	0.116722	-0.177433	0.142187
TCGA-AC-A3QQ-01	-0.042179	0.174570	-0.308673	0.163983	-0.175426	0.169277
TCGA-AC-A3TM-01	-0.166514	0.289810	-0.290601	0.064621	-0.228558	0.177215
TCGA-AC-A3TN-01	-0.275340	0.264269	-0.296552	0.154586	-0.285946	0.209428
TCGA-AC-A3W5-01	0.003880	0.014214	-0.165161	0.012369	-0.080641	0.013291
TCGA-AC-A3W6-01	-0.402678	0.570110	-0.415965	0.211722	-0.409321	0.390916
TCGA-AC-A3W7-01	-0.429540	0.463417	-0.375512	0.173308	-0.402526	0.318363
TCGA-AC-A3YI-01	0.151953	0.054051	-0.182586	0.070082	-0.015317	0.062066
TCGA-AC-A3YJ-01	-0.571975	0.226824	-0.573790	0.049484	-0.572883	0.138154
TCGA-AC-A4ZE-01	-0.172372	0.266573	-0.396453	0.001381	-0.284412	0.133977
TCGA-AC-A5EH-01	0.416482	-0.674207	0.254816	-0.390124	0.335649	-0.532166
TCGA-AC-A5XS-01	-0.255481	0.322581	-0.393963	0.163180	-0.324722	0.242881
TCGA-AC-A5XU-01	-0.493370	0.485619	-0.467009	0.218818	-0.480190	0.352218
TCGA-AC-A62V-01	-0.446866	0.489049	-0.257223	0.269587	-0.352044	0.379318
TCGA-AC-A62X-01	1.397127	-1.530667	0.639295	-0.734694	1.018211	-1.132680
TCGA-AC-A62Y-01	-0.470991	0.325475	-0.510445	0.157933	-0.490718	0.241704
TCGA-AC-A6IV-01	-0.347883	0.358468	-0.427056	0.172797	-0.387469	0.265632
TCGA-AC-A6IW-01	1.105338	-1.129132	0.096183	-0.385411	0.600760	-0.757271
TCGA-AC-A6IX-01	-0.313437	0.236484	-0.469292	0.207017	-0.391364	0.221750
TCGA-AC-A6NO-01	-0.181425	0.118741	-0.159249	0.029568	-0.170337	0.074154
TCGA-AC-A7VB-01	-0.469249	0.612461	-0.524163	0.324545	-0.496706	0.468503
TCGA-AC-A7VC-01	0.314187	-0.248392	0.077490	-0.093836	0.195838	-0.171114
TCGA-AC-A8OP-01	-0.103897	0.330593	-0.258143	0.156333	-0.181020	0.243463
TCGA-AC-A8OQ-01	1.174165	-1.134986	0.438527	-0.464308	0.806346	-0.799647
TCGA-AC-A8OR-01	-0.015967	-0.087467	-0.299668	0.077313	-0.157817	-0.005077
TCGA-AC-A8OS-01	-0.464732	0.300304	-0.508152	0.162718	-0.486442	0.231511
TCGA-AO-A12B-01	-0.605941	0.459849	-0.443143	0.049899	-0.524542	0.254874
TCGA-AO-A1KO-01	0.001582	-0.005053	-0.164177	-0.060889	-0.081298	-0.032971
TCGA-AO-A1KP-01	-0.084662	0.234516	-0.158739	0.094701	-0.121700	0.164608
TCGA-AO-A1KQ-01	-0.342370	0.300408	-0.180753	0.021855	-0.261561	0.161132
TCGA-AO-A1KR-01	0.896904	-0.906805	0.622946	-0.541776	0.759925	-0.724290
TCGA-AO-A1KS-01	-0.356088	0.308419	-0.387211	0.180520	-0.371649	0.244470
TCGA-AO-A1KT-01	-0.255840	0.387796	-0.298870	0.167378	-0.277355	0.277587
TCGA-AQ-A0Y5-01	0.090258	-0.072368	0.044324	-0.371434	0.067291	-0.221901
TCGA-AQ-A1H2-01	-0.436344	0.416703	-0.415180	0.189608	-0.425762	0.303155
TCGA-AQ-A1H3-01	0.000623	0.115258	-0.132058	0.041416	-0.065718	0.078337
TCGA-AQ-A54N-01	1.290613	-1.508615	0.971424	-0.948125	1.131018	-1.228370
TCGA-AQ-A54O-01	-0.415640	0.280638	-0.405879	0.098528	-0.410759	0.189583
TCGA-AQ-A7U7-01	-0.206828	0.240381	-0.316220	0.106073	-0.261524	0.173227
TCGA-AR-A1AI-01	1.401433	-1.488558	0.893639	-0.912690	1.147536	-1.200624
TCGA-AR-A1AJ-01	0.890173	-0.925899	0.688019	-0.710214	0.789096	-0.818057
TCGA-AR-A1AK-01	0.025027	0.183783	-0.139291	-0.067965	-0.057132	0.057909
TCGA-AR-A1AL-01	-0.312418	0.207471	-0.219972	0.111635	-0.266195	0.159553
TCGA-AR-A1AM-01	-0.313275	0.372073	-0.209511	0.103341	-0.261393	0.237707
TCGA-AR-A1AN-01	-0.347257	0.335482	-0.405806	0.177904	-0.376531	0.256693
TCGA-AR-A1AO-01	0.470635	-0.551767	0.204983	-0.279210	0.337809	-0.415489
TCGA-AR-A1AP-01	-0.033881	0.167359	-0.139230	0.005429	-0.086556	0.086394
TCGA-AR-A1AQ-01	1.243566	-1.227404	0.944212	-0.887097	1.093889	-1.057250
TCGA-AR-A1AR-01	0.783087	-0.942831	0.485103	-0.618836	0.634095	-0.780834
TCGA-AR-A1AS-01	0.115766	-0.248814	-0.051771	-0.155217	0.031997	-0.202015
TCGA-AR-A1AT-01	-0.047286	-0.002010	-0.124921	-0.032590	-0.086104	-0.017300
TCGA-AR-A1AU-01	-0.181760	0.378245	-0.320214	0.195020	-0.250987	0.286632
TCGA-AR-A1AV-01	-0.530924	0.309056	-0.462617	0.189273	-0.496770	0.249165
TCGA-AR-A1AW-01	-0.064282	0.184030	-0.179055	0.030473	-0.121669	0.107251
TCGA-AR-A1AX-01	-0.245553	0.168648	-0.283648	0.007274	-0.264600	0.087961
TCGA-AR-A1AY-01	1.536821	-1.551581	0.948898	-0.873047	1.242859	-1.212314
TCGA-AR-A24H-01	-0.455469	0.290759	-0.421639	0.161865	-0.438554	0.226312
TCGA-AR-A24K-01	0.038650	0.136462	-0.028881	-0.127023	0.004885	0.004719
TCGA-AR-A24L-01	-0.403793	0.261044	-0.467800	0.188874	-0.435796	0.224959
TCGA-AR-A24M-01	-0.257033	0.185704	-0.340461	0.130279	-0.298747	0.157991
TCGA-AR-A24N-01	-0.034470	0.249746	-0.253267	0.173244	-0.143869	0.211495
TCGA-AR-A24O-01	-0.323937	0.358744	-0.439700	0.182670	-0.381818	0.270707
TCGA-AR-A24P-01	0.003157	-0.033994	-0.180273	0.062035	-0.088558	0.014020
TCGA-AR-A24Q-01	0.759617	-0.958911	0.727250	-0.788369	0.743433	-0.873640
TCGA-AR-A24R-01	-0.450790	0.380976	-0.382710	0.105667	-0.416750	0.243322
TCGA-AR-A24S-01	-0.147221	0.185975	-0.250996	0.154472	-0.199109	0.170223
TCGA-AR-A24T-01	-0.144930	0.242541	-0.505116	0.129321	-0.325023	0.185931
TCGA-AR-A24U-01	0.018747	-0.019495	-0.177981	-0.019971	-0.079617	-0.019733
TCGA-AR-A24V-01	0.112471	0.039814	-0.038509	-0.039557	0.036981	0.000128
TCGA-AR-A24W-01	-0.180367	0.299032	-0.281908	0.054235	-0.231138	0.176633
TCGA-AR-A24X-01	-0.184221	0.314151	-0.204767	0.063138	-0.194494	0.188645
TCGA-AR-A24Z-01	-0.517642	0.566375	-0.519715	0.279250	-0.518678	0.422813
TCGA-AR-A250-01	-0.280692	0.236460	-0.335596	0.132869	-0.308144	0.184665
TCGA-AR-A251-01	1.169159	-1.318996	0.671090	-0.771395	0.920125	-1.045195
TCGA-AR-A252-01	-0.549481	0.506464	-0.459212	0.235098	-0.504346	0.370781
TCGA-AR-A254-01	0.010390	0.055473	-0.146789	0.000184	-0.068199	0.027829
TCGA-AR-A255-01	-0.189446	0.307743	-0.224746	0.115423	-0.207096	0.211583
TCGA-AR-A256-01	1.348687	-1.391226	0.731610	-0.706344	1.040149	-1.048785
TCGA-AR-A2LE-01	-0.311569	0.086433	-0.264183	0.102292	-0.287876	0.094362
TCGA-AR-A2LH-01	0.135947	-0.200777	-0.152003	-0.035928	-0.008028	-0.118352
TCGA-AR-A2LJ-01	-0.038818	0.159043	-0.293455	0.078287	-0.166136	0.118665
TCGA-AR-A2LK-01	-0.268479	0.383824	-0.204870	0.227248	-0.236675	0.305536
TCGA-AR-A2LM-01	-0.208942	0.184278	-0.305953	0.189062	-0.257448	0.186670
TCGA-AR-A2LN-01	-0.275783	0.346506	-0.501209	0.220844	-0.388496	0.283675
TCGA-AR-A2LO-01	0.170143	-0.096308	-0.167698	0.128540	0.001223	0.016116
TCGA-AR-A2LQ-01	0.023781	-0.016029	-0.098867	-0.097235	-0.037543	-0.056632
TCGA-AR-A5QM-01	-0.478454	0.392161	-0.405714	0.112650	-0.442084	0.252405
TCGA-AR-A5QN-01	-0.609398	0.522392	-0.580809	0.263497	-0.595103	0.392945
TCGA-AR-A5QP-01	-0.047936	0.116773	-0.227385	0.100677	-0.137661	0.108725
TCGA-AR-A5QQ-01	1.021482	-1.083716	0.803211	-0.737110	0.912346	-0.910413
TCGA-B6-A0I1-01	1.467457	-1.519505	0.936895	-0.842630	1.202176	-1.181067
TCGA-B6-A1KC-01	-0.436337	0.571242	-0.346921	0.211204	-0.391629	0.391223
TCGA-B6-A1KF-01	1.207573	-1.333569	0.775249	-0.785432	0.991411	-1.059501
TCGA-B6-A1KI-01	-0.487955	0.205061	-0.512452	0.125546	-0.500204	0.165304
TCGA-B6-A1KN-01	-0.179754	0.285298	-0.246818	0.099624	-0.213286	0.192461
TCGA-B6-A2IU-01	-0.394692	0.468213	-0.293024	0.181803	-0.343858	0.325008
TCGA-B6-A3ZX-01	1.304192	-1.408226	0.887672	-0.807885	1.095932	-1.108055
TCGA-B6-A400-01	1.345066	-1.534366	0.922271	-0.940613	1.133668	-1.237490
TCGA-B6-A401-01	0.071742	-0.062674	-0.135148	-0.122566	-0.031703	-0.092620
TCGA-B6-A402-01	1.809765	-2.034950	1.234131	-1.236085	1.521948	-1.635517
TCGA-B6-A408-01	-0.190210	0.463762	-0.335727	0.250940	-0.262969	0.357351
TCGA-B6-A409-01	1.076211	-1.105760	0.913748	-0.886070	0.994979	-0.995915
TCGA-B6-A40B-01	-0.295170	0.340801	-0.200726	0.012362	-0.247948	0.176581
TCGA-B6-A40C-01	-0.139226	0.289945	-0.224620	0.066241	-0.181923	0.178093
TCGA-BH-A0AU-01	-0.402300	0.255604	-0.317489	0.100883	-0.359895	0.178243
TCGA-BH-A0AZ-01	-0.231468	0.301819	-0.252195	0.046823	-0.241831	0.174321
TCGA-BH-A0B5-01	-0.127840	0.210495	-0.252059	0.056372	-0.189949	0.133434
TCGA-BH-A0BF-01	-0.128898	0.014179	-0.219573	0.003075	-0.174235	0.008627
TCGA-BH-A0BS-01	-0.263499	0.217503	-0.196249	0.042594	-0.229874	0.130049
TCGA-BH-A0BT-01	-0.188542	0.117593	-0.241059	0.051174	-0.214801	0.084384
TCGA-BH-A0BZ-01	-0.056373	0.012016	-0.123329	-0.057086	-0.089851	-0.022535
TCGA-BH-A0C3-01	-0.272195	0.094081	-0.425768	0.065860	-0.348981	0.079971
TCGA-BH-A0DD-01	-0.074906	0.167660	-0.137127	0.048069	-0.106016	0.107864
TCGA-BH-A0DG-01	-0.227430	0.241032	-0.295822	0.096915	-0.261626	0.168974
TCGA-BH-A0DI-01	-0.155626	0.202273	-0.093461	-0.123258	-0.124544	0.039507
TCGA-BH-A0DV-01	-0.343733	0.286271	-0.381689	0.094333	-0.362711	0.190302
TCGA-BH-A0E2-01	-0.464101	0.149359	-0.459298	0.101697	-0.461699	0.125528
TCGA-BH-A0H3-01	-0.030283	0.065636	-0.165434	0.100088	-0.097859	0.082862
TCGA-BH-A0HA-01	-0.325625	0.325705	-0.442593	0.164986	-0.384109	0.245346
TCGA-BH-A0HN-01	-0.261209	0.394166	-0.233723	0.159039	-0.247466	0.276603
TCGA-BH-A1EN-01	-0.378035	0.357461	-0.353412	0.119934	-0.365724	0.238698
TCGA-BH-A1EO-01	-0.121381	0.225275	-0.120019	0.068888	-0.120700	0.147081
TCGA-BH-A1ES-01	-0.059458	0.076618	-0.224596	-0.062921	-0.142027	0.006849
TCGA-BH-A1ET-01	-0.540495	0.395616	-0.364326	0.103568	-0.452410	0.249592
TCGA-BH-A1EU-01	-0.384485	0.343134	-0.367475	0.083973	-0.375980	0.213554
TCGA-BH-A1EV-01	-0.176573	0.132197	-0.281493	0.078358	-0.229033	0.105278
TCGA-BH-A1EW-01	-0.057202	0.214623	-0.183745	0.024795	-0.120474	0.119709
TCGA-BH-A1EX-01	0.062778	-0.048291	-0.049270	-0.129929	0.006754	-0.089110
TCGA-BH-A1EY-01	-0.250234	0.319538	-0.381812	0.159900	-0.316023	0.239719
TCGA-BH-A1F0-01	1.064535	-1.189333	0.725982	-0.719683	0.895259	-0.954508
TCGA-BH-A1F2-01	-0.385939	0.178663	-0.367578	0.115264	-0.376758	0.146964
TCGA-BH-A1F5-01	-0.231024	0.300391	-0.295671	0.148380	-0.263348	0.224385
TCGA-BH-A1F6-01	1.565094	-1.841879	1.158658	-1.168440	1.361876	-1.505159
TCGA-BH-A1F8-01	-0.173359	0.186432	-0.262035	0.051337	-0.217697	0.118884
TCGA-BH-A1FB-01	-0.092216	0.112347	0.014468	-0.131399	-0.038874	-0.009526
TCGA-BH-A1FC-01	1.513197	-1.457879	1.005784	-0.839603	1.259491	-1.148741
TCGA-BH-A1FE-01	-0.160475	0.122936	-0.177654	0.084278	-0.169065	0.103607
TCGA-BH-A1FG-01	-0.276638	0.306159	-0.353014	0.121167	-0.314826	0.213663
TCGA-BH-A1FH-01	-0.299921	0.419332	-0.341931	0.134832	-0.320926	0.277082
TCGA-BH-A1FJ-01	-0.266087	0.216326	-0.131932	-0.115818	-0.199009	0.050254
TCGA-BH-A1FL-01	-0.248590	0.425247	-0.253160	0.117111	-0.250875	0.271179
TCGA-BH-A1FM-01	0.097329	0.116149	-0.140887	0.014486	-0.021779	0.065318
TCGA-BH-A1FN-01	0.027355	0.088843	-0.096350	0.113629	-0.034497	0.101236
TCGA-BH-A1FR-01	-0.475017	0.314589	-0.474735	0.140994	-0.474876	0.227792
TCGA-BH-A1FU-01	0.146986	-0.295019	-0.025120	-0.210204	0.060933	-0.252612
TCGA-BH-A201-01	-0.060141	0.069756	-0.111774	-0.068232	-0.085958	0.000762
TCGA-BH-A202-01	0.057827	-0.072887	-0.129712	-0.136860	-0.035942	-0.104874
TCGA-BH-A203-01	0.090772	-0.188637	0.084343	-0.339911	0.087557	-0.264274
TCGA-BH-A204-01	-0.579444	0.757658	-0.593046	0.338556	-0.586245	0.548107
TCGA-BH-A208-01	0.447255	-0.681992	0.257268	-0.409766	0.352262	-0.545879
TCGA-BH-A209-01	-0.173117	0.272988	-0.251667	0.120195	-0.212392	0.196591
TCGA-BH-A28O-01	-0.192192	0.263167	-0.155239	0.027288	-0.173715	0.145228
TCGA-BH-A28Q-01	-0.154895	0.255527	-0.303480	0.066183	-0.229188	0.160855
TCGA-BH-A2L8-01	-0.192355	0.213322	-0.267650	0.036623	-0.230002	0.124972
TCGA-BH-A42T-01	-0.137539	0.278389	-0.183794	0.046047	-0.160666	0.162218
TCGA-BH-A42U-01	-0.144650	0.103259	-0.143937	-0.005038	-0.144294	0.049111
TCGA-BH-A42V-01	-0.283577	0.263269	-0.379464	0.103906	-0.331521	0.183588
TCGA-BH-A5IZ-01	1.759489	-1.904946	1.120829	-1.075487	1.440159	-1.490216
TCGA-BH-A5J0-01	-0.315994	0.215830	-0.364709	0.142679	-0.340352	0.179255
TCGA-BH-A6R8-01	-0.349737	0.267151	-0.429092	0.102588	-0.389414	0.184870
TCGA-BH-A6R9-01	0.344472	-0.350760	-0.010555	-0.099152	0.166958	-0.224956
TCGA-BH-A8FY-01	-0.362461	0.281096	-0.507524	0.114767	-0.434992	0.197932
TCGA-BH-A8FZ-01	-0.320448	0.294971	-0.327019	0.118541	-0.323733	0.206756
TCGA-BH-A8G0-01	-0.141165	0.241237	-0.242555	0.056282	-0.191860	0.148759
TCGA-BH-AB28-01	-0.107945	0.136773	-0.239295	0.028526	-0.173620	0.082649
TCGA-C8-A1HE-01	-0.307409	0.293626	-0.279290	0.099737	-0.293349	0.196681
TCGA-C8-A1HF-01	0.113958	-0.092412	-0.037382	-0.070046	0.038288	-0.081229
TCGA-C8-A1HG-01	-0.058641	0.290805	-0.118657	0.107530	-0.088649	0.199168
TCGA-C8-A1HI-01	-0.220776	0.411510	-0.217930	0.193462	-0.219353	0.302486
TCGA-C8-A1HJ-01	1.505989	-1.755975	0.936044	-1.041168	1.221017	-1.398572
TCGA-C8-A1HK-01	-0.341410	0.211613	-0.442331	0.091642	-0.391870	0.151628
TCGA-C8-A1HL-01	-0.470052	0.167288	-0.548084	0.306541	-0.509068	0.236914
TCGA-C8-A1HM-01	-0.160078	0.191217	-0.176456	0.042438	-0.168267	0.116827
TCGA-C8-A1HN-01	-0.362335	0.471534	-0.338363	0.363700	-0.350349	0.417617
TCGA-C8-A1HO-01	-0.564147	0.716392	-0.497290	0.387118	-0.530719	0.551755
TCGA-C8-A26V-01	-0.085137	0.137635	0.082825	-0.188126	-0.001156	-0.025245
TCGA-C8-A26W-01	-0.149427	0.295324	-0.229125	0.083408	-0.189276	0.189366
TCGA-C8-A26X-01	0.562761	-0.594587	0.328750	-0.344283	0.445755	-0.469435
TCGA-C8-A26Y-01	0.608674	-0.661503	0.136552	-0.424875	0.372613	-0.543189
TCGA-C8-A26Z-01	-0.444105	0.542360	-0.379663	0.200067	-0.411884	0.371214
TCGA-C8-A273-01	-0.329682	0.195159	-0.417170	0.141922	-0.373426	0.168541
TCGA-C8-A274-01	-0.355957	0.161833	-0.324804	0.035907	-0.340381	0.098870
TCGA-C8-A275-01	0.016809	-0.092525	0.100942	-0.215818	0.058875	-0.154172
TCGA-C8-A278-01	0.113154	-0.184237	-0.114484	-0.164662	-0.000665	-0.174449
TCGA-C8-A27A-01	-0.393094	0.647445	-0.428698	0.329039	-0.410896	0.488242
TCGA-C8-A27B-01	1.383387	-1.488788	1.198686	-1.107818	1.291037	-1.298303
TCGA-C8-A3M7-01	-0.359070	0.404351	-0.471407	0.174829	-0.415239	0.289590
TCGA-C8-A3M8-01	-0.521611	0.546599	-0.504801	0.316942	-0.513206	0.431771
TCGA-C8-A8HP-01	-0.146922	-0.162478	-0.208963	-0.247857	-0.177942	-0.205167
TCGA-C8-A8HQ-01	-0.165998	0.056971	-0.288111	0.069519	-0.227055	0.063245
TCGA-C8-A8HR-01	0.101027	0.040241	-0.171377	0.103281	-0.035175	0.071761
TCGA-D8-A1J8-01	-0.254194	0.152346	-0.282059	0.028054	-0.268126	0.090200
TCGA-D8-A1J9-01	-0.086387	0.050466	-0.513559	0.265618	-0.299973	0.158042
TCGA-D8-A1JA-01	0.096991	-0.348243	0.080652	-0.272189	0.088821	-0.310216
TCGA-D8-A1JB-01	-0.152704	0.385856	-0.288693	0.163781	-0.220698	0.274819
TCGA-D8-A1JC-01	0.013725	-0.043115	-0.095074	-0.047038	-0.040675	-0.045077
TCGA-D8-A1JD-01	-0.036044	0.029461	-0.170852	0.142807	-0.103448	0.086134
TCGA-D8-A1JE-01	-0.489705	0.038484	-0.520215	0.180674	-0.504960	0.109579
TCGA-D8-A1JF-01	0.471136	-0.502022	0.219085	-0.353962	0.345111	-0.427992
TCGA-D8-A1JG-01	0.394149	-0.398010	0.209238	-0.444341	0.301693	-0.421176
TCGA-D8-A1JH-01	-0.097517	0.027958	-0.155391	-0.045316	-0.126454	-0.008679
TCGA-D8-A1JI-01	-0.708013	0.471713	-0.541210	0.100418	-0.624611	0.286065
TCGA-D8-A1JJ-01	-0.178269	0.002918	-0.300447	-0.006136	-0.239358	-0.001609
TCGA-D8-A1JK-01	0.684067	-0.769976	0.605096	-0.677645	0.644581	-0.723811
TCGA-D8-A1JL-01	0.840622	-0.858857	0.900604	-0.853413	0.870613	-0.856135
TCGA-D8-A1JN-01	-0.614110	0.646657	-0.563432	0.319811	-0.588771	0.483234
TCGA-D8-A1JP-01	0.078886	0.152409	-0.054432	0.003793	0.012227	0.078101
TCGA-D8-A1JS-01	-0.496155	0.304129	-0.560234	0.037408	-0.528194	0.170768
TCGA-D8-A1JT-01	-0.160721	0.370635	-0.201392	0.217574	-0.181056	0.294104
TCGA-D8-A1JU-01	-0.280866	0.186397	-0.135439	0.020090	-0.208152	0.103244
TCGA-D8-A1X5-01	-0.450179	0.622383	-0.215224	0.122135	-0.332702	0.372259
TCGA-D8-A1X6-01	-0.259452	0.440426	-0.393886	0.203824	-0.326669	0.322125
TCGA-D8-A1X7-01	-0.405674	0.130735	-0.396221	0.013466	-0.400948	0.072100
TCGA-D8-A1X8-01	-0.361549	0.308239	-0.469569	0.108038	-0.415559	0.208138
TCGA-D8-A1X9-01	-0.347287	0.267513	-0.461559	0.065385	-0.404423	0.166449
TCGA-D8-A1XA-01	-0.219319	0.226396	-0.302465	0.068849	-0.260892	0.147622
TCGA-D8-A1XB-01	-0.165154	0.078031	-0.226768	0.019174	-0.195961	0.048602
TCGA-D8-A1XC-01	-0.757547	0.295379	-0.742851	0.150931	-0.750199	0.223155
TCGA-D8-A1XD-01	-0.267223	0.364579	-0.275910	0.095791	-0.271567	0.230185
TCGA-D8-A1XF-01	-0.452427	0.525548	-0.359079	0.249625	-0.405753	0.387586
TCGA-D8-A1XG-01	-0.288103	0.117511	-0.273061	-0.059715	-0.280582	0.028898
TCGA-D8-A1XJ-01	-0.416873	0.373286	-0.439793	0.176617	-0.428333	0.274951
TCGA-D8-A1XK-01	0.839326	-0.906611	0.572273	-0.700814	0.705800	-0.803712
TCGA-D8-A1XL-01	-0.005988	0.069061	-0.277543	0.069930	-0.141766	0.069496
TCGA-D8-A1XM-01	-0.264348	0.149818	-0.231277	-0.002263	-0.247813	0.073778
TCGA-D8-A1XO-01	-0.275246	0.262418	-0.295639	0.119531	-0.285442	0.190974
TCGA-D8-A1XQ-01	1.056112	-1.052901	0.630785	-0.728499	0.843448	-0.890700
TCGA-D8-A1XR-01	-0.279009	0.413004	-0.370191	0.259657	-0.324600	0.336330
TCGA-D8-A1XS-01	-0.149446	0.195410	-0.204439	0.261602	-0.176942	0.228506
TCGA-D8-A1XT-01	0.410950	-0.060509	-0.025072	-0.066559	0.192939	-0.063534
TCGA-D8-A1XU-01	-0.248523	0.236925	-0.287066	0.116644	-0.267795	0.176784
TCGA-D8-A1XV-01	-0.599637	0.283409	-0.621474	0.156525	-0.610556	0.219967
TCGA-D8-A1XW-01	0.904983	-1.082904	0.663292	-0.771313	0.784137	-0.927109
TCGA-D8-A1XY-01	-0.203985	0.262795	-0.324760	0.150570	-0.264372	0.206683
TCGA-D8-A1XZ-01	-0.034837	0.326825	-0.028747	0.013900	-0.031792	0.170363
TCGA-D8-A1Y0-01	-0.182142	0.252632	-0.088238	0.138310	-0.135190	0.195471
TCGA-D8-A1Y1-01	-0.046639	0.291419	-0.287749	0.158310	-0.167194	0.224864
TCGA-D8-A1Y2-01	-0.113230	0.113404	-0.224175	0.015249	-0.168703	0.064327
TCGA-D8-A1Y3-01	-0.136199	0.161256	0.015689	-0.002676	-0.060255	0.079290
TCGA-D8-A27E-01	-0.560899	0.082428	-0.376861	-0.104570	-0.468880	-0.011071
TCGA-D8-A27F-01	1.534410	-1.730294	1.010201	-1.154576	1.272305	-1.442435
TCGA-D8-A27G-01	-0.159016	0.268406	-0.228132	0.123799	-0.193574	0.196102
TCGA-D8-A27H-01	1.373129	-1.508464	0.846830	-0.980046	1.109979	-1.244255
TCGA-D8-A27I-01	-0.228820	0.217408	-0.081245	0.054994	-0.155033	0.136201
TCGA-D8-A27K-01	-0.221217	0.225434	-0.244628	0.098372	-0.232923	0.161903
TCGA-D8-A27L-01	-0.172668	0.207051	-0.210552	-0.025414	-0.191610	0.090819
TCGA-D8-A27M-01	1.367097	-1.306545	0.668434	-0.651234	1.017765	-0.978890
TCGA-D8-A27N-01	-0.149019	0.190118	-0.169793	-0.031693	-0.159406	0.079213
TCGA-D8-A27P-01	-0.327655	0.390353	-0.306112	0.130266	-0.316884	0.260310
TCGA-D8-A27R-01	-0.204311	-0.048741	-0.123851	-0.208357	-0.164081	-0.128549
TCGA-D8-A27T-01	-0.220721	0.177964	-0.342625	0.131053	-0.281673	0.154509
TCGA-D8-A27V-01	-0.378116	0.328658	-0.434210	0.167699	-0.406163	0.248178
TCGA-D8-A27W-01	-0.540954	0.451132	-0.524395	0.206272	-0.532675	0.328702
TCGA-D8-A3Z5-01	-0.361855	0.356936	-0.338533	0.162124	-0.350194	0.259530
TCGA-D8-A3Z6-01	-0.517470	0.445232	-0.421966	0.191960	-0.469718	0.318596
TCGA-D8-A4Z1-01	-0.373697	0.342801	-0.333754	0.096630	-0.353726	0.219715
TCGA-D8-A73U-01	-0.328123	0.245725	-0.383375	0.093456	-0.355749	0.169590
TCGA-D8-A73W-01	-0.437659	0.386240	-0.611938	0.244560	-0.524798	0.315400
TCGA-D8-A73X-01	-0.223805	0.290343	-0.287737	0.069757	-0.255771	0.180050
TCGA-E2-A14N-01	0.955510	-0.987377	0.427478	-0.491267	0.691494	-0.739322
TCGA-E2-A14U-01	-0.234510	0.227994	-0.198074	0.084502	-0.216292	0.156248
TCGA-E2-A15I-01	-0.475774	0.407638	-0.460942	0.219679	-0.468358	0.313659
TCGA-E2-A15J-01	-0.133134	0.167960	-0.287481	0.009389	-0.210308	0.088674
TCGA-E2-A15K-01	-0.314135	0.198183	-0.324060	0.091056	-0.319098	0.144619
TCGA-E2-A1AZ-01	0.856780	-0.780129	0.851604	-0.793935	0.854192	-0.787032
TCGA-E2-A1B0-01	0.356182	-0.450364	0.080914	-0.187453	0.218548	-0.318909
TCGA-E2-A1B1-01	-0.126473	0.142084	-0.091918	-0.090879	-0.109196	0.025603
TCGA-E2-A1B4-01	-0.155835	0.215090	-0.231192	0.066962	-0.193514	0.141026
TCGA-E2-A1B5-01	-0.153283	0.428742	-0.265828	0.204208	-0.209555	0.316475
TCGA-E2-A1B6-01	0.914925	-0.926997	0.493635	-0.489897	0.704280	-0.708447
TCGA-E2-A1BC-01	-0.137890	0.213085	-0.309088	0.086685	-0.223489	0.149885
TCGA-E2-A1BD-01	-0.188520	0.182479	-0.213523	0.092348	-0.201021	0.137413
TCGA-E2-A1IE-01	-0.514830	0.621251	-0.378491	0.292840	-0.446661	0.457045
TCGA-E2-A1IF-01	-0.179473	0.313961	-0.215758	0.030309	-0.197615	0.172135
TCGA-E2-A1IG-01	-0.405723	0.428802	-0.426650	0.229371	-0.416187	0.329086
TCGA-E2-A1IH-01	-0.062409	0.373182	-0.110890	0.113098	-0.086650	0.243140
TCGA-E2-A1II-01	0.713708	-0.858906	0.359028	-0.488896	0.536368	-0.673901
TCGA-E2-A1IJ-01	-0.249318	0.203320	-0.194452	0.069315	-0.221885	0.136318
TCGA-E2-A1IK-01	-0.317435	0.166756	-0.346479	0.089627	-0.331957	0.128191
TCGA-E2-A1IL-01	-0.290508	0.212295	-0.381081	0.095207	-0.335795	0.153751
TCGA-E2-A1IN-01	-0.229211	0.297848	-0.229201	0.195112	-0.229206	0.246480
TCGA-E2-A1IO-01	-0.187232	0.154359	-0.143283	0.075059	-0.165257	0.114709
TCGA-E2-A1IU-01	-0.228170	0.131307	-0.283613	0.074954	-0.255891	0.103131
TCGA-E2-A1L6-01	-0.331124	0.288479	-0.280889	0.084164	-0.306006	0.186322
TCGA-E2-A1L7-01	-0.220842	0.196964	-0.347027	0.102460	-0.283935	0.149712
TCGA-E2-A1L8-01	-0.321182	0.230321	-0.278914	0.055982	-0.300048	0.143152
TCGA-E2-A1L9-01	-0.182289	-0.015565	-0.305901	-0.026755	-0.244095	-0.021160
TCGA-E2-A1LA-01	-0.130735	0.335288	-0.055259	0.049716	-0.092997	0.192502
TCGA-E2-A1LB-01	0.029755	-0.187943	-0.199706	-0.091811	-0.084975	-0.139877
TCGA-E2-A1LE-01	0.316884	-0.478924	-0.048769	-0.193743	0.134057	-0.336334
TCGA-E2-A1LG-01	1.383509	-1.437987	0.686006	-0.684781	1.034758	-1.061384
TCGA-E2-A1LH-01	1.613912	-1.654734	1.193140	-1.068774	1.403526	-1.361754
TCGA-E2-A1LI-01	1.461963	-1.427844	0.438395	-0.457901	0.950179	-0.942872
TCGA-E2-A1LK-01	1.872746	-2.009577	1.198670	-1.262542	1.535708	-1.636059
TCGA-E2-A1LL-01	0.750203	-0.809800	0.537612	-0.679294	0.643907	-0.744547
TCGA-E2-A1LS-01	0.839480	-0.983469	0.602367	-0.672868	0.720924	-0.828169
TCGA-E2-A2P5-01	-0.198763	0.252276	-0.149696	-0.009038	-0.174230	0.121619
TCGA-E2-A2P6-01	-0.554716	0.370350	-0.613550	0.187087	-0.584133	0.278718
TCGA-E2-A3DX-01	-0.148572	0.147175	-0.185876	0.016666	-0.167224	0.081921
TCGA-E2-A56Z-01	-0.753652	0.418149	-0.645530	0.247017	-0.699591	0.332583
TCGA-E2-A570-01	-0.206762	0.261811	-0.216168	0.108547	-0.211465	0.185179
TCGA-E2-A572-01	-0.526964	0.410689	-0.472950	0.212192	-0.499957	0.311440
TCGA-E2-A573-01	1.485433	-1.541424	0.823119	-0.920980	1.154276	-1.231202
TCGA-E2-A574-01	1.507360	-1.597857	1.048687	-1.058084	1.278023	-1.327971
TCGA-E2-A576-01	-0.553193	0.429348	-0.583960	0.361406	-0.568576	0.395377
TCGA-E2-A9RU-01	-0.012972	0.123732	0.010541	-0.089676	-0.001216	0.017028
TCGA-E9-A1N3-01	-0.837146	0.581699	-0.749767	0.262922	-0.793457	0.422310
TCGA-E9-A1N4-01	-0.414808	0.245322	-0.255334	0.015149	-0.335071	0.130236
TCGA-E9-A1N5-01	-0.384333	0.370092	-0.416186	0.249630	-0.400260	0.309861
TCGA-E9-A1N6-01	0.019168	-0.021057	-0.098757	-0.110585	-0.039795	-0.065821
TCGA-E9-A1N8-01	1.607380	-1.592701	0.972710	-0.942324	1.290045	-1.267512
TCGA-E9-A1N9-01	0.160087	0.053046	-0.123138	0.081082	0.018474	0.067064
TCGA-E9-A1NA-01	0.211819	-0.036675	-0.004710	-0.180871	0.103555	-0.108773
TCGA-E9-A1ND-01	1.160855	-1.211175	0.817472	-0.802295	0.989163	-1.006735
TCGA-E9-A1NE-01	-0.070275	0.037139	-0.059157	-0.002266	-0.064716	0.017436
TCGA-E9-A1NF-01	-0.232888	0.081808	-0.603936	0.186680	-0.418412	0.134244
TCGA-E9-A1NG-01	-0.235855	0.089918	-0.189051	-0.029359	-0.212453	0.030280
TCGA-E9-A1NH-01	-0.186611	0.149563	-0.268041	0.094234	-0.227326	0.121899
TCGA-E9-A1NI-01	-0.264233	0.246467	-0.291251	0.068802	-0.277742	0.157634
TCGA-E9-A1QZ-01	-0.192875	0.128527	-0.240186	0.031949	-0.216531	0.080238
TCGA-E9-A1R0-01	-0.347782	0.335658	-0.247515	0.037416	-0.297649	0.186537
TCGA-E9-A1R2-01	-0.025134	-0.086274	-0.213878	-0.093765	-0.119506	-0.090020
TCGA-E9-A1R3-01	-0.096258	-0.131301	-0.069170	-0.152485	-0.082714	-0.141893
TCGA-E9-A1R4-01	-0.236142	0.291083	-0.336307	0.143674	-0.286225	0.217378
TCGA-E9-A1R5-01	-0.192406	0.260823	-0.364313	0.171217	-0.278359	0.216020
TCGA-E9-A1R6-01	-0.270640	0.416403	-0.304078	0.269272	-0.287359	0.342838
TCGA-E9-A1R7-01	-0.469349	0.334025	-0.445313	0.230442	-0.457331	0.282233
TCGA-E9-A1RA-01	-0.174219	0.113123	-0.269087	0.066371	-0.221653	0.089747
TCGA-E9-A1RB-01	-0.091919	-0.105225	-0.104254	-0.030267	-0.098086	-0.067746
TCGA-E9-A1RC-01	-0.240614	0.290917	-0.327079	0.143315	-0.283846	0.217116
TCGA-E9-A1RD-01	-0.215982	-0.056590	-0.167774	-0.188614	-0.191878	-0.122602
TCGA-E9-A1RE-01	-0.439909	0.653511	-0.372668	0.328575	-0.406288	0.491043
TCGA-E9-A1RF-01	0.013656	0.272090	-0.104318	0.075294	-0.045331	0.173692
TCGA-E9-A1RG-01	-0.252371	0.187119	-0.193998	0.114028	-0.223184	0.150574
TCGA-E9-A1RH-01	0.886400	-1.161081	0.734297	-0.822956	0.810349	-0.992019
TCGA-E9-A1RI-01	-0.152117	0.197598	-0.263186	0.109571	-0.207652	0.153584
TCGA-E9-A226-01	-0.300163	-0.005523	-0.331127	-0.012425	-0.315645	-0.008974
TCGA-E9-A227-01	-0.307823	0.268981	-0.330157	0.130127	-0.318990	0.199554
TCGA-E9-A228-01	-0.409904	0.595620	-0.455174	0.224044	-0.432539	0.409832
TCGA-E9-A229-01	-0.197324	0.090214	-0.260692	0.116708	-0.229008	0.103461
TCGA-E9-A22A-01	-0.055339	0.052808	-0.058908	-0.117072	-0.057123	-0.032132
TCGA-E9-A22B-01	-0.342232	0.394037	-0.373121	0.254499	-0.357677	0.324268
TCGA-E9-A22D-01	-0.350005	0.397515	-0.380953	0.198048	-0.365479	0.297782
TCGA-E9-A22E-01	-0.376073	0.210360	-0.434564	0.101576	-0.405318	0.155968
TCGA-E9-A22G-01	1.846606	-2.005467	1.500059	-1.396983	1.673333	-1.701225
TCGA-E9-A22H-01	-0.366977	0.415355	-0.401688	0.101174	-0.384332	0.258265
TCGA-E9-A243-01	0.760731	-0.914936	0.719797	-0.747712	0.740264	-0.831324
TCGA-E9-A244-01	1.589303	-1.617507	0.895368	-0.887686	1.242336	-1.252596
TCGA-E9-A245-01	-0.695820	0.288047	-0.661475	0.113081	-0.678647	0.200564
TCGA-E9-A247-01	-0.220438	0.365677	-0.332390	0.171740	-0.276414	0.268709
TCGA-E9-A248-01	0.346908	-0.679309	0.060920	-0.373775	0.203914	-0.526542
TCGA-E9-A249-01	-0.204459	0.022084	-0.255731	-0.028742	-0.230095	-0.003329
TCGA-E9-A24A-01	-0.377803	0.187239	-0.494054	0.187470	-0.435928	0.187354
TCGA-E9-A295-01	-0.249674	0.227503	-0.381107	0.177183	-0.315391	0.202343
TCGA-E9-A2JS-01	-0.199153	0.535679	-0.162860	0.234679	-0.181007	0.385179
TCGA-E9-A2JT-01	-0.328532	0.309599	-0.304500	0.091016	-0.316516	0.200307
TCGA-E9-A3Q9-01	-0.424522	0.242950	-0.410140	0.028298	-0.417331	0.135624
TCGA-E9-A3QA-01	1.609646	-1.732993	1.174912	-1.134874	1.392279	-1.433933
TCGA-E9-A3X8-01	-0.205282	0.343508	-0.294955	0.129199	-0.250118	0.236354
TCGA-E9-A54X-01	-0.446022	0.339860	-0.436758	0.184727	-0.441390	0.262293
TCGA-E9-A54Y-01	-0.313456	0.401671	-0.358961	0.197056	-0.336209	0.299363
TCGA-E9-A5FK-01	-0.475817	0.405019	-0.537516	0.258730	-0.506666	0.331875
TCGA-E9-A5FL-01	0.602977	-0.720912	0.385501	-0.482303	0.494239	-0.601607
TCGA-E9-A5UO-01	-0.627468	0.603910	-0.587647	0.320455	-0.607557	0.462183
TCGA-E9-A5UP-01	-0.121538	0.100456	-0.231803	0.088983	-0.176670	0.094719
TCGA-E9-A6HE-01	-0.137313	0.161721	-0.329056	-0.016150	-0.233185	0.072786
TCGA-EW-A1IW-01	-0.112928	0.303063	-0.196468	0.158156	-0.154698	0.230609
TCGA-EW-A1IX-01	-0.122077	0.160744	-0.195155	0.120116	-0.158616	0.140430
TCGA-EW-A1IY-01	-0.145821	0.123931	-0.242789	-0.002734	-0.194305	0.060598
TCGA-EW-A1IZ-01	-0.132189	0.104614	-0.236137	0.014644	-0.184163	0.059629
TCGA-EW-A1J1-01	-0.470812	0.430196	-0.390371	0.146519	-0.430591	0.288358
TCGA-EW-A1J2-01	-0.099807	0.220984	-0.165544	0.056705	-0.132675	0.138844
TCGA-EW-A1J3-01	-0.289065	0.364463	-0.265517	0.111926	-0.277291	0.238195
TCGA-EW-A1J5-01	-0.179603	0.319793	-0.166555	0.108102	-0.173079	0.213947
TCGA-EW-A1J6-01	-0.263921	0.330375	-0.328186	0.106592	-0.296053	0.218483
TCGA-EW-A1OV-01	0.006049	0.060017	-0.157774	0.048651	-0.075863	0.054334
TCGA-EW-A1OW-01	1.376471	-1.469390	1.047529	-1.057670	1.212000	-1.263530
TCGA-EW-A1OX-01	-0.871905	0.740023	-0.721538	0.357791	-0.796721	0.548907
TCGA-EW-A1OY-01	-0.157241	0.411040	-0.232911	0.169880	-0.195076	0.290460
TCGA-EW-A1OZ-01	-0.199177	0.270228	-0.056048	-0.048596	-0.127612	0.110816
TCGA-EW-A1P0-01	-0.604617	0.075354	-0.299605	0.216324	-0.452111	0.145839
TCGA-EW-A1P1-01	0.338218	-0.393391	0.011926	-0.217942	0.175072	-0.305667
TCGA-EW-A1P3-01	-0.138162	0.216444	-0.164132	0.032486	-0.151147	0.124465
TCGA-EW-A1P4-01	1.385617	-1.321777	0.970442	-1.042943	1.178029	-1.182360
TCGA-EW-A1P5-01	-0.037611	0.046306	-0.274904	0.027407	-0.156258	0.036857
TCGA-EW-A1P6-01	-0.184012	0.452629	-0.247985	0.137892	-0.215999	0.295260
TCGA-EW-A1P7-01	0.901485	-0.859211	0.644301	-0.687414	0.772893	-0.773312
TCGA-EW-A1P8-01	0.930501	-1.009651	0.780572	-0.786941	0.855536	-0.898296
TCGA-EW-A1PA-01	-0.271148	0.421088	-0.428777	0.149411	-0.349963	0.285249
TCGA-EW-A1PB-01	1.065178	-0.944495	0.533246	-0.472634	0.799212	-0.708564
TCGA-EW-A1PC-01	-0.053033	0.107430	-0.037702	-0.038386	-0.045367	0.034522
TCGA-EW-A1PD-01	-0.302778	0.207376	-0.274049	0.060054	-0.288413	0.133715
TCGA-EW-A1PE-01	-0.376710	0.318285	-0.336209	0.134052	-0.356460	0.226168
TCGA-EW-A1PF-01	-0.247777	0.277907	-0.243320	0.122159	-0.245548	0.200033
TCGA-EW-A1PG-01	-0.129015	0.195746	-0.255289	0.069928	-0.192152	0.132837
TCGA-EW-A1PH-01	1.287200	-1.582085	0.791184	-0.942529	1.039192	-1.262307
TCGA-EW-A2FR-01	0.003815	-0.318404	0.125090	-0.525105	0.064453	-0.421754
TCGA-EW-A2FS-01	-0.054807	0.181716	-0.237057	0.071123	-0.145932	0.126419
TCGA-EW-A2FV-01	0.081544	0.006623	-0.259707	0.092003	-0.089081	0.049313
TCGA-EW-A2FW-01	-0.704325	0.545935	-0.629642	0.169628	-0.666984	0.357781
TCGA-EW-A3E8-01	-0.360971	0.450060	-0.415136	0.238375	-0.388054	0.344217
TCGA-EW-A3U0-01	1.110667	-1.171375	0.998012	-0.852594	1.054339	-1.011984
TCGA-EW-A423-01	-0.391294	0.120397	-0.390103	0.055139	-0.390698	0.087768
TCGA-EW-A424-01	-0.209866	0.332210	-0.412437	0.126704	-0.311151	0.229457
TCGA-EW-A6S9-01	-0.210476	0.139158	-0.245208	0.072060	-0.227842	0.105609
TCGA-EW-A6SA-01	-0.351985	0.322358	-0.493589	0.330733	-0.422787	0.326546
TCGA-EW-A6SB-01	1.924116	-2.113220	0.991405	-0.964060	1.457760	-1.538640
TCGA-EW-A6SC-01	-0.286093	0.499002	-0.269204	0.192213	-0.277649	0.345607
TCGA-EW-A6SD-01	0.516032	-0.439364	0.402987	-0.444816	0.459509	-0.442090
TCGA-GI-A2C8-01	-0.038263	0.241378	-0.130014	0.090570	-0.084139	0.165974
TCGA-GI-A2C9-01	1.442715	-1.505797	1.147660	-1.039953	1.295187	-1.272875
TCGA-GM-A2D9-01	-0.538740	0.540773	-0.509002	0.227487	-0.523871	0.384130
TCGA-GM-A2DA-01	-0.268429	0.464483	-0.387986	0.283402	-0.328208	0.373943
TCGA-GM-A2DB-01	0.646287	-0.706239	0.301879	-0.401774	0.474083	-0.554006
TCGA-GM-A2DC-01	-0.437447	0.305992	-0.493140	0.189535	-0.465293	0.247764
TCGA-GM-A2DD-01	0.673318	-0.733607	0.294434	-0.440376	0.483876	-0.586992
TCGA-GM-A2DF-01	1.358687	-1.520280	0.637732	-0.540189	0.998209	-1.030235
TCGA-GM-A2DH-01	0.211955	-0.119931	-0.017840	-0.006861	0.097057	-0.063396
TCGA-GM-A2DI-01	-0.224016	0.231012	-0.316961	0.172496	-0.270489	0.201754
TCGA-GM-A2DK-01	-0.328454	0.437497	-0.357493	0.145696	-0.342974	0.291597
TCGA-GM-A2DL-01	-0.313951	0.442024	-0.280616	0.162901	-0.297283	0.302462
TCGA-GM-A2DM-01	-0.343549	0.063040	-0.450332	0.104840	-0.396940	0.083940
TCGA-GM-A2DN-01	-0.291490	0.179145	-0.188202	0.057173	-0.239846	0.118159
TCGA-GM-A2DO-01	-0.147864	0.345984	-0.260415	0.186582	-0.204139	0.266283
TCGA-GM-A3NW-01	-0.493797	0.438201	-0.396455	0.250964	-0.445126	0.344583
TCGA-GM-A3NY-01	-0.328483	0.149733	-0.315105	0.066297	-0.321794	0.108015
TCGA-GM-A3XG-01	-0.072149	0.039524	-0.218377	0.077881	-0.145263	0.058703
TCGA-GM-A3XL-01	1.493359	-1.504968	0.899381	-0.851508	1.196370	-1.178238
TCGA-GM-A3XN-01	-0.236980	0.377066	-0.329734	0.044869	-0.283357	0.210968
TCGA-GM-A4E0-01	-0.193519	0.241931	-0.468589	0.193568	-0.331054	0.217750
TCGA-GM-A5PV-01	-0.333425	0.115114	-0.309863	0.123296	-0.321644	0.119205
TCGA-GM-A5PX-01	-0.243047	0.311363	-0.327227	0.182802	-0.285137	0.247082
TCGA-HN-A2NL-01	0.825506	-0.794483	0.340003	-0.412635	0.582755	-0.603559
TCGA-HN-A2OB-01	-0.303116	0.145580	-0.320001	0.148129	-0.311559	0.146855
TCGA-JL-A3YW-01	0.957326	-1.116432	0.651990	-0.595528	0.804658	-0.855980
TCGA-JL-A3YX-01	-0.298579	0.365341	-0.190596	0.061192	-0.244588	0.213267
TCGA-LD-A66U-01	-0.219932	0.296190	-0.317184	0.047082	-0.268558	0.171636
TCGA-LD-A74U-01	-0.394152	0.357560	-0.391725	0.111605	-0.392938	0.234583
TCGA-LD-A7W5-01	-0.277622	0.252164	-0.415969	0.148969	-0.346795	0.200567
TCGA-LD-A7W6-01	-0.254766	0.219402	-0.338976	0.119203	-0.296871	0.169303
TCGA-LD-A9QF-01	0.187510	-0.305304	0.060508	-0.248965	0.124009	-0.277134
TCGA-LL-A440-01	-0.202832	0.240339	-0.164139	0.030428	-0.183486	0.135384
TCGA-LL-A441-01	0.469148	-0.487307	0.484168	-0.510524	0.476658	-0.498915
TCGA-LL-A442-01	-0.930523	0.600094	-0.325995	-0.049599	-0.628259	0.275248
TCGA-LL-A50Y-01	-0.238414	0.206116	-0.434046	0.113738	-0.336230	0.159927
TCGA-LL-A5YL-01	-0.068167	-0.174025	-0.169320	-0.184004	-0.118743	-0.179015
TCGA-LL-A5YM-01	-0.640339	0.498683	-0.683356	0.294823	-0.661848	0.396753
TCGA-LL-A5YN-01	-0.240594	0.203705	-0.104561	-0.143013	-0.172578	0.030346
TCGA-LL-A5YO-01	0.617535	-0.754822	0.240022	-0.468638	0.428778	-0.611730
TCGA-LL-A5YP-01	1.232488	-1.408360	0.962837	-0.945202	1.097662	-1.176781
TCGA-LL-A6FP-01	-0.537037	0.364965	-0.626208	0.214948	-0.581622	0.289957
TCGA-LL-A6FQ-01	-0.423817	0.378165	-0.615893	0.180693	-0.519855	0.279429
TCGA-LL-A6FR-01	1.602947	-1.712531	1.052918	-1.069438	1.327933	-1.390985
TCGA-LL-A73Y-01	1.128578	-1.234519	0.655702	-0.702824	0.892140	-0.968672
TCGA-LL-A73Z-01	0.138008	-0.153658	0.031392	-0.154086	0.084700	-0.153872
TCGA-LL-A740-01	0.407160	-0.418978	0.083164	-0.211510	0.245162	-0.315244
TCGA-LL-A7SZ-01	-0.183247	0.225039	-0.143107	0.017593	-0.163177	0.121316
TCGA-LL-A7T0-01	-0.229067	0.291361	-0.313590	0.096985	-0.271329	0.194173
TCGA-LL-A8F5-01	1.417241	-1.350514	0.925028	-0.806422	1.171134	-1.078468
TCGA-LL-A9Q3-01	-0.571210	0.429213	-0.510164	0.213721	-0.540687	0.321467
TCGA-LQ-A4E4-01	-0.693424	0.544752	-0.572667	0.266753	-0.633045	0.405752
TCGA-MS-A51U-01	-0.339562	0.321129	-0.282519	0.071890	-0.311041	0.196509
TCGA-OK-A5Q2-01	0.058174	-0.055147	-0.124575	0.053783	-0.033200	-0.000682
TCGA-OL-A5D6-01	0.526632	-0.640495	0.155357	-0.297815	0.340994	-0.469155
TCGA-OL-A5D7-01	1.334885	-1.480202	0.921876	-0.980083	1.128380	-1.230143
TCGA-OL-A5D8-01	-0.234936	0.164687	-0.303280	0.032035	-0.269108	0.098361
TCGA-OL-A5DA-01	-0.198405	0.285156	-0.335549	0.196398	-0.266977	0.240777
TCGA-OL-A5RU-01	-0.359096	0.260503	-0.337626	0.134269	-0.348361	0.197386
TCGA-OL-A5RV-01	-0.232631	0.188907	-0.219993	0.111344	-0.226312	0.150126
TCGA-OL-A5RW-01	1.637850	-1.739838	1.155370	-1.139935	1.396610	-1.439886
TCGA-OL-A5RX-01	0.049604	0.019528	-0.202956	0.065778	-0.076676	0.042653
TCGA-OL-A5RY-01	0.549194	-0.387242	0.322949	-0.306161	0.436071	-0.346701
TCGA-OL-A5RZ-01	-0.361658	0.091098	-0.299038	-0.019702	-0.330348	0.035698
TCGA-OL-A5S0-01	1.533580	-1.544325	0.882658	-0.792482	1.208119	-1.168404
TCGA-OL-A66H-01	-0.713987	0.405309	-0.669217	0.246598	-0.691602	0.325954
TCGA-OL-A66I-01	1.590833	-1.475724	1.160022	-0.996969	1.375427	-1.236346
TCGA-OL-A66J-01	-0.113617	0.370981	-0.194154	0.061155	-0.153886	0.216068
TCGA-OL-A66K-01	-0.181871	0.384515	-0.332708	0.171756	-0.257289	0.278135
TCGA-OL-A66L-01	-0.238875	0.305889	-0.367378	0.251078	-0.303127	0.278483
TCGA-OL-A66N-01	-0.278845	0.059615	-0.349585	0.027819	-0.314215	0.043717
TCGA-OL-A66O-01	-0.579597	0.418793	-0.489692	0.149404	-0.534645	0.284099
TCGA-OL-A66P-01	0.336797	-0.487747	0.456701	-0.578996	0.396749	-0.533372
TCGA-OL-A6VO-01	1.577135	-1.676922	1.181737	-1.089272	1.379436	-1.383097
TCGA-OL-A6VQ-01	-0.360642	0.302148	-0.341349	0.124345	-0.350996	0.213247
TCGA-OL-A6VR-01	-0.241565	0.152908	-0.359178	0.138037	-0.300372	0.145472
TCGA-OL-A97C-01	0.128151	-0.081726	0.318090	-0.304844	0.223121	-0.193285
TCGA-PE-A5DC-01	-0.144647	0.209504	-0.223305	0.073734	-0.183976	0.141619
TCGA-PE-A5DD-01	-0.404551	0.535350	-0.370616	0.212908	-0.387584	0.374129
TCGA-PE-A5DE-01	-0.338980	0.386139	-0.389078	0.150185	-0.364029	0.268162
TCGA-PL-A8LV-01	1.320148	-1.403710	0.608916	-0.687238	0.964532	-1.045474
TCGA-PL-A8LX-01	-0.729914	0.537495	-0.626081	0.216471	-0.677998	0.376983
TCGA-PL-A8LY-01	0.213387	-0.186286	-0.085149	-0.073280	0.064119	-0.129783
TCGA-PL-A8LZ-01	0.896263	-1.105872	0.502639	-0.717272	0.699451	-0.911572
TCGA-S3-A6ZF-01	-0.148609	0.178171	-0.238571	0.156417	-0.193590	0.167294
TCGA-S3-A6ZG-01	-0.265759	0.170946	-0.402426	0.119511	-0.334093	0.145228
TCGA-S3-A6ZH-01	-0.295037	0.362921	-0.249297	0.166769	-0.272167	0.264845
TCGA-S3-AA0Z-01	1.440460	-1.368372	1.164602	-1.108261	1.302531	-1.238316
TCGA-S3-AA10-01	1.691550	-1.859114	0.787828	-0.825850	1.239689	-1.342482
TCGA-S3-AA11-01	-0.288769	0.274557	-0.324818	0.106068	-0.306793	0.190313
TCGA-S3-AA12-01	-0.361316	0.380688	-0.309972	0.080547	-0.335644	0.230618
TCGA-S3-AA14-01	-0.164413	0.172655	-0.226359	0.045165	-0.195386	0.108910
TCGA-S3-AA15-01	0.674395	-0.735796	0.195031	-0.268436	0.434713	-0.502116
TCGA-S3-AA17-01	-0.150527	0.273797	-0.214529	0.048259	-0.182528	0.161028
TCGA-UL-AAZ6-01	0.398246	-0.579387	-0.144120	0.038582	0.127063	-0.270403
TCGA-UU-A93S-01	-0.027835	-0.262351	-0.172761	-0.121801	-0.100298	-0.192076
TCGA-V7-A7HQ-01	-0.188984	0.275042	-0.259120	-0.037530	-0.224052	0.118756
TCGA-W8-A86G-01	-0.262150	0.267976	-0.206506	0.073132	-0.234328	0.170554
TCGA-WT-AB41-01	-0.274729	0.349009	-0.309036	0.091849	-0.291883	0.220429
TCGA-WT-AB44-01	-0.285866	0.397884	-0.331116	0.188795	-0.308491	0.293340
TCGA-XX-A899-01	-0.200154	0.169611	-0.212698	0.028325	-0.206426	0.098968
TCGA-XX-A89A-01	-0.424819	0.308388	-0.480970	0.223616	-0.452894	0.266002
TCGA-Z7-A8R5-01	0.040025	0.089314	-0.170317	0.007325	-0.065146	0.048320
TCGA-Z7-A8R6-01	-0.248211	0.139724	-0.215541	-0.044522	-0.231876	0.047601
